customer_id,snapshot_date,tenure_months,contract_type,mrr_change_pct,support_tickets_30d,recency_days,frequency_trend_30d,engagement_breadth,payment_failures_90d,churn
C00000,2024-03-01,15,0,7.14,2,7,0.976,0.68,0,0
C00001,2024-01-19,5,0,4.85,1,10,0.914,0.792,0,0
C00002,2024-06-18,22,0,-1.62,2,1,0.887,0.749,1,0
C00003,2024-04-28,25,1,3.3,4,1,0.962,0.634,0,0
C00004,2024-05-26,2,0,-2.34,3,4,0.955,0.554,1,0
C00005,2024-04-10,4,0,1.98,1,6,0.89,0.743,0,0
C00006,2024-03-29,13,0,-2.49,3,29,0.802,0.744,1,1
C00007,2024-02-16,9,0,3.69,2,1,0.697,0.803,1,0
C00008,2024-02-10,12,0,-3.01,3,17,0.773,0.594,1,1
C00009,2024-06-20,6,0,13.18,2,3,0.586,0.644,0,0
C00010,2024-06-14,24,0,16.14,2,3,1.089,0.845,1,0
C00011,2024-04-11,22,0,6.99,0,3,1.005,0.649,0,0
C00012,2024-06-04,12,0,12.33,2,3,0.954,0.42,0,0
C00013,2024-05-20,30,0,-12.31,2,6,1.192,0.806,0,0
C00014,2024-05-14,17,1,-4.55,0,3,0.769,0.366,0,0
C00015,2024-04-19,6,0,-2.57,0,1,0.817,0.413,0,1
C00016,2024-03-07,16,0,0.33,1,3,0.615,0.772,0,0
C00017,2024-01-28,5,0,-1.59,1,6,1.226,0.83,0,0
C00018,2024-03-24,24,0,-13.14,1,1,1.146,0.745,0,0
C00019,2024-06-16,11,1,3.69,1,7,1.297,0.606,0,0
C00020,2024-01-20,10,0,17.23,3,12,1.336,0.782,0,0
C00021,2024-04-13,7,0,10.25,2,16,0.814,0.455,0,1
C00022,2024-03-27,32,0,8.68,2,6,0.792,0.716,1,0
C00023,2024-04-26,10,0,1.81,5,0,0.551,0.437,2,1
C00024,2024-05-08,8,0,-6.74,0,8,0.686,0.77,0,0
C00025,2024-04-03,9,1,0.23,3,10,0.869,0.662,0,0
C00026,2024-04-17,18,0,16.84,4,2,0.475,0.806,0,0
C00027,2024-05-18,16,0,-2.82,1,4,0.711,0.799,1,0
C00028,2024-02-06,16,0,-3.64,4,6,0.949,0.875,1,0
C00029,2024-06-18,17,0,8.86,4,22,1.113,0.935,0,0
C00030,2024-04-02,67,1,3.76,0,3,0.806,0.932,0,0
C00031,2024-02-29,8,0,-6.78,2,9,0.987,0.538,0,0
C00032,2024-06-09,8,0,-2.09,1,5,1.441,0.438,0,0
C00033,2024-06-02,6,0,-4.02,4,5,0.523,0.779,0,1
C00034,2024-01-31,19,0,0.56,0,14,1.201,0.442,0,0
C00035,2024-01-22,30,0,8.83,1,2,1.085,0.751,0,0
C00036,2024-06-01,11,0,-6.43,2,5,1.292,0.7,0,0
C00037,2024-03-17,6,0,8.72,1,4,1.222,0.717,1,0
C00038,2024-06-26,6,0,0.81,3,1,0.829,0.821,1,0
C00039,2024-06-10,20,0,18.61,5,13,0.935,0.578,0,0
C00040,2024-01-21,22,0,2.55,4,9,0.59,0.712,2,1
C00041,2024-04-14,18,0,-0.78,2,4,0.849,0.934,0,0
C00042,2024-04-09,7,0,4.6,2,3,0.992,0.784,0,0
C00043,2024-01-07,14,0,-2.7,2,4,1.056,0.797,1,0
C00044,2024-02-29,13,0,-14.36,1,8,1.157,0.614,0,0
C00045,2024-03-07,14,1,-0.77,2,4,1.376,1.0,0,0
C00046,2024-04-17,24,0,-2.05,6,2,0.881,0.522,0,1
C00047,2024-05-09,14,0,-12.74,3,2,1.276,0.992,1,0
C00048,2024-01-27,20,0,-0.58,2,4,1.047,0.365,0,0
C00049,2024-02-28,12,0,-16.54,2,1,0.668,0.449,2,1
C00050,2024-03-13,15,0,-2.78,4,6,0.932,0.607,0,0
C00051,2024-02-13,20,1,0.78,2,2,1.019,0.565,0,0
C00052,2024-06-03,3,0,0.78,3,1,0.786,0.815,0,1
C00053,2024-05-24,9,0,-3.29,3,79,0.345,0.981,0,1
C00054,2024-01-20,8,1,-0.27,3,25,0.606,0.919,0,0
C00055,2024-02-14,7,0,-6.27,1,5,0.839,0.859,0,0
C00056,2024-02-21,9,0,0.09,2,9,0.739,0.776,1,1
C00057,2024-02-06,40,0,0.46,2,11,1.253,0.686,0,0
C00058,2024-01-28,6,0,-7.2,0,4,0.367,0.737,0,0
C00059,2024-05-04,26,0,2.14,3,5,1.003,0.585,1,0
C00060,2024-06-02,3,0,2.09,2,3,1.117,0.815,0,0
C00061,2024-05-04,9,0,-1.33,4,13,0.694,0.491,1,0
C00062,2024-05-05,13,0,19.37,4,14,0.872,0.413,0,1
C00063,2024-01-01,19,0,-1.13,5,18,0.824,0.71,0,0
C00064,2024-01-17,21,1,-0.89,1,5,0.956,0.702,0,0
C00065,2024-04-11,22,0,-3.38,1,31,1.011,0.508,0,1
C00066,2024-04-25,9,0,-7.77,2,4,1.123,0.937,1,0
C00067,2024-01-12,8,0,5.49,2,28,0.71,0.33,0,0
C00068,2024-05-11,24,0,-5.49,2,2,0.614,0.711,0,0
C00069,2024-06-12,10,0,-4.54,2,1,1.036,0.727,0,0
C00070,2024-04-26,4,0,-4.31,3,27,0.701,0.518,1,1
C00071,2024-05-12,4,0,-7.88,6,8,0.828,0.546,0,1
C00072,2024-05-14,5,0,-14.01,4,7,1.021,0.819,0,0
C00073,2024-05-12,18,0,-3.7,1,3,0.876,0.444,1,0
C00074,2024-04-05,13,0,6.99,3,2,1.067,0.462,1,1
C00075,2024-05-13,21,0,1.58,2,2,1.618,0.377,1,1
C00076,2024-01-01,8,0,12.48,2,5,1.146,0.633,1,0
C00077,2024-02-03,13,0,6.01,3,3,1.321,0.794,0,0
C00078,2024-03-26,20,0,4.19,4,0,1.128,0.774,0,0
C00079,2024-01-20,9,0,15.06,4,20,0.919,0.857,1,0
C00080,2024-03-22,17,0,-0.78,2,3,1.117,0.88,0,0
C00081,2024-03-21,7,0,0.5,3,13,1.054,0.332,1,0
C00082,2024-03-27,9,0,-0.09,1,2,1.206,0.729,2,0
C00083,2024-05-05,8,0,12.35,0,5,0.99,0.893,0,0
C00084,2024-03-04,4,0,0.02,1,10,0.623,0.937,0,0
C00085,2024-06-27,17,1,-2.07,1,9,0.588,0.185,0,0
C00086,2024-01-08,8,0,4.7,1,3,1.1,0.684,1,0
C00087,2024-02-20,12,1,-2.61,0,7,0.683,0.564,0,0
C00088,2024-06-06,17,0,4.27,0,8,1.132,0.719,0,0
C00089,2024-06-12,17,0,3.31,1,3,1.32,0.452,0,0
C00090,2024-06-09,20,0,-1.52,1,1,0.94,0.709,0,0
C00091,2024-01-14,11,0,4.53,2,2,1.293,0.85,1,0
C00092,2024-03-26,8,0,-11.9,2,3,1.05,0.606,0,0
C00093,2024-02-24,11,1,0.52,6,4,0.986,0.675,0,0
C00094,2024-01-14,3,0,-3.7,3,18,0.928,0.482,0,1
C00095,2024-03-14,3,0,22.9,3,10,0.742,0.419,0,1
C00096,2024-01-06,4,0,1.25,1,2,0.75,0.662,0,0
C00097,2024-03-04,5,0,-4.77,2,23,0.474,0.615,1,1
C00098,2024-04-14,16,1,-4.41,1,4,0.797,0.593,0,0
C00099,2024-05-30,5,0,10.44,2,8,1.495,0.859,1,0
C00100,2024-01-17,9,0,-2.8,2,1,0.622,0.788,0,0
C00101,2024-03-19,34,1,-2.53,6,2,0.696,0.864,0,0
C00102,2024-03-15,9,1,1.08,0,11,0.744,0.526,0,0
C00103,2024-05-18,21,0,5.2,2,2,0.8,0.927,1,0
C00104,2024-02-15,5,0,5.07,3,4,1.047,0.553,0,0
C00105,2024-06-08,10,1,0.06,2,6,0.817,0.74,0,0
C00106,2024-02-18,5,0,1.27,4,1,0.945,0.822,0,0
C00107,2024-04-01,9,0,1.86,0,0,0.788,0.413,0,0
C00108,2024-05-26,23,0,2.69,2,10,0.831,0.478,0,1
C00109,2024-03-10,3,1,1.36,1,58,0.695,0.47,0,1
C00110,2024-05-15,17,1,3.5,2,6,0.936,0.771,0,0
C00111,2024-01-01,14,0,0.45,3,8,1.455,0.988,0,0
C00112,2024-06-22,7,0,-6.53,5,2,0.983,0.379,0,0
C00113,2024-05-11,3,0,-1.15,2,16,0.868,0.649,0,0
C00114,2024-01-27,12,0,6.03,3,3,0.361,0.41,0,0
C00115,2024-06-22,7,1,-5.72,3,12,1.0,0.758,0,0
C00116,2024-06-03,14,0,-14.25,2,7,0.471,0.716,2,0
C00117,2024-02-12,12,0,7.35,1,7,1.103,0.77,0,0
C00118,2024-03-06,43,1,4.86,2,7,1.001,0.766,0,0
C00119,2024-06-17,10,0,-10.12,3,7,1.164,0.352,0,0
C00120,2024-03-07,5,1,0.32,4,5,0.816,0.52,0,0
C00121,2024-06-25,14,0,-3.2,0,10,0.957,0.513,0,0
C00122,2024-02-19,14,1,-0.83,2,2,1.159,0.843,0,0
C00123,2024-04-29,36,0,2.44,3,3,0.753,0.369,0,0
C00124,2024-02-06,23,0,-10.34,0,16,1.073,0.991,0,0
C00125,2024-04-24,16,0,-8.86,4,5,1.116,0.64,1,0
C00126,2024-05-28,39,0,-2.41,0,3,0.951,0.692,1,0
C00127,2024-05-31,4,0,-1.16,4,11,1.34,0.611,0,0
C00128,2024-03-15,7,0,-9.01,0,9,1.084,0.489,2,0
C00129,2024-06-24,5,0,6.32,3,1,0.576,0.819,2,0
C00130,2024-03-17,8,0,-3.34,2,8,1.207,0.892,0,0
C00131,2024-04-22,4,0,-3.37,3,5,0.81,0.607,0,0
C00132,2024-06-07,20,0,2.26,2,8,1.159,0.793,0,0
C00133,2024-01-05,10,0,-1.03,0,4,1.054,0.457,0,0
C00134,2024-05-05,3,0,6.7,1,6,0.31,0.237,0,0
C00135,2024-05-16,5,0,-7.47,4,0,1.151,0.284,1,1
C00136,2024-03-16,15,0,-11.18,1,2,0.935,0.541,2,0
C00137,2024-02-23,23,0,-2.48,1,8,0.845,0.549,1,1
C00138,2024-05-11,60,0,0.48,2,47,0.659,0.881,0,1
C00139,2024-04-01,120,0,-9.93,0,6,1.167,0.766,1,0
C00140,2024-01-22,16,0,-11.1,2,2,0.76,0.906,0,0
C00141,2024-04-22,5,0,1.46,1,5,1.253,0.376,0,0
C00142,2024-06-20,2,1,-2.42,1,2,0.61,0.787,0,0
C00143,2024-03-07,15,0,-11.62,2,13,1.009,0.694,0,0
C00144,2024-05-21,6,1,3.09,3,4,1.173,0.713,0,0
C00145,2024-01-22,8,0,-5.05,3,11,1.132,0.205,1,0
C00146,2024-01-10,7,1,3.68,3,3,1.031,0.755,0,0
C00147,2024-04-07,10,1,0.09,1,12,0.888,0.762,0,0
C00148,2024-02-15,28,1,0.94,3,1,0.858,0.787,0,0
C00149,2024-03-26,13,0,-1.69,0,4,0.674,0.764,0,0
C00150,2024-03-10,10,0,-21.24,1,7,0.794,0.649,0,0
C00151,2024-06-24,5,0,-9.09,1,3,0.745,0.926,0,0
C00152,2024-03-05,3,0,-1.01,6,6,0.689,0.443,1,1
C00153,2024-01-15,8,0,2.92,2,6,1.421,0.251,1,0
C00154,2024-02-13,11,1,-5.73,2,11,0.515,0.894,0,1
C00155,2024-06-05,50,0,-0.43,0,7,1.246,0.494,0,0
C00156,2024-03-28,13,0,-8.98,1,6,0.661,0.771,0,1
C00157,2024-03-29,26,0,1.88,3,9,0.699,0.985,0,0
C00158,2024-05-28,8,0,-0.16,5,1,0.735,0.411,0,0
C00159,2024-02-07,4,0,5.95,3,2,0.712,0.571,0,0
C00160,2024-05-30,5,0,8.53,3,1,1.226,0.833,2,0
C00161,2024-02-23,6,0,3.67,2,7,1.112,0.877,1,0
C00162,2024-05-18,66,1,2.75,1,6,0.912,0.674,0,0
C00163,2024-01-02,6,0,-2.8,4,15,1.602,0.552,3,0
C00164,2024-03-11,23,0,22.58,2,6,0.966,0.695,1,0
C00165,2024-04-07,5,0,-9.75,1,2,1.005,0.914,0,0
C00166,2024-03-30,25,1,-1.69,1,5,0.804,0.546,0,0
C00167,2024-06-15,16,1,2.88,3,0,0.799,0.787,0,0
C00168,2024-03-02,10,0,6.02,1,3,0.852,0.641,0,0
C00169,2024-05-15,11,0,3.9,4,0,1.213,0.666,0,0
C00170,2024-06-10,7,0,5.4,2,6,1.113,0.48,0,0
C00171,2024-02-22,17,0,-16.67,5,3,1.308,0.803,1,0
C00172,2024-05-13,8,0,12.71,2,3,0.806,0.67,0,1
C00173,2024-03-04,4,0,-1.63,3,1,1.142,0.727,3,1
C00174,2024-03-21,4,0,9.97,2,2,1.066,0.477,0,1
C00175,2024-02-23,13,0,-16.27,0,8,1.069,0.374,0,0
C00176,2024-03-01,43,0,2.05,1,1,0.779,0.749,1,0
C00177,2024-01-23,13,1,-1.8,2,7,0.705,0.892,0,0
C00178,2024-05-18,11,0,4.58,1,2,1.125,0.959,0,0
C00179,2024-01-29,15,0,2.54,0,0,1.218,0.606,1,0
C00180,2024-05-12,34,0,2.93,2,13,0.78,0.179,0,1
C00181,2024-05-08,14,1,-3.39,3,14,1.082,0.636,0,0
C00182,2024-06-07,8,0,-0.46,2,2,1.29,0.979,1,0
C00183,2024-04-14,29,0,-1.44,2,2,0.9,0.656,2,0
C00184,2024-01-27,17,0,3.96,2,3,0.625,0.688,0,0
C00185,2024-02-21,41,0,7.91,5,2,0.662,0.606,0,0
C00186,2024-05-20,14,1,0.48,2,2,0.821,0.388,0,0
C00187,2024-02-17,4,0,-10.21,3,6,0.858,0.162,0,1
C00188,2024-05-25,4,0,0.86,1,28,0.851,0.297,1,0
C00189,2024-05-10,45,1,8.36,1,3,0.981,0.994,0,0
C00190,2024-04-23,48,0,13.17,2,11,0.877,1.0,1,0
C00191,2024-01-18,10,0,-23.8,1,6,1.14,0.599,0,1
C00192,2024-04-10,8,0,0.51,2,0,0.81,0.429,1,0
C00193,2024-02-09,39,0,7.46,2,4,1.296,0.834,0,0
C00194,2024-06-27,5,0,-1.46,2,3,1.22,0.449,2,1
C00195,2024-03-04,5,1,-1.47,3,16,1.137,0.832,0,0
C00196,2024-03-19,20,1,-0.85,3,17,0.75,0.799,0,0
C00197,2024-06-06,8,1,1.77,3,6,0.941,0.161,0,0
C00198,2024-01-06,12,0,-9.19,3,13,1.116,0.818,0,1
C00199,2024-05-27,10,0,9.51,1,3,0.935,0.683,0,0
C00200,2024-02-21,15,0,-0.45,4,12,0.765,0.67,1,1
C00201,2024-01-15,37,1,-2.99,3,4,0.795,0.526,1,0
C00202,2024-02-04,13,0,8.99,1,12,0.767,0.428,0,0
C00203,2024-04-10,20,0,-12.36,3,13,0.645,0.826,0,1
C00204,2024-02-10,2,0,-4.44,2,8,1.678,0.551,0,0
C00205,2024-05-30,11,0,-4.57,2,2,0.502,0.956,0,0
C00206,2024-01-14,6,1,6.86,5,3,0.74,0.709,0,0
C00207,2024-04-08,4,0,-5.48,1,8,1.109,0.297,0,0
C00208,2024-01-06,6,0,-17.24,0,10,0.78,0.871,1,1
C00209,2024-03-24,9,0,-4.65,1,5,0.887,0.86,0,0
C00210,2024-05-12,25,0,3.64,1,3,1.084,0.705,0,0
C00211,2024-06-09,4,0,6.27,2,5,1.233,0.643,1,0
C00212,2024-06-01,12,1,7.28,2,3,0.917,0.648,0,0
C00213,2024-05-12,8,0,11.26,0,3,1.216,0.484,3,1
C00214,2024-06-03,9,0,1.5,2,26,0.446,0.681,1,1
C00215,2024-04-01,27,0,-7.13,2,2,0.839,0.519,1,0
C00216,2024-06-09,18,0,12.99,4,7,1.089,0.793,0,0
C00217,2024-02-01,35,0,-2.95,2,5,1.468,0.827,0,0
C00218,2024-03-23,10,0,-5.27,2,1,0.754,0.538,0,1
C00219,2024-02-02,6,1,-1.33,6,1,0.71,0.533,0,0
C00220,2024-01-27,10,0,-10.02,0,4,1.065,0.799,0,0
C00221,2024-02-12,14,0,-3.72,1,0,1.013,0.835,2,0
C00222,2024-05-12,14,0,-1.86,3,23,0.705,0.592,0,1
C00223,2024-04-15,5,0,5.85,2,3,0.681,0.538,1,0
C00224,2024-04-11,13,0,-3.1,1,3,0.857,0.942,0,0
C00225,2024-04-08,14,1,-4.06,4,13,1.065,0.771,0,0
C00226,2024-03-18,91,1,-5.13,0,3,0.902,0.873,0,0
C00227,2024-04-23,54,1,0.67,0,8,1.253,0.677,0,0
C00228,2024-01-31,6,0,0.58,1,2,0.956,0.796,1,0
C00229,2024-02-05,9,0,-4.43,7,4,1.13,0.821,1,0
C00230,2024-02-24,3,0,-3.74,1,10,1.02,0.803,1,1
C00231,2024-04-03,7,0,3.11,3,2,0.889,0.766,0,0
C00232,2024-04-24,15,1,4.45,2,7,1.173,0.947,0,0
C00233,2024-04-19,31,0,-6.24,1,0,0.696,0.729,2,1
C00234,2024-01-25,6,0,0.71,2,13,0.797,0.406,0,1
C00235,2024-06-03,7,0,7.67,2,2,0.887,0.364,0,0
C00236,2024-05-11,2,1,-2.48,0,4,1.075,0.457,0,0
C00237,2024-02-19,10,0,-0.13,2,4,1.138,0.846,0,0
C00238,2024-01-29,5,0,-0.3,2,1,0.791,0.705,0,0
C00239,2024-02-20,7,0,-10.49,5,1,0.756,0.951,0,0
C00240,2024-06-24,6,1,0.54,7,7,0.985,0.807,0,0
C00241,2024-06-27,11,0,0.25,0,7,0.581,0.811,0,0
C00242,2024-03-16,2,0,4.44,2,2,1.242,0.74,0,0
C00243,2024-01-12,3,1,-3.8,2,7,0.909,0.843,0,0
C00244,2024-03-03,66,0,0.08,1,7,0.673,0.504,0,0
C00245,2024-03-28,4,0,11.05,4,3,0.688,0.979,1,0
C00246,2024-06-22,5,0,16.62,3,1,1.073,0.382,0,0
C00247,2024-06-16,52,0,10.24,1,4,1.052,0.97,0,0
C00248,2024-05-05,120,1,-3.77,0,6,0.778,1.0,0,0
C00249,2024-04-08,4,0,3.61,2,4,0.952,0.823,0,0
C00250,2024-04-01,9,0,-3.87,1,2,0.708,0.468,1,0
C00251,2024-04-14,16,1,0.91,3,6,0.905,0.524,0,0
C00252,2024-01-18,48,0,-6.18,0,13,1.304,0.73,1,0
C00253,2024-02-18,5,0,-13.71,3,2,1.523,0.598,0,0
C00254,2024-04-14,10,1,-1.1,1,3,0.932,0.923,0,0
C00255,2024-05-12,22,0,5.78,2,52,0.848,0.326,0,1
C00256,2024-03-17,17,0,2.3,0,5,1.073,0.378,1,0
C00257,2024-06-22,9,0,3.22,3,1,0.565,0.639,0,1
C00258,2024-05-14,10,0,1.73,1,2,0.703,0.569,0,0
C00259,2024-03-24,4,0,3.24,1,2,0.411,0.878,2,1
C00260,2024-06-25,10,0,4.24,2,6,1.082,0.54,0,0
C00261,2024-06-04,9,1,-0.88,1,5,1.461,0.75,0,0
C00262,2024-04-02,14,0,0.66,4,2,1.256,0.848,2,0
C00263,2024-01-07,7,0,13.95,4,23,0.896,0.694,1,1
C00264,2024-04-15,17,0,1.14,3,4,0.956,0.949,0,1
C00265,2024-05-31,27,0,0.34,5,2,0.902,0.687,0,0
C00266,2024-06-10,13,0,0.82,1,1,1.26,0.889,1,0
C00267,2024-06-21,16,0,-1.74,1,2,1.044,0.796,0,0
C00268,2024-01-14,12,1,-1.39,5,1,1.011,0.942,0,0
C00269,2024-06-02,12,0,1.67,3,3,0.709,0.436,0,0
C00270,2024-03-13,6,0,-4.05,1,2,1.14,0.986,0,1
C00271,2024-01-16,15,0,-1.16,4,9,0.918,0.335,1,0
C00272,2024-03-19,11,0,-6.32,3,2,1.089,0.805,0,1
C00273,2024-04-24,65,1,0.35,1,9,1.205,0.637,0,0
C00274,2024-04-20,42,1,1.87,1,6,0.561,0.804,0,0
C00275,2024-01-14,16,0,-1.7,2,8,0.886,0.63,0,0
C00276,2024-01-20,6,0,-16.07,2,10,0.84,0.572,0,0
C00277,2024-01-13,5,0,4.72,7,26,0.738,0.93,1,0
C00278,2024-01-14,31,1,0.38,3,2,0.711,0.951,0,0
C00279,2024-01-14,15,0,-7.95,1,9,0.773,0.296,0,0
C00280,2024-02-04,17,0,6.19,3,6,0.695,0.634,0,1
C00281,2024-01-26,3,0,-11.19,2,11,1.151,0.643,0,1
C00282,2024-05-16,25,0,8.36,1,4,1.074,0.639,0,0
C00283,2024-04-06,17,0,-0.46,4,12,1.017,0.568,0,0
C00284,2024-04-12,5,0,-18.15,7,1,0.513,0.94,0,1
C00285,2024-05-14,8,0,1.43,1,1,1.482,0.682,0,0
C00286,2024-04-17,15,0,-3.25,2,2,0.888,0.887,1,0
C00287,2024-01-30,12,0,-4.45,1,4,1.416,0.489,0,0
C00288,2024-06-09,9,1,-2.36,2,4,1.167,0.171,0,0
C00289,2024-01-02,11,0,-1.02,5,2,0.932,0.898,0,0
C00290,2024-02-24,9,0,-3.88,2,1,1.506,0.862,0,0
C00291,2024-03-17,13,0,-14.85,6,2,1.132,0.805,0,0
C00292,2024-02-08,39,0,10.18,0,0,0.943,0.779,0,0
C00293,2024-03-17,1,1,-0.78,2,3,0.887,0.849,0,0
C00294,2024-01-31,10,0,-5.86,2,4,1.238,0.817,0,0
C00295,2024-03-19,14,0,-9.03,1,6,0.836,0.718,0,0
C00296,2024-01-21,15,1,2.47,0,5,0.88,0.575,0,0
C00297,2024-04-10,9,1,-4.15,3,22,0.741,0.383,0,1
C00298,2024-04-10,2,0,1.07,3,9,0.766,0.473,0,0
C00299,2024-06-23,15,0,-4.67,0,8,0.786,0.352,0,0
C00300,2024-01-31,48,0,-4.2,3,6,1.413,0.542,0,0
C00301,2024-02-20,3,0,-8.83,0,7,1.217,0.472,0,0
C00302,2024-04-22,24,0,-4.96,0,3,1.044,0.627,0,0
C00303,2024-04-12,9,0,0.07,0,4,0.843,0.713,0,0
C00304,2024-04-17,11,0,1.88,2,25,0.737,0.828,0,0
C00305,2024-05-31,5,0,-6.28,0,4,0.888,0.995,0,0
C00306,2024-03-29,9,0,-0.73,0,1,1.442,0.382,1,0
C00307,2024-03-19,34,0,7.11,2,8,1.033,0.553,0,0
C00308,2024-03-02,19,0,-13.3,3,9,1.142,0.545,0,0
C00309,2024-01-03,48,1,-0.02,0,5,1.025,0.546,0,0
C00310,2024-03-12,31,1,-3.04,3,0,0.779,0.798,1,0
C00311,2024-03-04,17,0,-8.42,1,14,0.956,0.621,1,0
C00312,2024-05-10,49,1,0.84,2,5,0.706,0.734,0,0
C00313,2024-05-06,17,0,-4.36,1,3,1.284,0.906,1,0
C00314,2024-02-18,23,0,-9.73,1,13,0.748,0.728,1,0
C00315,2024-02-03,9,0,10.59,7,0,0.857,0.526,1,1
C00316,2024-05-01,12,0,7.36,1,4,1.183,0.641,0,0
C00317,2024-04-29,6,0,-15.46,2,2,0.815,0.265,0,1
C00318,2024-02-21,26,0,-11.8,4,17,0.86,0.542,1,0
C00319,2024-01-10,4,0,4.75,1,5,0.316,0.736,1,0
C00320,2024-03-28,22,1,-0.91,2,2,0.909,0.462,0,0
C00321,2024-04-30,10,0,12.0,2,12,1.089,0.089,0,0
C00322,2024-02-06,31,1,1.97,1,0,0.843,0.468,1,0
C00323,2024-03-31,22,1,0.96,1,7,1.105,0.622,0,0
C00324,2024-06-13,52,1,-3.27,0,1,0.991,0.428,0,0
C00325,2024-05-06,21,0,3.93,4,2,1.262,0.871,0,0
C00326,2024-06-02,3,0,-10.21,4,3,0.801,0.827,0,0
C00327,2024-01-06,11,1,4.18,3,10,0.89,0.594,0,0
C00328,2024-06-17,4,0,3.38,4,32,0.473,0.813,0,1
C00329,2024-06-20,8,0,-6.6,3,0,0.977,0.66,2,0
C00330,2024-04-28,40,0,6.44,1,6,0.865,0.751,0,0
C00331,2024-04-14,20,1,7.17,1,32,1.08,0.647,0,0
C00332,2024-01-31,6,0,-1.74,1,2,0.834,0.727,0,0
C00333,2024-04-30,5,0,4.4,5,2,0.884,0.838,0,0
C00334,2024-04-23,12,0,-3.45,0,5,0.806,0.467,0,0
C00335,2024-05-26,4,0,0.68,5,9,0.962,0.771,1,1
C00336,2024-02-04,7,0,-12.06,5,8,1.457,0.515,0,0
C00337,2024-01-09,15,1,-0.0,3,3,0.111,0.713,0,0
C00338,2024-03-25,30,1,0.14,3,2,0.978,0.764,0,0
C00339,2024-01-29,19,1,5.76,3,14,1.224,0.947,0,0
C00340,2024-06-06,1,1,-5.74,2,2,0.861,0.64,1,1
C00341,2024-01-29,15,0,-2.25,2,0,1.132,0.473,0,0
C00342,2024-02-03,12,0,10.3,2,1,1.289,0.454,1,0
C00343,2024-01-29,16,0,-1.93,5,2,0.921,0.698,1,0
C00344,2024-06-07,44,1,-0.55,3,17,0.752,1.0,0,0
C00345,2024-01-16,2,0,-6.67,3,1,1.229,0.874,1,1
C00346,2024-03-27,7,0,-7.46,2,17,1.039,0.34,1,1
C00347,2024-06-14,19,1,-5.84,2,14,0.914,0.782,0,0
C00348,2024-02-26,3,0,-5.03,6,5,1.128,0.855,0,0
C00349,2024-03-03,39,1,-3.17,0,0,1.24,0.951,0,0
C00350,2024-05-01,16,0,0.94,4,1,0.982,0.679,0,0
C00351,2024-01-21,23,0,-6.3,2,2,1.066,0.822,0,0
C00352,2024-04-11,7,0,-3.84,4,21,1.026,0.597,3,1
C00353,2024-05-08,23,0,-3.62,1,2,0.875,0.407,0,1
C00354,2024-03-14,28,0,-0.39,0,2,1.287,0.985,0,0
C00355,2024-03-06,14,1,-1.69,2,5,0.717,0.62,0,0
C00356,2024-01-28,14,0,-8.49,2,1,0.962,0.511,0,0
C00357,2024-02-06,15,0,0.69,3,4,1.172,0.755,0,0
C00358,2024-02-23,6,1,3.42,2,2,0.726,0.706,0,0
C00359,2024-06-16,10,0,1.03,4,50,0.968,0.674,0,1
C00360,2024-01-28,10,0,-4.88,0,1,1.043,0.674,1,0
C00361,2024-06-01,16,1,-0.39,2,25,1.206,0.755,1,0
C00362,2024-02-29,27,0,-16.41,0,1,1.148,0.855,1,0
C00363,2024-04-16,5,0,-1.12,4,5,0.934,0.725,0,0
C00364,2024-05-22,11,0,-3.2,3,7,1.023,0.636,0,0
C00365,2024-03-30,39,1,-2.99,1,5,1.042,0.716,0,0
C00366,2024-06-22,6,0,-6.02,2,4,1.486,0.673,0,0
C00367,2024-01-19,6,0,-3.28,2,9,0.976,0.186,1,1
C00368,2024-04-26,14,0,7.94,5,6,0.936,0.218,0,0
C00369,2024-03-27,23,0,8.74,0,3,0.936,0.712,2,1
C00370,2024-04-03,12,0,-7.43,3,2,1.037,0.435,0,0
C00371,2024-03-15,35,1,-1.66,2,3,0.701,0.569,0,0
C00372,2024-05-31,24,0,-3.94,0,3,0.889,1.0,1,0
C00373,2024-03-31,23,0,6.48,4,3,0.732,0.31,0,0
C00374,2024-05-31,18,0,1.16,5,4,0.76,0.745,0,1
C00375,2024-03-13,78,0,0.74,0,1,1.196,0.481,0,0
C00376,2024-01-08,10,0,4.29,2,1,1.002,0.836,0,0
C00377,2024-04-05,2,0,-4.77,2,9,0.77,0.761,0,1
C00378,2024-06-28,43,0,10.91,1,0,0.962,0.699,0,0
C00379,2024-04-12,8,0,-0.01,2,13,0.873,0.809,1,1
C00380,2024-06-19,13,1,-2.74,2,2,1.003,0.434,1,0
C00381,2024-01-16,34,0,-1.84,3,20,0.523,0.553,0,0
C00382,2024-04-30,3,0,9.86,3,13,0.662,0.903,0,1
C00383,2024-02-07,4,0,-3.4,6,3,0.625,0.505,0,1
C00384,2024-01-10,3,0,7.6,0,3,0.76,0.076,1,1
C00385,2024-03-23,6,0,-5.0,1,18,0.729,0.375,2,1
C00386,2024-04-27,17,1,-2.45,3,14,0.671,0.584,0,0
C00387,2024-06-11,18,0,5.28,4,10,1.141,0.197,2,1
C00388,2024-04-09,15,0,-6.99,1,12,1.4,0.342,1,0
C00389,2024-06-18,3,0,6.58,2,1,1.201,0.939,2,1
C00390,2024-04-14,1,0,2.81,1,5,0.834,0.57,0,0
C00391,2024-04-12,12,0,-6.99,2,2,1.043,0.95,0,0
C00392,2024-02-06,8,0,-0.57,0,1,0.978,0.731,0,0
C00393,2024-04-13,17,0,-4.39,1,5,0.823,0.61,0,0
C00394,2024-06-25,21,0,2.79,1,3,1.316,0.317,0,0
C00395,2024-04-05,13,1,6.04,2,3,1.487,0.427,0,0
C00396,2024-04-22,22,0,-2.97,7,2,0.622,0.792,0,0
C00397,2024-02-22,14,1,1.71,2,1,1.355,0.774,0,0
C00398,2024-06-13,18,0,0.2,1,20,0.752,0.633,0,1
C00399,2024-03-23,6,0,0.19,1,5,0.909,0.663,2,1
C00400,2024-03-11,10,1,-0.53,1,1,1.066,0.868,0,0
C00401,2024-04-12,14,0,-6.86,1,5,1.362,0.451,1,0
C00402,2024-05-02,23,0,2.68,1,17,0.985,0.693,0,0
C00403,2024-06-04,8,0,-2.31,1,10,1.053,0.91,1,0
C00404,2024-04-08,18,0,-7.24,2,2,1.203,0.75,1,0
C00405,2024-03-03,9,1,3.25,3,2,1.243,0.334,0,0
C00406,2024-02-25,11,0,0.79,5,1,1.123,0.414,0,0
C00407,2024-02-07,23,1,-0.73,0,2,1.244,0.641,0,0
C00408,2024-02-18,2,0,10.72,4,2,0.841,0.67,0,0
C00409,2024-01-27,4,0,-14.69,2,1,0.561,0.78,0,0
C00410,2024-05-19,3,0,10.18,2,3,1.441,0.65,0,0
C00411,2024-02-27,1,1,-2.82,3,6,0.711,0.444,0,0
C00412,2024-06-23,7,0,1.69,3,3,0.852,0.265,0,0
C00413,2024-03-31,22,1,-1.88,0,5,0.892,0.463,1,0
C00414,2024-01-19,9,0,-7.38,0,19,0.779,0.293,0,0
C00415,2024-06-26,14,0,10.51,6,23,0.703,0.598,0,0
C00416,2024-04-30,29,0,14.85,0,4,1.096,0.807,2,0
C00417,2024-02-05,35,0,-1.77,4,9,1.074,0.881,1,0
C00418,2024-05-16,11,1,1.07,2,3,1.14,0.729,0,0
C00419,2024-01-09,35,0,0.46,1,2,1.129,0.52,1,0
C00420,2024-01-16,13,0,13.84,0,1,0.891,0.691,0,0
C00421,2024-02-18,6,0,-16.91,3,4,0.875,0.549,1,1
C00422,2024-05-05,7,0,3.02,0,11,1.225,0.886,0,0
C00423,2024-04-19,3,0,-5.82,2,1,0.865,0.277,0,0
C00424,2024-02-27,5,1,-7.54,4,3,0.85,0.522,1,0
C00425,2024-06-20,9,0,-2.88,1,3,1.217,0.862,0,0
C00426,2024-05-11,23,0,14.78,3,5,0.97,0.992,1,0
C00427,2024-05-01,48,1,-2.1,0,5,0.849,1.0,0,0
C00428,2024-01-08,4,0,6.33,2,7,0.841,0.688,1,0
C00429,2024-05-21,16,0,9.59,1,24,1.161,0.554,0,0
C00430,2024-01-25,5,0,-0.1,1,2,1.137,0.394,1,0
C00431,2024-04-21,17,0,0.96,3,1,1.054,0.784,1,0
C00432,2024-02-19,10,0,-13.73,3,5,0.683,0.744,1,0
C00433,2024-06-22,2,1,-2.29,2,16,0.98,0.817,0,0
C00434,2024-06-23,25,1,2.9,1,1,0.942,0.8,0,0
C00435,2024-04-15,7,1,0.19,0,6,0.742,0.361,0,0
C00436,2024-03-30,7,0,2.94,2,3,0.835,0.808,0,0
C00437,2024-05-02,5,0,1.07,5,9,1.129,0.644,0,1
C00438,2024-06-07,7,0,17.54,2,7,1.276,0.994,1,0
C00439,2024-06-26,17,0,-3.44,0,4,0.716,0.699,1,0
C00440,2024-06-15,10,0,12.84,2,6,0.737,0.507,0,0
C00441,2024-04-10,15,0,1.07,1,2,1.164,0.925,0,0
C00442,2024-01-21,16,1,5.42,4,9,0.853,0.487,0,0
C00443,2024-02-12,35,1,-3.92,2,15,1.063,0.781,0,0
C00444,2024-03-09,9,0,1.48,2,4,0.874,0.657,0,0
C00445,2024-06-19,3,0,-3.15,4,3,1.129,0.76,0,1
C00446,2024-03-02,28,0,1.12,2,3,0.642,1.0,1,0
C00447,2024-04-09,9,0,9.78,1,9,1.092,0.599,0,0
C00448,2024-05-13,29,1,1.21,2,4,0.455,0.411,1,0
C00449,2024-05-25,16,1,3.91,0,1,1.226,0.408,0,0
C00450,2024-02-12,10,0,-5.36,2,10,0.941,0.718,0,1
C00451,2024-03-13,16,0,-6.58,3,1,1.105,0.273,1,1
C00452,2024-06-09,58,0,0.13,2,6,1.029,0.935,0,0
C00453,2024-06-21,64,0,-0.31,0,0,0.574,0.498,0,0
C00454,2024-04-14,12,0,-1.49,2,4,1.322,0.549,0,0
C00455,2024-05-21,13,0,-7.67,1,4,1.064,0.923,0,0
C00456,2024-04-01,28,0,9.59,2,0,1.189,0.918,1,0
C00457,2024-04-24,6,0,-2.9,2,6,0.77,0.749,0,0
C00458,2024-06-26,15,0,11.41,3,1,1.055,0.515,0,0
C00459,2024-05-17,11,0,0.1,1,4,0.653,0.421,0,0
C00460,2024-05-18,15,0,5.19,2,3,1.022,0.437,0,0
C00461,2024-05-27,6,1,1.78,4,1,0.76,0.481,0,1
C00462,2024-01-03,3,0,-6.59,3,1,2.0,0.338,0,0
C00463,2024-06-02,2,0,2.94,0,1,1.146,0.803,1,0
C00464,2024-04-19,4,0,15.43,1,10,1.283,0.649,2,0
C00465,2024-04-09,8,0,2.01,2,9,0.893,0.697,0,0
C00466,2024-06-18,9,0,7.21,1,32,0.94,0.936,1,1
C00467,2024-05-06,57,0,5.55,0,2,1.216,0.823,1,0
C00468,2024-04-15,29,0,2.46,0,2,0.722,0.945,1,0
C00469,2024-06-23,5,1,0.6,3,5,0.807,0.468,0,0
C00470,2024-04-12,16,0,4.38,1,3,1.228,1.0,1,0
C00471,2024-04-13,8,0,6.11,3,2,0.935,0.645,2,1
C00472,2024-01-20,9,1,-4.33,1,4,0.793,0.602,0,0
C00473,2024-01-02,14,0,1.98,2,8,0.802,0.867,1,0
C00474,2024-03-10,19,0,-1.47,2,0,0.694,0.349,1,0
C00475,2024-01-03,9,1,-1.25,2,2,0.5,0.979,0,0
C00476,2024-04-12,28,0,10.37,3,1,0.571,0.83,0,0
C00477,2024-05-18,4,0,-5.87,0,3,0.996,0.399,1,0
C00478,2024-02-29,12,0,-11.16,1,6,1.138,0.774,0,0
C00479,2024-01-09,97,1,2.55,0,12,1.57,0.931,0,0
C00480,2024-06-07,14,1,-4.55,1,3,0.975,0.676,0,0
C00481,2024-05-02,38,0,-15.42,3,4,0.66,0.756,0,0
C00482,2024-01-16,13,0,7.27,2,0,0.993,0.785,1,0
C00483,2024-06-09,19,0,1.27,4,2,1.166,0.574,1,0
C00484,2024-03-22,11,0,3.78,0,5,1.233,0.768,0,0
C00485,2024-04-10,10,0,-3.54,4,1,1.228,0.164,0,0
C00486,2024-05-25,6,0,-11.08,5,13,1.078,0.633,1,1
C00487,2024-02-11,17,1,-3.79,5,7,0.989,0.926,0,0
C00488,2024-02-04,6,0,-2.18,5,1,1.179,0.308,1,0
C00489,2024-06-16,20,1,-4.07,6,1,0.699,0.889,1,1
C00490,2024-01-20,29,0,2.46,1,2,0.488,0.985,0,0
C00491,2024-04-01,16,0,-3.7,2,1,1.518,0.572,0,0
C00492,2024-02-16,9,0,1.48,2,1,0.983,0.666,0,0
C00493,2024-02-02,17,1,0.5,6,1,1.128,0.766,0,0
C00494,2024-06-10,9,0,3.09,4,3,0.285,0.374,0,0
C00495,2024-03-15,25,0,4.0,1,8,1.346,0.994,0,0
C00496,2024-06-25,2,0,-2.75,3,2,1.279,0.566,2,1
C00497,2024-05-18,9,0,1.47,1,6,0.579,0.868,1,1
C00498,2024-04-26,2,0,1.89,1,3,0.906,0.843,1,0
C00499,2024-04-13,3,0,-19.43,2,7,1.032,0.715,0,0
C00500,2024-01-27,36,0,5.17,1,2,0.674,1.0,1,0
C00501,2024-04-11,24,0,1.2,1,5,1.097,0.947,0,0
C00502,2024-06-21,6,0,4.51,5,4,1.241,0.696,0,0
C00503,2024-01-08,3,1,-4.12,2,15,1.006,0.65,0,0
C00504,2024-05-31,1,0,-2.53,2,7,0.573,0.775,0,0
C00505,2024-03-16,7,0,-8.73,4,5,0.716,0.723,1,0
C00506,2024-03-20,84,0,5.96,0,1,0.964,0.919,1,0
C00507,2024-05-03,17,0,-11.24,2,2,0.928,0.785,0,0
C00508,2024-05-18,7,0,-7.43,2,2,0.933,0.41,0,0
C00509,2024-01-31,17,0,4.27,2,2,0.924,0.85,1,0
C00510,2024-05-08,3,0,-5.03,1,4,0.529,0.503,0,0
C00511,2024-06-25,9,0,-7.43,1,5,1.176,0.793,0,0
C00512,2024-02-12,13,1,2.9,3,5,1.132,0.721,0,0
C00513,2024-01-05,11,0,7.58,6,13,1.066,0.721,0,0
C00514,2024-02-15,22,0,5.78,0,6,1.077,0.823,0,0
C00515,2024-02-17,16,0,6.79,1,1,0.924,0.923,0,0
C00516,2024-03-26,20,1,-0.74,2,5,0.823,0.667,1,0
C00517,2024-01-07,7,0,-1.64,3,7,0.711,0.48,0,0
C00518,2024-04-13,24,1,-2.07,0,13,1.321,0.713,0,0
C00519,2024-02-16,44,0,1.34,1,3,0.98,0.667,1,1
C00520,2024-04-10,5,0,-4.22,2,3,0.57,0.694,0,0
C00521,2024-02-25,5,0,-3.46,4,11,0.938,0.518,1,0
C00522,2024-06-12,35,0,4.8,3,5,0.454,0.949,1,0
C00523,2024-03-27,10,0,9.48,1,1,1.057,0.193,1,1
C00524,2024-06-26,37,1,1.27,2,0,1.036,0.402,1,0
C00525,2024-06-04,8,0,14.35,4,23,0.75,0.6,0,0
C00526,2024-05-13,39,0,-5.64,0,0,0.765,0.568,0,0
C00527,2024-02-24,13,0,-14.7,4,3,1.126,0.658,1,0
C00528,2024-05-31,14,0,5.72,2,9,0.934,0.592,0,0
C00529,2024-02-06,42,1,-2.47,1,0,0.515,0.591,1,0
C00530,2024-05-25,9,0,-2.19,2,1,1.296,0.594,0,0
C00531,2024-02-06,5,0,-14.16,4,1,0.76,0.601,0,0
C00532,2024-04-04,8,1,-2.88,4,22,0.56,0.569,0,1
C00533,2024-01-16,17,0,-12.02,0,27,1.205,0.674,0,0
C00534,2024-04-12,3,0,-3.47,4,2,1.255,0.738,0,0
C00535,2024-01-27,20,0,-3.16,2,7,0.86,0.437,0,0
C00536,2024-06-02,7,1,0.29,2,5,0.662,0.612,0,0
C00537,2024-02-23,30,0,9.92,1,3,0.758,0.589,0,0
C00538,2024-06-26,1,0,5.42,4,1,0.886,0.696,0,0
C00539,2024-02-11,6,0,-12.98,3,35,1.129,0.659,0,0
C00540,2024-05-15,3,0,4.86,0,0,1.324,0.724,0,0
C00541,2024-01-15,6,1,0.36,2,5,1.016,0.814,0,0
C00542,2024-04-10,14,1,-0.31,4,2,1.153,0.717,0,0
C00543,2024-06-21,10,0,-0.18,0,11,0.893,0.883,2,1
C00544,2024-02-10,9,0,1.64,2,9,0.737,0.759,0,0
C00545,2024-01-14,10,0,-5.54,2,1,0.62,0.886,0,0
C00546,2024-04-18,14,0,-1.46,1,2,1.071,0.628,0,0
C00547,2024-05-12,5,1,3.79,3,1,1.22,0.813,0,0
C00548,2024-02-18,21,1,-2.25,2,5,0.847,0.956,0,0
C00549,2024-02-17,20,0,-8.24,2,8,1.257,0.444,2,0
C00550,2024-04-16,16,0,-0.49,1,3,0.889,0.722,0,0
C00551,2024-04-09,19,0,-9.04,3,3,1.006,0.423,2,1
C00552,2024-02-18,15,0,-13.78,1,24,0.825,0.501,0,0
C00553,2024-01-01,62,1,-1.1,0,10,1.259,1.0,0,0
C00554,2024-03-11,11,0,11.59,2,15,1.048,0.53,0,0
C00555,2024-01-02,9,0,-0.31,1,0,0.985,0.842,0,0
C00556,2024-05-25,6,0,1.43,5,7,0.984,0.729,0,1
C00557,2024-03-01,5,1,-6.82,0,5,0.678,0.463,0,0
C00558,2024-01-14,4,0,3.51,0,1,0.437,0.755,0,0
C00559,2024-05-06,5,0,0.75,3,1,0.862,0.9,0,1
C00560,2024-05-11,11,0,-5.32,1,3,0.936,0.639,0,0
C00561,2024-06-24,15,0,1.44,2,1,1.128,0.634,0,0
C00562,2024-05-17,12,0,1.36,1,2,0.949,0.652,0,0
C00563,2024-03-22,6,0,-8.48,3,2,0.873,0.825,0,0
C00564,2024-03-06,25,0,2.65,0,7,0.228,1.0,0,0
C00565,2024-05-02,22,0,9.58,3,2,1.122,0.783,0,0
C00566,2024-02-02,10,1,-0.73,3,2,1.043,0.875,0,0
C00567,2024-04-12,7,0,-6.94,3,11,1.148,0.696,1,1
C00568,2024-02-28,18,0,-1.42,1,0,1.007,0.732,1,0
C00569,2024-06-18,14,0,6.84,1,5,1.262,0.45,0,0
C00570,2024-02-02,3,1,-3.92,2,6,0.832,0.875,0,0
C00571,2024-04-11,11,0,4.63,1,6,0.96,0.749,1,1
C00572,2024-02-21,15,1,-2.17,4,2,1.05,0.982,0,0
C00573,2024-02-19,5,0,1.94,3,1,1.16,0.667,0,0
C00574,2024-05-05,14,0,-4.51,3,17,1.019,0.871,2,1
C00575,2024-05-06,3,0,-4.54,3,2,1.109,0.505,0,0
C00576,2024-05-30,35,0,12.18,1,1,1.062,0.582,2,0
C00577,2024-06-03,33,0,-11.27,4,4,0.932,0.561,0,0
C00578,2024-06-08,9,0,3.88,3,2,1.215,0.394,2,1
C00579,2024-06-01,16,0,13.85,0,11,0.526,0.655,0,0
C00580,2024-01-23,1,0,5.48,3,3,0.828,0.242,0,0
C00581,2024-05-24,4,0,-10.65,2,12,1.338,0.742,2,1
C00582,2024-06-09,9,0,-10.25,0,6,0.802,0.876,0,0
C00583,2024-01-17,5,0,-6.01,2,3,0.965,0.696,0,1
C00584,2024-05-26,21,0,1.26,0,12,1.287,0.756,0,0
C00585,2024-03-24,60,1,0.72,2,2,0.958,0.676,0,0
C00586,2024-03-06,4,0,-10.17,3,3,0.777,0.797,1,1
C00587,2024-03-18,6,1,-2.79,5,7,1.265,0.37,1,1
C00588,2024-03-22,14,1,-2.6,1,5,0.903,0.492,0,0
C00589,2024-06-26,44,0,-1.45,2,2,0.935,0.912,1,0
C00590,2024-06-06,4,1,6.35,1,1,0.5,0.267,0,0
C00591,2024-01-27,14,0,-7.47,4,4,0.948,0.492,0,0
C00592,2024-06-13,52,1,-3.13,0,2,1.161,0.227,0,0
C00593,2024-03-23,3,0,-9.07,5,4,0.872,0.657,0,0
C00594,2024-06-04,4,0,5.08,4,3,0.665,0.77,0,1
C00595,2024-05-11,8,0,-0.33,2,2,0.87,0.895,0,0
C00596,2024-05-07,8,0,-7.17,2,3,0.831,0.395,0,0
C00597,2024-01-12,23,0,-2.9,1,4,0.917,0.719,0,0
C00598,2024-03-12,14,0,-6.33,3,8,0.831,0.603,0,0
C00599,2024-06-09,2,0,2.37,5,6,1.386,0.562,0,0
C00600,2024-03-01,18,0,21.48,0,29,0.931,0.753,2,1
C00601,2024-05-07,7,0,4.41,3,5,0.54,0.402,0,0
C00602,2024-03-05,33,0,-0.74,6,2,1.008,0.797,0,0
C00603,2024-01-25,7,0,-5.32,3,3,0.975,0.239,0,0
C00604,2024-03-18,7,0,-10.75,7,7,1.264,0.959,0,0
C00605,2024-05-03,18,0,5.87,6,11,0.906,0.562,0,1
C00606,2024-06-15,22,0,5.43,1,14,0.884,0.564,0,0
C00607,2024-04-24,17,1,-1.49,0,1,1.461,0.969,0,0
C00608,2024-03-24,3,1,3.88,3,14,0.663,0.549,0,0
C00609,2024-01-22,18,0,0.17,4,4,1.179,0.536,0,0
C00610,2024-06-05,5,0,6.2,2,1,1.011,0.8,0,0
C00611,2024-06-22,14,1,0.95,2,3,0.86,0.824,0,0
C00612,2024-04-03,3,1,-0.57,2,13,0.773,0.806,0,0
C00613,2024-04-01,17,0,-7.64,3,6,1.31,0.703,0,0
C00614,2024-05-27,6,0,-1.16,1,1,1.111,0.63,0,0
C00615,2024-04-06,4,0,6.74,2,1,1.145,0.56,1,0
C00616,2024-01-25,21,0,-4.07,3,1,1.217,0.624,0,0
C00617,2024-05-03,14,1,1.41,4,2,1.075,0.769,0,0
C00618,2024-02-04,7,0,-8.66,1,4,0.715,0.806,2,1
C00619,2024-02-06,38,0,6.24,2,1,0.602,0.35,0,0
C00620,2024-02-14,8,0,2.5,0,3,1.37,0.487,0,0
C00621,2024-04-16,12,1,-3.85,2,15,0.977,0.82,1,0
C00622,2024-02-01,15,0,-1.79,1,19,0.925,0.883,0,0
C00623,2024-02-28,7,1,2.98,1,18,1.361,0.816,0,0
C00624,2024-05-29,17,0,-10.07,0,0,0.734,0.755,0,0
C00625,2024-06-07,7,0,-8.57,2,20,0.269,0.539,0,1
C00626,2024-02-26,8,0,-0.56,5,4,0.527,0.813,1,1
C00627,2024-06-10,36,0,17.07,2,4,0.847,0.705,0,0
C00628,2024-02-29,5,1,-2.15,0,11,0.974,0.551,0,0
C00629,2024-05-16,1,0,3.96,0,8,1.308,0.746,0,0
C00630,2024-01-06,44,0,2.08,1,0,1.211,0.724,1,0
C00631,2024-01-31,93,1,-1.89,2,2,0.35,0.917,0,0
C00632,2024-02-27,8,0,1.29,6,3,1.685,0.603,1,0
C00633,2024-03-25,2,0,-3.58,2,1,0.892,0.525,0,0
C00634,2024-04-08,9,0,-2.86,0,10,1.257,0.767,1,0
C00635,2024-06-22,9,0,-13.29,2,16,1.057,0.44,1,1
C00636,2024-01-10,10,0,-0.2,5,4,0.981,0.826,1,0
C00637,2024-03-06,4,0,7.19,3,5,0.916,0.857,1,0
C00638,2024-03-14,19,0,0.46,2,4,0.702,0.675,0,0
C00639,2024-02-28,18,0,8.72,3,4,0.658,0.81,0,0
C00640,2024-03-29,3,0,4.64,2,12,0.898,0.509,0,0
C00641,2024-02-09,21,0,-0.48,0,0,0.653,0.922,0,1
C00642,2024-03-19,62,1,-2.01,1,6,1.382,0.794,0,0
C00643,2024-01-13,13,0,-3.89,1,4,1.004,0.91,0,0
C00644,2024-01-29,9,1,-4.71,0,2,1.513,0.704,0,0
C00645,2024-01-14,10,0,-2.14,3,2,0.881,0.286,1,0
C00646,2024-04-19,19,0,1.17,4,23,0.737,0.576,0,1
C00647,2024-02-01,3,0,13.72,0,1,1.143,0.095,1,0
C00648,2024-06-04,13,0,4.23,3,3,0.92,0.655,0,0
C00649,2024-03-15,8,0,-6.92,0,19,1.148,0.953,1,0
C00650,2024-02-15,53,0,-11.51,0,1,1.355,0.976,1,0
C00651,2024-04-11,10,0,-1.65,2,2,1.265,0.245,0,0
C00652,2024-01-10,46,0,6.49,1,4,1.321,0.927,2,0
C00653,2024-04-05,5,0,-1.76,2,6,1.174,0.827,0,0
C00654,2024-04-08,19,0,4.34,2,4,0.843,0.745,0,0
C00655,2024-03-17,15,0,-1.45,0,2,1.275,0.791,0,0
C00656,2024-05-14,6,0,5.74,3,6,1.144,0.774,0,0
C00657,2024-06-05,14,0,-12.78,1,4,0.826,0.653,0,0
C00658,2024-05-10,32,0,12.83,2,7,0.842,0.672,0,0
C00659,2024-05-28,9,1,-3.56,4,10,0.927,0.565,0,1
C00660,2024-03-16,3,0,6.35,2,1,1.273,0.615,1,0
C00661,2024-03-11,12,0,-2.18,2,11,0.974,0.795,1,1
C00662,2024-01-10,5,1,-0.37,3,3,0.984,0.345,1,0
C00663,2024-04-01,9,0,-1.93,1,9,0.915,0.544,0,1
C00664,2024-06-19,11,0,2.04,2,6,0.882,0.666,1,0
C00665,2024-06-08,3,0,3.66,2,23,0.594,0.412,1,1
C00666,2024-01-21,3,0,8.47,2,4,1.179,0.449,0,1
C00667,2024-02-03,17,0,11.26,1,3,0.731,0.759,0,0
C00668,2024-06-10,8,0,2.65,5,2,1.007,0.364,0,1
C00669,2024-03-04,1,0,13.71,1,1,0.893,0.425,0,0
C00670,2024-04-13,22,0,0.74,3,9,1.147,0.799,1,0
C00671,2024-04-17,15,0,8.62,4,1,0.909,0.546,0,0
C00672,2024-03-15,6,0,3.43,4,9,0.703,0.392,0,0
C00673,2024-03-21,4,0,-4.39,2,3,1.232,0.767,0,0
C00674,2024-05-31,23,1,0.58,4,0,0.794,0.481,0,0
C00675,2024-04-10,16,0,4.03,4,17,0.954,0.676,0,0
C00676,2024-06-25,81,0,-0.26,2,0,1.318,0.613,1,0
C00677,2024-01-08,17,0,3.3,1,4,0.797,0.778,0,0
C00678,2024-01-23,16,0,6.92,1,5,0.949,0.549,2,1
C00679,2024-03-29,10,0,-0.19,2,0,0.892,0.964,2,1
C00680,2024-05-01,23,0,-23.55,2,6,1.003,0.648,0,0
C00681,2024-06-21,20,0,13.43,1,2,0.973,0.415,0,0
C00682,2024-06-17,33,1,-0.95,6,3,1.215,0.977,0,0
C00683,2024-06-18,8,0,-6.59,2,15,0.77,0.539,1,1
C00684,2024-03-22,8,0,-8.99,4,5,1.294,0.553,0,0
C00685,2024-05-05,8,0,-2.69,7,3,1.386,0.84,0,0
C00686,2024-02-19,22,0,-4.5,2,3,1.049,0.828,1,1
C00687,2024-06-17,40,0,-5.9,1,22,0.692,1.0,0,0
C00688,2024-06-02,8,1,-2.18,4,6,0.96,0.472,0,0
C00689,2024-05-16,8,0,4.24,2,2,0.959,0.51,0,0
C00690,2024-05-01,15,0,16.24,3,2,1.433,0.843,0,0
C00691,2024-02-03,10,0,6.56,4,1,0.969,0.577,1,1
C00692,2024-05-06,26,0,8.98,1,2,1.336,0.897,1,0
C00693,2024-05-03,2,1,-1.21,3,19,0.933,0.347,0,1
C00694,2024-02-25,6,1,0.33,1,3,0.996,0.814,1,0
C00695,2024-06-27,6,0,3.41,2,1,0.906,0.288,0,0
C00696,2024-03-03,1,1,-2.11,0,6,0.905,0.687,0,0
C00697,2024-04-27,5,0,-3.41,3,3,1.207,0.468,1,0
C00698,2024-06-24,5,0,6.84,4,7,0.782,0.536,1,1
C00699,2024-05-25,10,0,8.72,1,3,1.225,0.483,0,0
C00700,2024-05-19,29,0,0.54,1,16,1.28,1.0,0,1
C00701,2024-05-05,10,0,-9.56,2,1,0.847,0.654,0,0
C00702,2024-01-13,5,0,-2.36,3,1,1.297,0.597,0,0
C00703,2024-01-07,11,0,-11.53,2,10,1.212,0.579,1,1
C00704,2024-05-10,28,1,0.24,2,0,1.217,0.5,0,0
C00705,2024-01-04,5,1,0.82,1,3,0.826,0.534,0,0
C00706,2024-05-01,5,0,-2.17,0,9,0.925,0.57,0,0
C00707,2024-05-14,19,0,1.93,3,0,0.97,0.535,0,0
C00708,2024-02-10,10,0,3.34,3,4,1.503,0.969,0,0
C00709,2024-02-25,20,0,2.05,1,1,0.992,0.681,0,0
C00710,2024-06-01,12,0,-9.61,3,0,0.954,0.961,1,0
C00711,2024-03-27,21,0,-2.03,1,1,0.708,0.788,0,0
C00712,2024-05-03,5,0,3.28,5,3,0.742,0.84,1,1
C00713,2024-02-29,12,0,12.63,3,2,0.819,0.443,1,0
C00714,2024-01-28,10,0,-2.18,4,12,1.03,0.563,0,1
C00715,2024-02-05,4,0,4.41,3,4,0.624,0.314,0,1
C00716,2024-02-11,3,1,2.81,2,2,0.824,0.695,0,0
C00717,2024-02-24,21,0,-1.57,1,1,0.53,0.628,1,0
C00718,2024-05-07,9,0,9.19,1,5,1.325,0.426,0,0
C00719,2024-03-19,5,0,9.62,1,28,0.887,0.634,0,0
C00720,2024-03-29,11,0,11.04,1,2,1.068,0.577,0,1
C00721,2024-02-22,30,0,3.67,1,2,0.718,1.0,0,0
C00722,2024-04-17,1,0,18.88,0,1,1.285,0.304,0,0
C00723,2024-06-22,3,0,-4.92,2,13,1.311,0.496,0,0
C00724,2024-05-27,5,0,16.99,5,10,0.967,0.677,0,0
C00725,2024-06-18,39,1,2.46,3,2,0.87,0.995,0,0
C00726,2024-03-19,15,0,10.72,4,2,1.128,0.329,1,0
C00727,2024-01-20,22,0,-2.56,0,1,1.179,0.528,0,0
C00728,2024-02-16,4,0,6.76,4,3,1.203,0.488,0,0
C00729,2024-02-12,4,0,11.42,1,11,1.111,0.86,0,0
C00730,2024-04-04,17,0,-8.7,4,4,1.221,0.718,0,0
C00731,2024-01-22,12,0,-1.31,4,14,0.757,0.506,1,0
C00732,2024-03-17,18,0,-17.13,0,2,1.218,0.831,0,0
C00733,2024-04-16,10,0,-1.43,5,0,0.887,0.615,0,0
C00734,2024-03-15,15,0,-6.53,3,46,0.143,1.0,1,1
C00735,2024-04-08,13,0,-1.74,0,5,0.859,0.486,0,0
C00736,2024-04-01,22,0,23.39,1,9,0.817,0.851,0,0
C00737,2024-01-24,23,0,13.74,5,2,1.05,0.441,3,1
C00738,2024-02-03,3,0,-11.52,3,1,1.204,0.754,0,0
C00739,2024-04-26,2,1,1.78,1,5,1.023,0.748,0,0
C00740,2024-03-22,27,1,2.56,3,0,1.502,0.91,0,0
C00741,2024-03-04,31,0,-2.7,2,3,0.854,0.959,0,0
C00742,2024-04-08,5,0,1.43,2,11,0.448,0.617,0,1
C00743,2024-03-25,2,0,2.21,3,6,1.039,0.765,2,0
C00744,2024-04-22,13,0,-10.77,4,5,0.839,0.874,0,0
C00745,2024-05-10,25,0,-8.25,0,21,0.624,0.52,2,1
C00746,2024-01-19,51,0,1.38,1,6,0.896,0.706,1,0
C00747,2024-01-06,18,0,0.8,4,0,0.804,0.561,1,1
C00748,2024-04-30,9,0,-5.67,3,3,0.814,0.747,1,0
C00749,2024-06-08,5,0,-6.36,1,25,1.256,0.599,0,1
C00750,2024-05-06,12,0,-0.72,2,3,1.016,0.827,0,0
C00751,2024-01-21,9,1,2.84,3,23,0.819,0.573,0,0
C00752,2024-06-05,5,0,-0.61,4,11,1.344,0.289,0,0
C00753,2024-04-07,62,1,5.19,1,3,0.911,0.846,0,0
C00754,2024-01-01,50,1,-2.23,4,1,0.687,1.0,0,0
C00755,2024-06-18,30,0,1.54,3,6,0.638,0.29,0,0
C00756,2024-01-06,5,0,-2.83,5,14,0.91,0.437,0,0
C00757,2024-06-20,24,0,4.7,1,1,0.584,1.0,0,0
C00758,2024-05-15,20,0,-6.25,3,4,0.687,0.523,0,0
C00759,2024-05-14,17,0,15.42,1,0,0.905,0.73,0,0
C00760,2024-06-10,33,1,-5.41,1,3,1.268,0.687,0,0
C00761,2024-04-24,20,0,13.72,3,1,1.318,0.537,0,0
C00762,2024-01-21,22,1,0.29,3,7,1.13,0.754,0,0
C00763,2024-04-01,20,1,1.77,3,2,0.989,0.904,0,0
C00764,2024-01-29,16,0,10.68,3,12,0.797,0.531,1,1
C00765,2024-01-29,2,0,6.86,2,2,1.087,0.643,0,0
C00766,2024-01-16,13,0,-5.84,1,2,1.435,0.519,1,0
C00767,2024-03-29,7,0,4.8,2,1,1.03,0.713,1,0
C00768,2024-04-29,4,0,14.94,4,6,0.854,0.561,0,0
C00769,2024-03-01,46,1,-2.84,2,6,0.931,0.811,0,0
C00770,2024-05-07,48,1,6.78,2,10,0.883,0.804,1,0
C00771,2024-06-12,36,0,3.09,0,8,1.097,0.888,3,0
C00772,2024-02-26,14,0,-3.47,0,6,0.779,0.593,0,0
C00773,2024-01-03,35,0,-7.15,3,7,1.067,0.729,0,0
C00774,2024-05-08,12,0,-1.79,2,8,1.102,0.485,0,0
C00775,2024-04-18,14,0,-15.64,0,10,1.036,0.909,0,0
C00776,2024-01-12,5,0,-3.32,1,1,0.723,0.673,1,0
C00777,2024-05-30,16,0,-2.1,5,2,0.953,0.525,1,0
C00778,2024-04-20,12,0,-8.6,4,1,0.863,0.713,1,1
C00779,2024-01-09,4,0,5.98,4,6,0.952,0.401,0,0
C00780,2024-04-29,11,0,-1.75,3,19,0.738,0.966,0,0
C00781,2024-04-13,11,0,-5.09,3,10,1.261,0.575,0,0
C00782,2024-01-04,51,1,-1.04,1,2,1.037,0.836,0,0
C00783,2024-04-07,24,0,2.84,1,7,0.56,0.63,0,0
C00784,2024-03-31,12,1,0.23,1,6,0.638,0.723,0,0
C00785,2024-01-11,14,0,-5.61,5,5,1.276,0.613,1,1
C00786,2024-03-07,12,0,1.01,1,1,0.95,0.869,1,1
C00787,2024-05-06,10,0,-0.41,3,14,0.833,0.764,2,1
C00788,2024-04-14,5,0,-9.12,5,1,1.277,0.388,3,1
C00789,2024-03-15,10,0,-2.31,2,3,0.947,0.635,0,0
C00790,2024-04-17,6,0,4.63,3,10,0.651,0.915,0,0
C00791,2024-03-20,4,1,1.83,4,3,0.703,0.844,0,0
C00792,2024-01-16,18,0,-1.84,0,4,1.137,0.736,0,0
C00793,2024-01-10,16,0,5.41,1,4,1.487,0.408,1,0
C00794,2024-04-23,2,0,-7.84,0,4,1.19,0.375,0,0
C00795,2024-03-11,11,0,-7.59,6,4,0.885,0.775,0,1
C00796,2024-05-16,27,0,-2.01,1,5,0.918,0.758,0,0
C00797,2024-01-19,28,0,11.98,3,4,0.992,0.872,2,0
C00798,2024-05-26,27,0,1.31,0,2,0.485,0.748,0,0
C00799,2024-05-09,12,0,-2.2,1,1,1.001,0.527,0,0
C00800,2024-05-29,6,0,12.35,5,11,1.091,0.867,0,0
C00801,2024-05-20,5,0,-2.3,1,11,1.388,0.798,0,0
C00802,2024-01-10,16,0,17.88,0,6,1.243,0.77,0,0
C00803,2024-01-30,16,0,-4.09,2,6,1.452,0.778,0,0
C00804,2024-02-01,34,1,-3.24,0,1,1.415,0.758,0,0
C00805,2024-01-21,29,0,-1.33,0,0,1.349,0.607,0,0
C00806,2024-05-11,10,1,-0.8,1,3,0.992,0.633,0,0
C00807,2024-06-23,4,0,-6.46,0,0,1.086,0.744,0,0
C00808,2024-05-28,9,0,20.82,2,5,0.557,0.171,0,1
C00809,2024-03-21,14,0,2.55,1,14,0.963,0.787,1,0
C00810,2024-06-12,10,0,3.71,2,2,1.132,0.277,1,0
C00811,2024-05-12,7,0,-3.7,4,2,0.919,0.886,0,0
C00812,2024-05-06,14,0,-4.62,2,1,0.61,0.52,1,0
C00813,2024-02-11,8,0,8.2,3,4,1.376,0.637,1,0
C00814,2024-05-24,7,1,-5.36,3,4,1.082,0.706,0,0
C00815,2024-01-30,15,0,-9.14,0,1,1.425,0.872,0,0
C00816,2024-04-13,8,0,-1.98,4,10,1.136,0.946,0,0
C00817,2024-02-25,14,0,10.81,1,51,1.087,0.826,0,0
C00818,2024-05-07,15,0,-3.0,2,13,1.226,0.573,1,0
C00819,2024-05-14,4,0,3.33,2,4,0.81,0.572,0,0
C00820,2024-04-14,8,0,0.22,4,4,0.853,0.17,0,1
C00821,2024-04-05,38,0,10.37,3,2,0.883,0.681,0,0
C00822,2024-01-01,4,0,-12.68,2,2,0.748,0.452,0,0
C00823,2024-05-30,2,0,5.89,1,10,1.391,0.549,1,0
C00824,2024-05-02,2,0,-1.59,1,11,0.956,0.5,0,1
C00825,2024-01-02,12,0,7.4,4,1,1.11,0.799,0,0
C00826,2024-04-05,12,0,-6.55,2,6,0.637,0.629,0,1
C00827,2024-04-08,11,0,0.2,6,12,1.145,0.672,0,1
C00828,2024-01-05,32,1,-0.33,2,3,0.883,0.568,0,0
C00829,2024-03-17,1,0,-8.02,7,3,1.3,0.923,1,0
C00830,2024-01-13,16,0,-10.24,0,8,0.789,0.636,1,0
C00831,2024-01-30,42,1,-1.86,0,8,1.293,0.588,0,0
C00832,2024-05-31,4,0,1.04,3,6,1.205,0.695,0,0
C00833,2024-03-05,8,0,-6.06,2,5,0.859,0.933,0,0
C00834,2024-01-23,6,0,-2.64,3,6,1.324,0.126,1,0
C00835,2024-03-29,5,1,-6.03,2,3,1.272,0.506,0,0
C00836,2024-04-05,9,1,-1.19,4,1,1.117,0.395,0,0
C00837,2024-03-10,38,0,8.19,0,1,0.747,0.614,0,0
C00838,2024-01-21,52,1,2.26,2,7,1.165,0.639,0,0
C00839,2024-06-12,9,0,-0.7,3,4,0.997,0.204,0,0
C00840,2024-01-13,55,1,0.78,1,6,0.982,0.939,0,0
C00841,2024-03-07,12,0,-6.63,5,2,1.008,0.581,0,0
C00842,2024-04-29,49,0,13.0,2,4,0.972,0.645,0,0
C00843,2024-06-06,11,0,16.54,1,4,0.764,0.55,0,0
C00844,2024-05-05,13,0,1.32,2,14,0.551,0.556,0,0
C00845,2024-04-15,16,0,20.73,5,9,0.525,0.816,1,1
C00846,2024-03-20,120,1,-2.18,0,2,1.065,0.718,0,0
C00847,2024-05-27,24,1,-4.0,4,7,0.359,0.511,0,0
C00848,2024-03-24,6,0,-5.68,1,2,1.172,0.42,1,0
C00849,2024-04-16,26,1,-0.7,6,0,1.127,0.201,0,0
C00850,2024-03-18,9,1,7.4,3,21,0.819,0.739,0,0
C00851,2024-05-20,8,0,-2.25,1,3,1.242,0.677,0,0
C00852,2024-01-09,25,0,-6.88,2,11,0.88,0.796,0,0
C00853,2024-02-09,12,1,-2.88,4,2,1.095,0.83,0,0
C00854,2024-05-31,15,0,9.12,4,2,0.5,0.482,1,1
C00855,2024-01-17,12,0,7.98,2,2,0.43,0.866,1,1
C00856,2024-04-19,15,1,-1.55,2,5,0.916,0.453,0,0
C00857,2024-04-20,17,0,-15.01,2,5,1.081,0.803,1,0
C00858,2024-01-25,2,0,-9.03,4,7,1.203,0.459,0,0
C00859,2024-02-16,20,1,5.51,1,2,0.946,0.742,0,0
C00860,2024-02-24,5,0,5.51,2,4,1.042,0.734,0,0
C00861,2024-03-24,3,0,0.52,2,2,1.187,0.644,1,0
C00862,2024-04-06,11,0,14.95,2,16,0.888,0.408,0,0
C00863,2024-02-13,13,0,15.67,1,1,1.142,0.348,1,1
C00864,2024-02-27,6,0,-0.29,4,2,0.708,0.589,1,0
C00865,2024-04-25,23,0,-0.14,1,3,0.571,0.282,0,0
C00866,2024-06-08,4,1,-1.86,1,38,0.677,0.567,2,0
C00867,2024-05-10,8,0,-2.28,2,8,1.154,0.776,1,1
C00868,2024-06-12,7,0,-11.89,2,2,0.812,0.602,0,0
C00869,2024-03-31,11,0,-11.92,1,9,1.118,0.662,0,0
C00870,2024-01-06,15,1,-5.51,0,7,0.708,0.64,0,0
C00871,2024-03-06,5,0,8.67,4,5,0.829,0.555,0,0
C00872,2024-06-28,21,0,-12.49,3,8,1.021,0.644,1,0
C00873,2024-04-19,12,0,15.6,3,4,0.813,0.651,0,0
C00874,2024-02-19,2,0,-5.84,4,5,0.851,0.552,1,1
C00875,2024-06-01,2,1,5.56,4,1,0.343,0.861,0,0
C00876,2024-03-09,12,1,-1.17,1,16,1.13,0.63,0,0
C00877,2024-02-24,10,0,-12.53,2,2,0.96,0.956,0,0
C00878,2024-01-01,11,0,10.27,3,1,0.759,0.56,0,1
C00879,2024-01-25,11,0,11.21,0,2,1.448,0.872,2,0
C00880,2024-03-19,14,0,-7.25,3,2,0.793,0.595,2,0
C00881,2024-04-13,26,0,-2.65,1,2,0.861,0.773,1,0
C00882,2024-02-01,5,0,-7.25,1,9,0.715,0.666,1,0
C00883,2024-03-19,4,0,-0.96,1,10,1.226,0.436,0,0
C00884,2024-03-13,5,1,0.35,2,0,1.358,0.546,0,0
C00885,2024-04-07,15,0,-2.81,5,2,1.323,0.627,0,0
C00886,2024-06-11,32,0,-14.55,2,3,1.316,0.54,0,0
C00887,2024-03-23,8,0,-4.65,3,3,0.836,0.222,1,0
C00888,2024-05-08,1,0,5.63,3,20,1.318,0.386,0,0
C00889,2024-04-19,3,0,-1.67,4,2,0.941,0.825,0,0
C00890,2024-05-30,6,0,-2.62,0,18,0.524,0.477,0,1
C00891,2024-06-20,7,0,-7.45,2,3,0.878,0.888,0,0
C00892,2024-05-22,8,0,-4.88,4,18,0.991,0.544,0,0
C00893,2024-02-08,12,1,4.51,1,3,0.824,0.635,0,0
C00894,2024-02-16,9,1,-3.65,3,3,1.022,0.441,0,0
C00895,2024-02-13,28,0,5.77,2,4,1.114,0.594,0,0
C00896,2024-05-15,7,0,0.38,1,14,1.033,0.816,1,0
C00897,2024-06-28,6,0,1.96,3,5,1.139,0.518,1,1
C00898,2024-01-11,17,0,-5.86,2,5,0.93,1.0,1,1
C00899,2024-06-25,3,1,-1.13,1,7,0.783,0.481,0,0
C00900,2024-04-24,16,1,-0.02,2,2,0.622,0.97,1,0
C00901,2024-03-24,13,0,-4.17,0,6,0.948,0.422,0,0
C00902,2024-05-15,10,0,2.65,2,2,0.856,0.663,0,1
C00903,2024-03-27,43,0,3.66,1,16,0.89,0.698,1,0
C00904,2024-03-04,7,0,17.38,4,6,0.452,0.85,1,1
C00905,2024-04-11,63,1,0.89,3,8,0.58,0.694,0,0
C00906,2024-03-25,10,0,-15.3,2,0,1.127,0.827,0,0
C00907,2024-04-10,4,0,9.3,3,8,0.551,0.448,0,1
C00908,2024-05-28,12,0,-1.63,0,3,0.937,0.614,0,0
C00909,2024-05-10,5,0,16.1,0,1,0.787,0.728,0,0
C00910,2024-05-19,6,0,11.77,4,4,0.756,0.54,0,0
C00911,2024-04-04,16,1,-1.62,2,1,1.016,0.691,0,0
C00912,2024-06-27,19,0,5.78,2,7,0.972,0.176,0,0
C00913,2024-05-12,7,0,-4.75,0,16,1.057,0.34,1,0
C00914,2024-02-26,26,0,0.02,2,0,0.724,0.647,0,0
C00915,2024-05-18,30,0,5.41,3,4,0.759,0.815,0,0
C00916,2024-03-06,38,0,8.9,1,3,1.266,0.483,0,0
C00917,2024-03-02,18,0,7.16,2,0,0.944,0.241,1,0
C00918,2024-03-22,36,0,0.6,1,10,1.041,0.814,0,0
C00919,2024-05-04,2,0,19.87,0,7,0.841,0.551,0,0
C00920,2024-02-20,9,1,-1.17,1,27,0.979,0.419,0,0
C00921,2024-04-07,6,0,-12.86,1,7,0.343,0.207,1,1
C00922,2024-05-29,13,1,-4.53,2,2,1.278,0.623,0,0
C00923,2024-06-21,7,0,11.79,2,7,0.851,0.672,0,0
C00924,2024-02-27,10,0,-0.61,1,14,0.618,0.57,4,1
C00925,2024-04-07,54,1,0.51,1,2,0.724,0.987,0,0
C00926,2024-06-10,10,0,-4.34,4,9,0.889,0.803,0,0
C00927,2024-05-20,16,0,-3.62,2,0,0.972,0.579,0,0
C00928,2024-04-28,10,0,-6.3,3,16,0.955,0.312,0,0
C00929,2024-01-21,12,1,1.51,1,9,0.657,0.773,0,0
C00930,2024-05-26,12,0,-0.78,2,0,1.218,0.158,1,0
C00931,2024-04-25,17,0,3.48,2,6,0.839,0.654,3,1
C00932,2024-03-29,30,1,1.09,1,0,0.856,0.499,0,0
C00933,2024-01-21,45,0,-3.41,2,2,0.933,0.855,0,0
C00934,2024-05-06,15,1,-4.67,2,8,1.126,0.427,0,0
C00935,2024-04-30,19,1,-4.95,3,3,0.977,0.903,0,0
C00936,2024-02-16,4,1,9.69,1,13,0.799,0.692,0,0
C00937,2024-02-28,11,0,11.83,3,4,0.899,0.178,2,0
C00938,2024-06-22,25,0,10.72,2,4,1.285,0.806,0,0
C00939,2024-04-24,24,0,-5.4,1,12,1.204,0.462,1,0
C00940,2024-04-04,14,0,0.08,2,3,1.076,0.235,0,0
C00941,2024-03-19,24,1,-2.61,3,4,1.017,0.611,0,0
C00942,2024-04-06,18,0,-10.5,0,4,1.558,0.493,0,0
C00943,2024-05-27,31,0,-4.71,2,4,1.096,0.288,2,0
C00944,2024-01-11,15,0,10.61,2,12,0.985,0.588,0,0
C00945,2024-01-23,9,0,6.73,0,2,0.939,0.506,0,1
C00946,2024-02-07,15,0,-7.76,4,2,1.079,0.821,0,0
C00947,2024-02-13,1,0,-2.52,3,1,0.234,0.832,0,1
C00948,2024-01-24,16,0,5.99,3,0,1.257,0.593,2,0
C00949,2024-03-17,1,0,-4.57,4,17,0.597,0.483,1,1
C00950,2024-01-02,3,0,0.64,4,1,0.815,0.747,0,0
C00951,2024-03-04,17,0,3.21,4,3,0.635,0.645,0,0
C00952,2024-01-05,17,0,3.13,2,18,0.726,0.656,0,1
C00953,2024-01-17,4,0,2.03,7,3,0.9,0.277,1,1
C00954,2024-04-28,6,0,-5.23,3,7,1.187,0.903,0,0
C00955,2024-03-18,36,0,-4.41,4,1,1.317,0.974,1,0
C00956,2024-06-24,8,0,-9.07,1,15,1.41,0.363,0,0
C00957,2024-04-13,73,0,-12.49,1,4,1.006,0.707,0,0
C00958,2024-03-10,12,0,-0.92,1,1,0.94,0.702,0,1
C00959,2024-05-12,16,0,6.53,0,1,1.19,0.263,0,0
C00960,2024-05-30,44,0,-11.04,2,20,0.686,0.946,0,0
C00961,2024-02-05,13,0,2.18,0,2,0.749,0.306,0,1
C00962,2024-04-08,5,0,6.28,3,1,0.903,0.738,0,1
C00963,2024-02-20,11,0,-14.69,3,3,0.977,0.873,0,0
C00964,2024-06-27,11,0,-2.16,4,4,0.463,0.532,0,1
C00965,2024-03-21,4,1,5.27,1,5,1.242,0.691,0,0
C00966,2024-01-15,9,0,4.42,2,6,1.03,0.976,2,0
C00967,2024-05-31,6,0,-14.96,4,5,1.175,0.964,0,0
C00968,2024-06-09,25,0,5.27,1,8,0.567,0.864,3,1
C00969,2024-03-08,12,1,-2.39,4,3,0.819,0.168,0,0
C00970,2024-03-23,9,1,2.21,2,28,0.681,0.815,0,1
C00971,2024-05-10,11,0,-5.52,1,2,0.939,0.735,0,0
C00972,2024-01-06,14,0,-0.42,1,15,0.917,0.518,0,0
C00973,2024-06-08,19,0,-4.3,2,2,1.207,0.58,0,0
C00974,2024-01-01,5,0,0.03,3,1,1.02,0.723,0,0
C00975,2024-02-03,5,0,-4.54,0,0,0.815,0.52,0,0
C00976,2024-02-26,29,0,-1.79,0,5,1.522,0.548,0,0
C00977,2024-04-25,8,1,-3.76,3,12,0.874,0.525,0,0
C00978,2024-05-20,3,1,1.57,7,1,0.768,0.83,0,0
C00979,2024-02-01,17,0,1.4,4,2,0.519,0.843,1,0
C00980,2024-02-29,17,1,-5.17,3,6,0.993,0.526,0,0
C00981,2024-05-23,3,0,7.94,2,4,1.153,0.34,0,0
C00982,2024-02-29,14,0,-1.41,2,2,0.705,0.186,0,0
C00983,2024-03-06,21,1,0.52,1,1,1.151,0.69,0,0
C00984,2024-03-16,16,0,6.12,2,5,0.996,0.644,1,0
C00985,2024-04-21,20,0,2.63,1,8,0.517,0.462,0,0
C00986,2024-05-24,3,0,9.32,0,6,1.126,0.897,1,0
C00987,2024-06-15,15,0,-2.35,1,4,0.914,0.75,0,0
C00988,2024-05-30,9,0,8.28,3,1,0.713,0.938,0,0
C00989,2024-02-14,8,0,0.98,3,5,1.214,0.587,0,0
C00990,2024-03-08,24,0,4.06,0,5,1.209,0.547,0,0
C00991,2024-04-24,39,0,3.23,4,1,0.708,0.953,0,0
C00992,2024-03-11,51,0,9.93,2,3,1.058,0.769,0,0
C00993,2024-04-07,34,1,2.31,0,6,1.021,0.866,0,0
C00994,2024-03-02,11,0,-3.54,3,4,0.963,0.515,0,0
C00995,2024-04-29,16,0,-5.13,3,0,0.871,0.815,2,0
C00996,2024-04-20,22,0,-0.4,0,2,0.953,0.588,0,0
C00997,2024-01-19,13,0,-6.08,3,2,1.225,0.598,0,0
C00998,2024-06-27,13,0,-8.42,1,7,1.067,0.867,0,0
C00999,2024-01-19,23,1,-6.81,1,46,0.288,0.964,0,0
C01000,2024-03-13,11,0,-12.39,1,5,0.439,0.85,0,0
C01001,2024-06-01,6,0,15.88,3,1,0.531,0.438,0,0
C01002,2024-01-06,8,0,-5.25,4,3,0.645,0.686,1,1
C01003,2024-02-21,20,0,15.23,2,4,0.791,1.0,0,0
C01004,2024-05-06,12,0,3.23,3,8,0.847,0.462,0,0
C01005,2024-05-02,15,0,-0.4,3,13,0.919,0.84,0,0
C01006,2024-06-09,20,0,-12.0,1,15,0.917,0.46,0,0
C01007,2024-05-04,9,1,0.01,3,7,0.953,0.383,0,0
C01008,2024-04-15,22,0,15.14,5,4,1.266,0.5,0,0
C01009,2024-02-03,16,1,4.98,3,17,0.496,0.572,0,0
C01010,2024-06-07,4,0,2.19,6,3,1.068,0.95,1,0
C01011,2024-03-13,38,1,-3.68,4,4,1.062,0.751,0,0
C01012,2024-02-01,8,1,-3.06,4,3,0.669,0.312,0,0
C01013,2024-01-21,3,0,-6.82,2,0,1.133,0.821,0,0
C01014,2024-06-23,5,0,10.23,2,14,1.023,0.502,1,0
C01015,2024-01-20,5,0,13.05,0,8,0.949,0.466,0,0
C01016,2024-02-04,12,0,1.57,2,0,0.396,0.725,1,0
C01017,2024-06-08,9,0,-2.42,0,11,1.186,0.487,1,0
C01018,2024-05-02,9,0,12.39,1,3,1.042,0.784,0,0
C01019,2024-04-26,20,1,-3.13,3,10,1.051,0.743,1,0
C01020,2024-01-19,15,0,0.41,0,4,0.132,0.449,0,0
C01021,2024-02-28,15,0,3.7,2,1,0.862,0.858,0,0
C01022,2024-05-19,16,0,-6.9,1,4,0.622,0.505,0,1
C01023,2024-04-10,19,0,-5.09,1,1,1.318,0.518,1,0
C01024,2024-01-10,2,0,-5.71,3,1,0.719,0.469,1,0
C01025,2024-04-21,9,0,11.33,1,9,1.325,0.313,0,0
C01026,2024-01-09,2,0,15.31,6,6,1.208,0.928,1,1
C01027,2024-01-04,12,0,0.92,2,17,0.97,0.493,0,0
C01028,2024-02-11,12,0,-2.15,2,3,1.269,0.599,1,0
C01029,2024-03-02,28,0,-4.8,2,1,0.759,0.938,0,0
C01030,2024-04-09,31,0,0.01,3,7,0.774,0.595,1,0
C01031,2024-04-12,14,0,-4.4,0,2,1.221,0.511,0,0
C01032,2024-06-08,8,1,-0.31,2,3,0.75,0.729,1,0
C01033,2024-03-04,17,1,1.32,3,7,0.634,0.429,1,1
C01034,2024-02-25,7,0,-3.24,0,4,0.9,0.86,0,0
C01035,2024-02-22,12,0,-1.52,2,2,0.769,0.784,2,0
C01036,2024-03-22,26,0,-1.48,2,1,1.461,0.677,0,0
C01037,2024-03-25,7,0,-2.54,4,10,1.144,0.806,1,0
C01038,2024-02-09,23,0,-3.53,4,3,0.841,0.68,0,0
C01039,2024-05-11,20,0,6.1,1,7,0.715,0.892,0,0
C01040,2024-04-05,5,0,-14.17,2,6,1.055,0.656,1,1
C01041,2024-05-12,26,0,12.59,1,11,1.242,0.572,1,0
C01042,2024-01-05,21,0,1.08,0,3,1.058,0.125,0,0
C01043,2024-04-16,13,0,4.88,2,3,0.747,0.494,1,1
C01044,2024-06-06,6,0,5.8,2,1,0.636,0.874,0,0
C01045,2024-05-18,6,0,-5.66,5,2,0.895,0.44,1,1
C01046,2024-02-24,7,0,-7.31,1,6,1.049,0.754,0,0
C01047,2024-01-26,18,0,-8.26,1,2,0.872,0.414,0,0
C01048,2024-06-15,5,0,-1.98,2,5,1.227,0.257,1,0
C01049,2024-01-29,17,1,2.24,0,16,1.052,0.482,0,0
C01050,2024-03-20,4,1,-1.87,4,3,1.044,0.95,0,0
C01051,2024-05-16,10,0,4.86,2,1,1.122,0.633,0,0
C01052,2024-04-10,13,1,-7.58,2,3,0.638,0.623,0,0
C01053,2024-02-19,86,0,-3.08,0,1,0.87,0.77,1,0
C01054,2024-05-31,4,0,9.34,3,14,0.67,0.414,0,0
C01055,2024-02-05,39,0,-1.37,1,4,1.076,0.604,0,0
C01056,2024-06-17,13,0,-6.63,1,2,0.734,0.754,0,0
C01057,2024-01-21,16,0,-5.25,3,2,1.01,0.316,0,0
C01058,2024-01-04,13,1,-9.69,3,1,0.954,0.965,0,0
C01059,2024-03-19,17,0,-8.09,1,11,1.095,0.746,0,0
C01060,2024-03-16,10,0,8.46,2,23,0.586,0.856,0,0
C01061,2024-04-07,38,0,-4.66,1,1,1.108,0.836,0,0
C01062,2024-04-01,8,0,-3.72,1,11,0.678,0.804,1,1
C01063,2024-02-20,30,0,-18.65,3,3,0.744,0.921,2,0
C01064,2024-03-01,7,0,-13.05,0,14,0.894,0.604,0,1
C01065,2024-03-05,11,0,9.52,3,0,1.299,0.69,1,0
C01066,2024-06-26,5,0,4.94,1,5,0.765,0.352,0,0
C01067,2024-06-22,17,0,-10.38,5,3,0.541,0.769,0,1
C01068,2024-04-08,38,0,-5.04,3,8,0.724,0.779,0,0
C01069,2024-02-16,11,1,-0.09,2,4,0.884,0.912,0,0
C01070,2024-04-03,10,0,-9.57,2,4,1.447,0.532,1,1
C01071,2024-03-15,4,0,-16.03,3,4,1.077,0.684,1,1
C01072,2024-01-03,10,0,-1.27,3,18,0.722,0.653,1,1
C01073,2024-03-06,3,0,4.58,5,3,0.95,0.79,2,1
C01074,2024-03-04,5,0,4.73,2,9,1.348,0.796,0,0
C01075,2024-04-12,14,0,7.0,3,7,0.905,0.658,0,0
C01076,2024-05-23,34,0,-12.43,2,9,0.898,0.64,0,0
C01077,2024-05-28,115,1,0.19,0,1,0.894,1.0,1,0
C01078,2024-06-28,7,0,-2.15,6,8,1.134,0.771,0,0
C01079,2024-06-13,38,0,-0.7,0,6,0.839,0.99,0,0
C01080,2024-01-28,14,0,-1.69,2,1,1.213,0.554,0,0
C01081,2024-03-13,10,0,-5.28,1,3,1.251,0.578,1,0
C01082,2024-01-27,17,0,-24.14,3,35,0.978,0.501,1,1
C01083,2024-03-16,12,0,9.29,5,3,0.929,0.641,1,0
C01084,2024-05-21,13,1,1.06,4,3,0.635,0.804,0,0
C01085,2024-04-13,8,0,-11.87,5,6,0.914,0.744,0,1
C01086,2024-05-10,3,0,3.79,2,2,0.823,0.331,0,0
C01087,2024-06-08,3,0,-3.58,0,5,0.78,0.289,1,1
C01088,2024-06-18,20,0,-3.35,2,2,0.93,0.451,0,0
C01089,2024-01-15,9,0,-6.15,4,6,1.09,0.835,1,1
C01090,2024-02-24,7,0,4.3,1,4,0.824,0.632,0,0
C01091,2024-06-24,12,0,-6.4,1,25,0.531,0.811,0,0
C01092,2024-03-13,23,0,-8.77,0,4,0.74,0.96,0,0
C01093,2024-05-18,14,0,9.05,3,3,1.408,0.656,0,0
C01094,2024-03-30,7,1,-0.57,5,11,1.082,0.765,0,1
C01095,2024-03-23,32,0,-1.18,4,1,0.756,0.363,0,0
C01096,2024-02-23,43,0,5.54,3,20,1.222,1.0,0,0
C01097,2024-04-20,18,0,-5.34,2,1,0.935,0.711,0,0
C01098,2024-01-10,26,1,-1.5,2,13,1.505,0.706,0,0
C01099,2024-06-22,32,0,2.45,1,16,0.986,0.816,0,0
C01100,2024-05-20,30,1,-4.93,1,2,1.131,0.668,0,0
C01101,2024-02-06,19,1,0.71,0,3,1.194,0.641,0,0
C01102,2024-04-19,19,0,-6.05,2,4,1.351,0.727,0,0
C01103,2024-06-18,18,1,2.74,1,7,0.855,0.751,0,0
C01104,2024-01-14,5,0,4.37,4,1,1.345,0.976,0,0
C01105,2024-02-03,21,0,3.32,3,4,0.824,0.594,1,0
C01106,2024-04-02,4,0,-12.86,2,3,0.895,0.754,0,0
C01107,2024-06-22,6,1,-0.33,1,1,0.997,0.849,0,0
C01108,2024-01-14,34,0,-9.42,0,1,1.225,0.977,0,0
C01109,2024-01-03,23,0,-0.29,0,5,0.892,0.774,0,0
C01110,2024-03-16,40,0,-18.52,2,4,1.393,0.791,0,0
C01111,2024-05-07,9,0,-12.33,3,2,1.322,0.796,1,1
C01112,2024-04-28,4,1,3.8,7,4,0.99,0.704,0,0
C01113,2024-01-06,10,0,2.95,3,2,0.748,0.285,0,0
C01114,2024-03-20,13,0,-2.83,1,14,1.18,0.645,0,0
C01115,2024-03-24,12,1,-2.91,3,4,0.456,0.895,0,0
C01116,2024-03-29,30,1,-3.47,1,12,1.125,0.896,0,0
C01117,2024-01-02,9,0,1.6,3,0,0.794,0.864,2,1
C01118,2024-03-21,16,0,-2.75,4,5,1.289,0.872,2,1
C01119,2024-01-08,5,0,12.37,2,7,0.619,0.638,1,1
C01120,2024-03-24,17,0,-1.48,2,3,0.819,0.505,0,0
C01121,2024-05-22,12,0,0.47,4,2,1.1,0.455,0,0
C01122,2024-01-07,6,0,-11.11,2,3,1.135,0.773,1,1
C01123,2024-06-14,10,1,-1.15,4,8,0.803,0.492,0,1
C01124,2024-04-13,10,0,1.42,2,1,0.912,0.738,0,0
C01125,2024-05-08,9,1,-1.19,4,8,1.198,0.498,0,0
C01126,2024-03-27,50,1,-1.55,2,5,1.227,0.465,0,0
C01127,2024-05-31,11,0,2.62,6,3,0.897,0.487,0,0
C01128,2024-02-21,10,0,12.12,3,3,0.833,0.24,1,0
C01129,2024-01-28,2,0,1.16,1,4,0.638,0.632,1,1
C01130,2024-03-26,5,0,9.15,2,19,0.968,0.426,0,0
C01131,2024-04-17,9,0,4.97,4,6,1.173,0.467,0,0
C01132,2024-05-31,7,0,8.67,0,1,1.033,0.936,0,0
C01133,2024-03-30,36,0,-4.88,2,3,0.754,0.644,0,0
C01134,2024-01-17,10,0,-1.66,2,1,1.442,0.502,0,0
C01135,2024-06-03,34,1,-0.65,3,0,0.474,0.568,1,0
C01136,2024-05-28,12,0,4.37,1,1,1.215,0.902,0,0
C01137,2024-04-10,12,0,6.34,3,4,1.034,0.772,1,0
C01138,2024-01-11,11,0,1.0,2,14,1.047,0.66,0,0
C01139,2024-06-13,12,1,2.81,1,10,0.753,0.7,0,0
C01140,2024-04-29,48,1,-1.8,0,1,0.957,0.928,0,0
C01141,2024-06-12,1,0,7.08,0,2,1.063,0.739,0,0
C01142,2024-01-23,2,0,8.13,3,1,0.974,0.581,1,0
C01143,2024-03-02,7,0,5.42,2,0,0.552,0.254,0,1
C01144,2024-02-11,12,0,1.07,4,3,1.413,0.789,0,0
C01145,2024-05-14,21,0,5.71,2,9,1.118,0.908,2,0
C01146,2024-02-26,17,0,-7.15,0,3,0.994,0.671,1,0
C01147,2024-06-08,8,1,0.63,3,1,1.02,0.38,0,0
C01148,2024-03-16,27,0,2.4,3,2,1.411,0.485,0,0
C01149,2024-03-06,27,0,-10.64,0,3,0.799,0.512,1,0
C01150,2024-04-20,14,1,1.52,1,8,0.718,0.456,0,1
C01151,2024-05-19,26,0,-9.99,1,3,1.198,0.729,0,0
C01152,2024-03-11,15,0,-3.42,1,7,1.081,0.821,0,0
C01153,2024-01-01,7,1,0.13,1,4,0.728,0.47,1,0
C01154,2024-06-13,21,0,-5.85,1,5,1.247,0.479,1,0
C01155,2024-03-17,13,0,0.66,2,1,1.069,0.701,0,0
C01156,2024-01-21,12,0,0.53,0,2,0.766,0.644,0,0
C01157,2024-04-24,39,1,-2.62,0,1,1.118,0.669,0,0
C01158,2024-05-09,1,0,4.54,2,7,1.05,0.888,0,0
C01159,2024-03-06,3,0,-6.11,2,3,0.963,0.326,0,1
C01160,2024-01-29,4,0,18.3,1,0,1.096,0.524,0,0
C01161,2024-06-08,9,0,-0.88,1,6,1.127,0.647,0,0
C01162,2024-06-04,9,0,-9.37,0,10,1.179,0.54,1,0
C01163,2024-04-27,3,0,-7.87,0,2,1.017,0.595,1,1
C01164,2024-02-17,5,0,9.18,1,6,0.902,0.724,0,0
C01165,2024-04-06,6,0,-3.27,0,3,1.045,0.608,0,0
C01166,2024-04-19,87,1,-4.36,1,0,1.298,0.348,0,0
C01167,2024-06-04,51,0,6.83,1,25,1.032,0.977,0,0
C01168,2024-06-10,8,0,-3.32,3,3,0.903,0.403,0,0
C01169,2024-05-14,9,0,5.23,1,5,0.989,0.631,0,0
C01170,2024-04-29,4,0,7.48,6,2,1.406,0.348,0,0
C01171,2024-02-13,2,1,0.88,2,3,1.172,0.644,0,0
C01172,2024-01-22,11,1,7.67,2,5,1.013,0.822,0,0
C01173,2024-05-24,5,0,-13.8,2,1,1.28,0.437,0,0
C01174,2024-01-19,11,0,-6.54,0,20,0.764,0.443,1,1
C01175,2024-04-02,3,0,-2.05,0,9,1.037,0.793,1,0
C01176,2024-04-04,6,0,18.09,4,7,1.434,0.58,0,0
C01177,2024-02-06,13,0,14.38,3,3,1.148,0.605,0,0
C01178,2024-02-18,16,1,4.12,3,2,1.395,0.637,0,0
C01179,2024-06-24,17,0,-6.35,3,11,0.924,0.596,1,1
C01180,2024-05-13,4,0,-5.42,3,7,0.846,0.778,0,1
C01181,2024-03-13,24,1,-2.65,0,3,1.275,0.694,0,0
C01182,2024-05-13,6,0,-6.27,1,1,0.538,0.814,0,0
C01183,2024-01-07,20,0,11.94,1,1,1.04,0.383,0,0
C01184,2024-02-02,12,0,-1.95,4,4,1.238,0.498,0,0
C01185,2024-06-14,4,0,-0.89,2,3,1.126,0.88,0,0
C01186,2024-05-23,9,1,2.48,5,13,0.409,0.968,0,1
C01187,2024-01-23,16,0,-13.31,1,10,0.614,0.592,1,1
C01188,2024-02-07,19,0,0.42,4,4,0.951,0.18,0,0
C01189,2024-03-23,10,0,-8.77,1,4,1.099,0.387,0,0
C01190,2024-03-11,41,1,-0.94,0,1,1.124,0.575,0,0
C01191,2024-04-03,27,0,-4.69,4,11,0.943,0.325,1,1
C01192,2024-05-30,9,0,-5.1,4,4,1.163,0.969,0,1
C01193,2024-05-16,22,0,1.8,2,7,1.074,0.714,0,0
C01194,2024-05-14,57,1,0.71,1,12,0.908,0.644,0,0
C01195,2024-01-15,58,0,-1.76,0,2,1.124,0.855,1,0
C01196,2024-03-21,4,0,2.97,4,2,0.828,0.55,0,0
C01197,2024-05-14,5,1,-2.78,3,41,0.954,0.536,0,1
C01198,2024-05-06,39,0,5.45,2,7,0.753,0.933,1,0
C01199,2024-05-06,5,0,-1.65,1,3,1.107,0.73,1,0
C01200,2024-05-23,4,0,-3.87,3,13,1.051,0.806,1,1
C01201,2024-02-24,8,0,-6.36,1,3,0.91,0.419,0,0
C01202,2024-05-27,17,0,-1.93,4,6,1.129,0.378,1,0
C01203,2024-05-22,11,0,14.97,2,2,1.376,0.663,1,0
C01204,2024-02-08,7,0,-0.51,6,4,0.725,0.577,0,1
C01205,2024-02-02,7,0,-9.16,0,3,1.224,0.404,1,0
C01206,2024-02-28,6,0,7.35,1,2,1.262,0.675,2,1
C01207,2024-06-22,6,1,-1.51,0,5,0.923,0.662,0,0
C01208,2024-04-11,75,0,2.27,0,2,1.19,0.933,1,0
C01209,2024-06-17,15,0,-4.85,4,7,0.901,0.757,1,0
C01210,2024-03-09,24,0,10.25,1,3,1.299,0.771,1,0
C01211,2024-04-28,8,0,-4.73,1,0,0.315,0.852,0,0
C01212,2024-06-27,10,0,11.18,1,7,1.326,0.577,1,1
C01213,2024-03-02,6,0,-8.39,4,7,0.687,0.308,0,0
C01214,2024-05-11,1,0,-2.34,3,34,0.852,0.603,0,0
C01215,2024-03-17,4,0,11.2,4,4,0.777,0.554,0,1
C01216,2024-06-11,2,0,1.35,2,5,1.349,0.373,0,0
C01217,2024-05-17,2,1,7.27,0,6,0.913,0.673,0,0
C01218,2024-05-12,4,0,-2.15,1,11,0.809,0.741,1,1
C01219,2024-02-07,35,0,2.06,1,10,1.23,0.901,0,0
C01220,2024-06-21,11,0,15.24,1,5,1.158,0.989,0,0
C01221,2024-02-26,34,0,-12.11,2,4,0.897,1.0,0,0
C01222,2024-03-13,16,1,-5.24,6,9,0.707,0.831,0,0
C01223,2024-03-20,22,1,-2.55,0,4,0.698,0.456,0,0
C01224,2024-05-06,5,1,2.6,0,1,1.314,0.828,0,0
C01225,2024-05-20,18,0,-12.88,0,1,1.1,0.824,1,0
C01226,2024-06-16,21,1,1.91,1,3,1.028,0.863,0,0
C01227,2024-01-27,7,0,4.21,3,4,1.103,0.437,0,0
C01228,2024-05-31,19,1,6.45,2,41,0.308,0.445,0,0
C01229,2024-01-21,19,0,8.36,0,4,0.899,0.781,1,1
C01230,2024-04-06,7,0,2.91,2,4,0.906,0.291,1,0
C01231,2024-06-11,4,0,10.87,3,3,1.23,0.56,0,0
C01232,2024-05-17,4,1,1.72,0,7,0.598,0.85,0,0
C01233,2024-06-22,13,0,-3.68,0,5,1.238,0.539,0,0
C01234,2024-01-07,15,0,-9.16,2,2,1.439,0.344,0,0
C01235,2024-04-06,6,0,-4.55,0,1,0.565,0.658,0,0
C01236,2024-01-14,12,0,-0.32,3,3,0.989,0.318,1,0
C01237,2024-05-08,19,1,0.56,1,2,1.115,0.862,0,0
C01238,2024-02-03,19,0,-17.08,3,3,1.203,0.577,0,0
C01239,2024-02-04,42,0,-1.76,1,5,0.434,0.723,1,0
C01240,2024-02-21,33,1,0.09,1,2,1.074,0.516,0,0
C01241,2024-06-04,5,0,4.38,2,16,0.865,0.736,0,0
C01242,2024-03-01,46,0,13.01,2,12,0.869,0.601,1,0
C01243,2024-06-05,7,0,1.49,2,3,1.502,0.389,0,0
C01244,2024-04-17,28,0,-7.28,0,1,0.941,0.929,0,0
C01245,2024-01-28,12,0,-14.54,0,4,1.092,0.583,1,1
C01246,2024-02-12,8,0,5.5,1,3,0.955,0.807,1,0
C01247,2024-05-13,2,0,-6.95,2,4,1.04,0.446,1,1
C01248,2024-06-01,10,0,6.93,5,3,1.123,0.709,0,0
C01249,2024-02-07,3,1,4.47,2,1,1.218,0.584,0,0
C01250,2024-03-28,26,1,-4.94,1,4,0.786,0.813,0,0
C01251,2024-03-22,40,0,4.43,2,3,1.023,0.799,0,0
C01252,2024-03-24,6,0,10.34,2,3,1.032,0.822,0,0
C01253,2024-02-29,15,1,3.26,0,4,0.568,0.779,0,0
C01254,2024-06-06,6,0,-16.77,5,4,0.742,0.682,0,1
C01255,2024-06-05,7,0,-6.83,4,4,1.203,0.631,0,0
C01256,2024-03-07,22,0,-10.24,0,3,0.87,0.737,1,0
C01257,2024-03-24,11,0,4.19,0,6,1.623,0.546,1,0
C01258,2024-06-10,48,0,3.31,4,2,1.231,0.823,1,0
C01259,2024-05-27,8,0,-21.58,3,1,1.108,0.631,0,0
C01260,2024-04-01,27,0,-2.41,1,2,1.368,0.432,0,0
C01261,2024-04-19,13,1,2.56,1,2,1.183,0.672,0,0
C01262,2024-05-29,23,0,1.18,1,1,1.041,0.574,2,0
C01263,2024-03-28,8,0,1.17,3,0,0.646,0.546,0,0
C01264,2024-06-04,11,0,-2.92,5,7,1.131,0.799,0,1
C01265,2024-04-30,11,0,-8.47,2,14,1.279,0.734,0,0
C01266,2024-03-10,6,0,-0.14,0,7,0.817,0.739,0,1
C01267,2024-01-01,20,0,0.42,1,2,0.533,0.557,0,0
C01268,2024-05-24,20,0,4.92,2,0,0.733,0.552,1,0
C01269,2024-04-07,19,0,5.57,2,5,1.415,0.245,0,0
C01270,2024-04-15,41,1,0.27,1,1,1.015,0.539,0,0
C01271,2024-02-04,38,0,8.76,2,4,1.345,0.466,0,0
C01272,2024-06-04,9,1,-1.2,1,2,0.995,0.478,0,0
C01273,2024-05-21,16,0,-11.55,2,0,0.876,0.88,0,0
C01274,2024-01-14,7,0,3.82,7,16,1.454,0.461,0,1
C01275,2024-06-04,12,0,1.01,3,1,0.902,0.491,0,0
C01276,2024-03-16,7,0,3.98,4,3,0.923,0.578,0,0
C01277,2024-05-14,44,0,-10.12,5,3,1.1,0.45,0,0
C01278,2024-06-22,16,0,14.33,2,2,0.917,0.997,0,0
C01279,2024-06-18,10,0,5.68,3,6,1.165,0.218,0,0
C01280,2024-06-05,31,0,-2.3,1,2,1.101,0.789,0,0
C01281,2024-01-26,2,1,-2.99,1,6,1.091,0.962,0,0
C01282,2024-04-10,2,0,8.62,1,5,0.821,0.747,1,0
C01283,2024-02-09,23,0,-8.81,3,1,0.579,0.554,2,1
C01284,2024-05-25,12,1,7.24,3,5,0.767,0.459,0,1
C01285,2024-05-08,14,1,-1.96,4,1,0.809,0.336,0,0
C01286,2024-03-05,4,0,13.76,4,1,1.068,0.479,0,0
C01287,2024-01-25,11,0,-1.48,4,5,0.771,0.427,0,0
C01288,2024-06-09,60,0,12.65,1,3,0.619,0.978,0,0
C01289,2024-04-01,23,0,-5.88,2,6,0.683,0.544,0,0
C01290,2024-05-07,13,0,0.15,1,6,1.067,0.6,0,1
C01291,2024-05-03,8,0,6.44,1,1,1.167,0.565,0,0
C01292,2024-04-26,8,0,5.3,3,8,0.833,0.756,1,1
C01293,2024-02-07,2,0,8.81,2,5,0.875,0.63,0,0
C01294,2024-01-29,14,1,-1.56,3,2,1.143,0.619,0,0
C01295,2024-03-13,23,1,0.27,2,3,1.026,0.587,1,0
C01296,2024-06-18,3,0,9.99,4,8,1.257,0.893,1,1
C01297,2024-05-25,7,0,-5.64,2,3,0.946,0.404,0,0
C01298,2024-06-13,4,0,4.58,3,30,0.642,0.134,0,1
C01299,2024-03-06,5,0,-1.75,3,17,1.187,0.902,2,0
C01300,2024-03-06,12,0,1.65,4,4,0.902,0.986,1,1
C01301,2024-05-04,2,0,0.68,4,3,0.788,0.489,0,1
C01302,2024-01-09,19,0,-6.31,2,3,1.208,0.264,0,0
C01303,2024-06-20,22,0,-2.09,0,2,1.352,0.765,0,0
C01304,2024-05-26,9,0,1.16,1,5,1.021,0.695,0,0
C01305,2024-05-17,1,0,-0.82,1,8,0.709,0.508,0,0
C01306,2024-05-18,5,0,12.58,7,1,1.379,0.349,0,0
C01307,2024-05-22,32,0,8.08,4,7,1.059,0.575,0,0
C01308,2024-04-05,1,0,2.32,1,10,1.005,0.8,1,0
C01309,2024-02-26,9,1,-2.44,0,7,0.864,0.873,0,0
C01310,2024-06-25,4,0,-6.59,1,3,1.267,0.972,0,0
C01311,2024-01-31,23,0,15.79,4,7,0.688,0.624,0,0
C01312,2024-06-15,7,0,-8.08,2,14,0.629,0.629,1,0
C01313,2024-05-13,16,0,0.91,2,4,1.454,0.689,0,0
C01314,2024-05-28,19,0,2.89,0,4,0.764,0.534,0,0
C01315,2024-03-21,52,0,-2.49,1,30,1.09,0.575,1,0
C01316,2024-05-12,10,0,-8.02,1,5,1.32,0.367,0,0
C01317,2024-05-04,16,0,-6.28,1,1,1.048,0.754,1,0
C01318,2024-06-01,3,1,-1.75,5,9,0.735,0.452,0,1
C01319,2024-02-25,31,1,-2.27,2,6,1.127,0.803,0,0
C01320,2024-05-13,6,0,10.62,1,2,1.338,0.774,0,0
C01321,2024-02-07,7,0,-0.07,0,1,1.081,0.709,0,0
C01322,2024-06-24,11,0,-4.19,2,5,0.788,0.6,1,1
C01323,2024-03-31,3,0,0.86,4,4,1.057,0.781,0,0
C01324,2024-06-12,14,0,5.34,3,1,0.649,0.802,0,1
C01325,2024-01-21,26,0,-2.76,2,4,0.737,0.625,0,0
C01326,2024-03-04,15,1,2.89,1,3,0.92,0.734,1,0
C01327,2024-04-11,3,0,-10.17,3,4,0.995,0.732,3,0
C01328,2024-06-24,11,0,9.37,5,6,0.669,0.703,0,0
C01329,2024-02-13,22,0,-0.07,2,0,1.062,0.907,0,0
C01330,2024-03-23,2,0,-0.38,1,1,1.125,0.517,0,0
C01331,2024-01-27,5,0,-5.54,4,2,0.936,0.492,0,1
C01332,2024-05-21,24,0,-9.82,4,14,0.39,0.818,1,0
C01333,2024-03-27,15,0,-13.33,2,37,0.841,0.426,1,1
C01334,2024-02-11,16,1,-2.44,2,4,1.434,0.834,0,0
C01335,2024-04-16,53,0,4.7,1,4,1.094,0.789,0,0
C01336,2024-05-05,17,1,-3.08,2,0,1.004,0.258,0,0
C01337,2024-05-22,20,0,-12.39,4,10,0.857,0.583,0,0
C01338,2024-03-01,106,0,-7.27,0,6,1.114,1.0,1,0
C01339,2024-02-21,10,0,-3.08,3,5,1.027,0.178,0,1
C01340,2024-05-03,6,0,-2.76,3,1,1.172,0.569,0,0
C01341,2024-04-13,17,0,-1.03,4,26,0.596,0.423,0,1
C01342,2024-02-08,17,0,8.26,1,17,0.945,0.812,1,0
C01343,2024-04-14,7,0,9.99,2,5,0.86,0.898,0,1
C01344,2024-04-17,5,0,16.04,6,10,1.043,0.704,1,0
C01345,2024-01-30,77,0,-13.0,0,4,0.494,0.901,0,0
C01346,2024-06-27,15,1,-2.74,5,9,0.857,0.625,0,0
C01347,2024-01-04,6,0,5.59,1,1,1.131,0.878,0,0
C01348,2024-04-28,25,0,-3.63,1,0,1.176,0.364,0,0
C01349,2024-04-19,11,1,2.75,1,1,0.987,0.833,0,0
C01350,2024-02-27,9,0,1.66,3,2,0.45,0.716,1,0
C01351,2024-04-06,19,0,12.63,1,2,1.15,0.882,2,0
C01352,2024-02-21,4,0,8.34,4,6,1.366,0.498,1,1
C01353,2024-06-19,16,0,8.49,1,3,0.775,0.456,0,0
C01354,2024-03-20,56,0,-3.29,3,4,0.874,1.0,0,0
C01355,2024-04-17,17,0,-0.78,3,1,1.197,0.425,0,0
C01356,2024-03-03,9,0,-2.44,1,1,1.203,0.945,2,0
C01357,2024-02-06,8,0,-12.05,1,4,1.254,0.65,0,0
C01358,2024-01-29,8,0,11.77,2,2,1.244,0.537,0,0
C01359,2024-05-13,9,0,5.96,0,4,0.597,0.599,1,1
C01360,2024-06-21,9,0,-2.76,5,7,0.845,0.475,0,0
C01361,2024-01-04,25,1,4.17,2,19,1.062,0.861,1,0
C01362,2024-01-25,3,1,-2.02,3,4,0.958,0.821,0,0
C01363,2024-05-06,24,0,-14.71,1,22,0.981,0.722,0,0
C01364,2024-02-09,8,0,8.06,4,6,0.937,0.783,0,0
C01365,2024-05-26,16,0,-10.23,1,8,0.851,0.443,1,0
C01366,2024-05-18,4,0,-1.57,2,11,0.885,0.387,0,0
C01367,2024-01-31,35,0,1.65,0,8,0.68,1.0,0,0
C01368,2024-01-16,33,1,1.23,0,2,0.809,0.615,0,0
C01369,2024-02-19,26,0,6.79,1,11,0.928,0.873,0,0
C01370,2024-01-26,3,0,4.65,2,3,0.973,0.576,2,0
C01371,2024-01-18,23,1,1.76,1,5,1.117,0.546,0,0
C01372,2024-06-16,16,0,-6.33,2,5,0.904,0.745,3,1
C01373,2024-02-05,3,0,2.35,2,12,1.359,0.356,0,0
C01374,2024-04-09,11,0,-12.04,4,6,1.277,0.923,1,0
C01375,2024-02-15,16,0,12.5,5,1,0.869,0.923,0,0
C01376,2024-02-04,19,0,-11.22,1,29,0.904,0.796,1,1
C01377,2024-02-20,14,0,-2.77,3,9,1.258,0.62,0,0
C01378,2024-02-14,15,0,-10.55,2,2,0.83,0.453,0,0
C01379,2024-03-23,39,0,-5.84,1,1,0.808,0.56,0,0
C01380,2024-04-19,32,0,0.11,4,10,1.275,0.964,1,0
C01381,2024-06-19,1,0,-4.23,0,1,1.168,0.805,0,0
C01382,2024-05-06,9,0,9.15,4,9,1.223,0.696,0,0
C01383,2024-01-14,10,0,1.82,2,11,1.024,0.499,0,0
C01384,2024-01-31,2,0,-3.7,2,2,0.926,0.783,0,0
C01385,2024-03-02,13,0,-1.07,2,2,0.655,0.606,0,0
C01386,2024-04-17,33,0,9.76,3,2,1.024,0.843,0,0
C01387,2024-02-09,5,0,7.27,1,1,1.303,0.526,1,0
C01388,2024-04-10,15,0,-9.11,3,5,1.286,0.501,0,0
C01389,2024-05-15,5,0,-5.45,4,6,1.238,0.678,1,0
C01390,2024-01-06,7,1,1.52,3,8,1.157,0.893,0,0
C01391,2024-06-17,39,0,2.83,0,2,1.543,0.639,0,0
C01392,2024-05-06,7,1,-3.36,3,9,0.567,0.536,0,0
C01393,2024-03-19,17,0,5.99,4,1,1.053,0.457,0,0
C01394,2024-02-10,2,0,-7.13,0,9,0.721,0.816,0,0
C01395,2024-06-11,54,1,4.17,0,1,1.383,1.0,0,0
C01396,2024-02-27,19,0,4.24,2,18,0.772,0.492,0,0
C01397,2024-06-03,10,0,-9.06,3,2,1.242,0.211,0,0
C01398,2024-06-08,19,1,-1.69,1,7,0.853,0.397,0,0
C01399,2024-03-05,3,0,-4.37,3,8,1.065,0.832,1,0
C01400,2024-01-07,31,0,1.28,3,1,0.968,0.995,0,0
C01401,2024-01-19,9,0,-1.63,3,9,0.952,0.84,1,0
C01402,2024-04-22,10,0,-9.16,2,2,1.073,0.539,0,0
C01403,2024-06-23,8,0,-11.15,3,3,1.215,0.447,0,0
C01404,2024-05-24,7,0,4.39,0,2,0.963,0.75,0,0
C01405,2024-05-25,21,1,0.92,2,19,1.128,0.485,0,0
C01406,2024-06-09,14,0,0.84,5,1,1.254,0.737,1,0
C01407,2024-05-09,20,0,2.17,1,6,0.866,0.919,0,1
C01408,2024-02-07,12,0,-4.95,3,2,1.461,0.623,0,0
C01409,2024-03-20,18,0,1.47,1,11,1.131,0.966,1,0
C01410,2024-03-03,8,1,8.12,3,36,0.712,0.746,0,0
C01411,2024-02-07,72,1,3.76,3,2,1.144,0.956,0,0
C01412,2024-04-01,3,0,-2.31,4,5,1.235,0.554,0,0
C01413,2024-03-01,33,1,-1.67,2,3,1.132,0.617,0,0
C01414,2024-05-29,36,1,-9.15,1,11,0.995,0.837,0,0
C01415,2024-03-23,6,1,3.42,3,3,0.122,0.139,0,0
C01416,2024-04-21,72,1,2.52,0,10,0.708,0.922,0,0
C01417,2024-04-23,27,0,-4.35,1,3,1.155,0.959,0,0
C01418,2024-01-28,26,0,-11.45,0,33,0.588,0.505,0,1
C01419,2024-01-21,12,0,-9.24,1,0,1.128,0.7,0,0
C01420,2024-03-27,10,1,1.42,2,6,1.191,0.394,0,0
C01421,2024-05-08,10,0,-0.71,3,4,0.952,0.654,0,0
C01422,2024-04-25,16,0,5.53,1,4,0.539,0.609,0,0
C01423,2024-05-10,37,1,0.28,1,5,0.791,0.379,0,0
C01424,2024-06-01,14,1,3.09,0,4,1.151,0.58,0,0
C01425,2024-06-27,5,0,2.96,3,5,1.289,0.699,0,0
C01426,2024-05-21,23,1,2.65,2,6,0.45,0.184,0,0
C01427,2024-05-20,25,0,-16.72,2,21,0.915,0.985,0,0
C01428,2024-04-22,20,0,-9.87,3,0,0.633,0.756,0,0
C01429,2024-06-27,22,0,-2.91,5,23,0.908,0.348,0,1
C01430,2024-05-26,9,1,3.45,1,44,0.741,0.82,0,1
C01431,2024-01-12,5,1,6.02,3,0,1.59,0.476,0,0
C01432,2024-01-13,6,0,-1.31,4,4,0.845,0.556,0,0
C01433,2024-06-16,3,0,-4.89,0,15,1.187,0.515,0,0
C01434,2024-06-18,14,0,-15.64,1,10,1.202,0.792,1,0
C01435,2024-05-23,11,0,6.91,2,20,0.851,0.787,0,0
C01436,2024-05-19,8,1,-1.76,4,6,1.0,0.319,0,0
C01437,2024-04-11,1,0,23.67,0,0,1.0,0.636,0,0
C01438,2024-04-29,4,0,-5.92,3,14,0.744,0.688,0,1
C01439,2024-03-04,29,0,16.84,4,7,0.757,0.778,0,0
C01440,2024-04-21,7,0,5.99,3,16,0.818,0.597,0,1
C01441,2024-01-27,16,0,-8.23,2,1,0.71,0.703,2,1
C01442,2024-04-07,4,1,0.74,1,1,0.87,0.544,0,0
C01443,2024-01-13,38,0,6.17,2,4,0.931,1.0,0,0
C01444,2024-02-08,10,0,-1.8,3,14,0.97,0.419,0,1
C01445,2024-03-05,15,0,6.7,3,19,1.016,0.591,3,1
C01446,2024-04-23,78,0,6.53,1,2,0.941,0.771,0,0
C01447,2024-03-14,40,1,1.91,4,3,0.793,0.399,0,0
C01448,2024-03-15,9,1,-0.05,1,59,0.811,0.63,0,1
C01449,2024-05-16,7,0,-9.4,2,2,1.188,0.375,0,0
C01450,2024-05-13,9,1,-0.25,3,8,0.839,0.241,0,0
C01451,2024-02-15,18,0,1.41,0,2,0.744,0.418,0,0
C01452,2024-02-07,11,0,-15.01,1,6,0.858,0.464,1,0
C01453,2024-02-20,8,0,1.35,0,2,0.945,0.471,0,0
C01454,2024-01-27,39,0,-0.77,2,2,1.276,0.629,0,0
C01455,2024-02-03,11,1,-4.15,0,3,1.158,0.728,0,0
C01456,2024-06-16,76,0,-2.66,0,2,0.989,1.0,1,0
C01457,2024-06-20,13,0,-2.49,2,3,1.46,0.342,0,0
C01458,2024-04-04,50,0,15.44,1,7,0.956,0.984,0,0
C01459,2024-01-27,16,1,0.7,0,24,1.233,0.621,0,0
C01460,2024-06-25,26,1,3.32,1,2,1.295,0.327,0,0
C01461,2024-04-04,6,0,-0.94,1,1,1.283,0.583,1,0
C01462,2024-02-13,6,0,-14.99,4,4,1.06,0.723,0,0
C01463,2024-03-05,17,0,5.38,1,2,1.019,0.903,1,0
C01464,2024-03-09,26,1,-2.11,2,1,0.996,0.95,0,0
C01465,2024-04-12,12,0,-2.68,2,11,1.158,0.709,0,0
C01466,2024-03-04,4,0,-8.42,2,4,0.783,0.837,3,1
C01467,2024-01-02,4,0,0.58,2,5,0.909,0.607,1,0
C01468,2024-02-19,3,0,8.52,4,0,1.417,0.935,0,0
C01469,2024-06-03,2,0,7.46,3,2,1.146,0.365,0,0
C01470,2024-06-06,13,1,5.08,4,1,1.234,0.793,0,0
C01471,2024-03-13,29,0,13.82,1,4,0.675,0.924,1,0
C01472,2024-05-22,12,0,-16.37,1,5,0.867,0.749,3,1
C01473,2024-02-16,1,0,-9.55,0,5,1.058,0.503,0,0
C01474,2024-02-22,10,1,-5.79,0,2,0.98,0.501,1,0
C01475,2024-02-26,10,0,5.06,2,2,0.684,0.893,0,0
C01476,2024-05-30,65,1,-2.22,1,3,1.175,0.462,0,0
C01477,2024-06-23,3,0,-3.91,7,6,1.239,0.471,0,1
C01478,2024-06-19,8,0,-1.73,2,2,0.919,0.942,1,0
C01479,2024-03-07,47,0,3.06,2,1,1.194,0.885,0,0
C01480,2024-05-08,17,0,-11.88,0,2,1.497,0.691,0,0
C01481,2024-03-25,19,1,-4.03,1,2,1.371,0.505,0,0
C01482,2024-06-01,13,1,0.0,2,2,0.93,0.493,1,0
C01483,2024-06-04,15,0,9.59,1,1,0.719,0.788,0,0
C01484,2024-06-03,22,1,-0.08,1,3,1.043,0.895,0,0
C01485,2024-06-28,6,0,-6.33,2,13,1.522,0.608,0,0
C01486,2024-02-13,24,0,-17.19,2,3,1.32,0.919,1,0
C01487,2024-06-24,4,1,3.05,1,1,0.993,0.698,0,0
C01488,2024-02-09,15,0,-5.89,0,0,1.391,0.83,1,0
C01489,2024-01-25,14,0,-9.18,6,23,1.177,0.489,1,1
C01490,2024-05-18,7,0,-13.72,1,12,0.465,0.56,0,1
C01491,2024-04-10,11,0,-11.51,2,5,1.24,0.75,2,1
C01492,2024-05-17,7,1,-3.08,1,12,0.97,0.307,0,0
C01493,2024-04-17,5,0,-1.91,2,7,0.748,0.229,1,1
C01494,2024-03-16,9,0,-9.67,4,4,1.003,0.794,1,1
C01495,2024-05-20,5,0,1.49,1,1,1.099,0.545,1,0
C01496,2024-04-23,15,1,-0.79,0,24,0.681,0.562,0,0
C01497,2024-03-28,4,0,17.78,5,3,0.955,0.713,2,1
C01498,2024-04-03,21,0,-13.64,0,3,0.902,0.627,1,0
C01499,2024-03-25,4,0,1.29,3,4,1.179,0.819,1,0
C01500,2024-02-02,7,0,1.39,1,4,0.905,0.723,2,1
C01501,2024-03-05,7,0,-8.24,3,7,0.54,0.792,0,1
C01502,2024-01-22,35,0,0.76,3,6,0.858,0.64,0,1
C01503,2024-05-11,15,0,6.16,2,2,0.753,0.241,0,1
C01504,2024-05-05,10,0,0.77,3,4,0.656,0.705,0,0
C01505,2024-04-27,18,1,4.43,1,7,1.26,0.464,0,0
C01506,2024-02-23,2,0,-17.42,2,2,1.191,0.645,1,0
C01507,2024-06-26,11,0,-6.74,0,16,0.678,0.573,0,0
C01508,2024-05-14,60,0,11.8,1,4,0.663,0.735,1,0
C01509,2024-04-15,13,0,7.3,2,18,0.884,0.943,0,0
C01510,2024-04-22,12,0,4.32,3,1,0.664,0.668,1,0
C01511,2024-06-14,18,1,3.95,2,8,0.899,0.669,0,0
C01512,2024-01-02,24,1,-6.13,5,2,1.008,0.81,0,0
C01513,2024-06-23,2,0,6.36,1,2,1.066,0.777,0,1
C01514,2024-03-25,3,0,8.51,5,10,1.035,0.566,2,0
C01515,2024-01-07,14,0,-5.27,2,3,0.79,0.926,2,1
C01516,2024-03-03,6,1,8.41,0,46,0.788,0.995,0,0
C01517,2024-01-07,34,0,1.57,3,7,1.285,0.676,0,0
C01518,2024-04-19,9,1,-7.02,1,2,0.466,0.974,0,0
C01519,2024-06-25,2,0,3.05,4,7,1.046,0.45,0,0
C01520,2024-04-24,4,0,-5.76,2,3,0.69,0.365,0,0
C01521,2024-04-17,1,0,9.32,0,9,1.306,0.663,0,0
C01522,2024-01-12,10,0,4.38,0,3,1.189,0.875,0,0
C01523,2024-02-20,10,0,-4.78,4,6,1.166,0.893,0,0
C01524,2024-02-18,8,0,12.02,2,5,0.762,0.921,0,1
C01525,2024-03-20,28,1,3.01,1,4,1.046,0.513,0,0
C01526,2024-05-26,31,0,-6.62,3,11,1.039,1.0,0,0
C01527,2024-03-20,10,1,-0.49,1,0,0.407,0.842,0,1
C01528,2024-01-29,2,0,4.14,3,4,1.017,0.421,0,1
C01529,2024-01-19,19,0,-2.91,1,2,1.143,0.76,0,0
C01530,2024-01-20,18,0,-2.68,0,1,0.641,0.354,0,1
C01531,2024-06-12,15,0,0.29,0,2,1.14,0.398,0,0
C01532,2024-02-10,26,1,-3.41,0,2,1.015,0.806,1,0
C01533,2024-02-27,4,1,-7.14,2,3,1.33,0.632,0,0
C01534,2024-04-01,60,1,0.77,0,6,0.867,0.6,0,0
C01535,2024-04-08,5,1,-6.36,3,7,1.009,0.493,0,0
C01536,2024-05-27,22,0,-7.94,1,3,1.07,0.541,0,0
C01537,2024-06-05,3,0,-14.17,2,18,0.208,0.624,1,1
C01538,2024-02-08,5,1,-5.28,3,3,0.896,0.607,0,0
C01539,2024-06-09,40,0,3.41,1,0,1.022,0.924,0,0
C01540,2024-03-14,9,1,-0.71,4,3,0.396,0.803,0,1
C01541,2024-02-03,23,0,-2.07,2,4,1.149,0.446,1,0
C01542,2024-04-04,14,0,-10.53,0,0,1.021,0.734,0,0
C01543,2024-01-31,11,0,-5.25,1,13,0.955,0.915,0,0
C01544,2024-03-05,36,0,3.01,2,4,1.16,0.785,1,0
C01545,2024-01-25,10,0,-0.42,2,1,0.892,0.673,0,1
C01546,2024-05-15,2,0,6.58,3,1,1.006,0.926,1,0
C01547,2024-02-12,6,0,7.72,2,8,1.176,0.516,0,0
C01548,2024-06-17,18,0,-2.02,3,9,0.969,0.781,0,0
C01549,2024-02-27,16,0,-14.82,2,2,0.529,0.678,0,1
C01550,2024-01-29,3,0,-6.05,2,1,1.008,0.499,0,0
C01551,2024-05-10,6,0,-0.78,2,5,0.991,0.802,1,0
C01552,2024-03-29,7,1,-2.48,2,5,1.2,0.401,0,0
C01553,2024-01-28,9,0,-8.44,4,7,0.879,0.626,0,1
C01554,2024-03-10,4,0,0.56,2,2,0.746,0.522,0,1
C01555,2024-02-09,7,0,19.44,4,4,0.736,0.587,0,1
C01556,2024-05-02,6,0,-3.91,3,4,1.341,0.835,1,0
C01557,2024-03-08,22,0,-0.02,0,10,1.022,0.885,1,0
C01558,2024-01-18,23,0,-10.5,4,14,1.278,0.628,0,0
C01559,2024-01-05,10,0,9.95,2,18,1.294,0.755,0,0
C01560,2024-06-22,8,0,7.0,0,14,0.744,0.596,0,0
C01561,2024-02-15,13,0,6.45,1,22,0.685,0.569,1,1
C01562,2024-05-27,6,0,10.88,2,11,0.913,0.513,1,0
C01563,2024-03-24,4,0,-3.42,2,2,1.144,0.381,0,0
C01564,2024-05-02,5,0,-2.42,6,17,0.565,0.238,0,1
C01565,2024-04-10,7,0,13.68,2,1,1.109,0.716,0,0
C01566,2024-03-16,4,0,5.06,5,37,0.916,0.533,0,1
C01567,2024-04-24,13,0,-17.75,2,1,0.714,0.947,1,1
C01568,2024-01-19,21,0,3.64,1,9,0.682,0.893,0,0
C01569,2024-03-11,3,0,-4.65,1,16,1.031,0.357,0,1
C01570,2024-01-22,12,0,7.19,2,6,1.488,0.609,2,0
C01571,2024-04-11,10,0,3.27,3,0,0.926,0.435,1,0
C01572,2024-04-07,16,1,-5.57,1,1,1.077,0.805,0,0
C01573,2024-06-03,12,0,2.15,6,6,0.819,0.929,1,0
C01574,2024-01-03,3,0,1.69,5,7,1.024,0.691,1,0
C01575,2024-05-10,4,0,2.91,3,3,0.829,0.922,1,0
C01576,2024-04-29,12,1,1.84,1,4,0.915,0.823,0,0
C01577,2024-04-13,27,0,11.97,4,1,1.607,0.709,2,0
C01578,2024-06-09,2,0,3.31,3,22,0.917,0.654,1,1
C01579,2024-05-19,16,1,0.07,1,3,0.594,0.452,0,0
C01580,2024-03-01,31,0,9.18,2,9,1.116,0.531,1,0
C01581,2024-02-22,10,0,17.94,1,15,1.207,0.834,0,0
C01582,2024-05-11,18,0,7.32,4,1,1.164,0.674,0,0
C01583,2024-06-21,6,0,1.65,4,5,0.931,0.714,2,1
C01584,2024-02-28,11,0,3.46,3,5,0.746,0.83,1,0
C01585,2024-05-04,3,0,2.05,1,3,0.762,0.583,0,0
C01586,2024-02-05,1,0,0.15,1,10,0.903,0.42,0,1
C01587,2024-04-30,25,0,17.32,0,2,0.898,0.487,0,0
C01588,2024-02-21,5,0,-5.99,3,4,0.84,0.683,1,1
C01589,2024-05-21,8,1,3.7,0,3,1.289,0.362,0,0
C01590,2024-05-07,4,0,-1.01,2,36,1.05,0.393,0,0
C01591,2024-01-01,3,0,-11.84,4,2,1.307,0.494,0,0
C01592,2024-05-13,10,0,-1.51,1,8,0.763,0.69,0,0
C01593,2024-01-26,6,0,-4.37,5,22,0.66,0.638,0,1
C01594,2024-02-12,16,0,4.62,2,1,1.014,0.282,0,0
C01595,2024-04-13,17,0,0.73,3,4,1.084,0.499,0,0
C01596,2024-04-15,15,0,-8.18,1,1,1.013,0.757,0,0
C01597,2024-04-19,14,1,4.71,2,0,1.087,0.863,0,0
C01598,2024-02-29,43,1,3.49,1,2,1.386,0.902,0,0
C01599,2024-06-10,5,0,12.69,2,2,0.935,0.352,0,1
C01600,2024-04-23,11,0,1.9,2,2,1.192,0.731,0,0
C01601,2024-04-05,30,0,-0.29,3,3,1.114,0.885,1,0
C01602,2024-05-12,33,0,5.63,2,4,1.004,0.405,0,0
C01603,2024-02-18,3,0,-4.62,3,1,1.185,0.793,0,0
C01604,2024-03-17,9,1,0.42,2,6,0.778,0.184,0,0
C01605,2024-03-29,36,1,-0.56,1,13,0.693,0.898,1,0
C01606,2024-01-22,18,0,-11.69,1,14,1.038,0.435,0,0
C01607,2024-02-26,14,1,0.41,2,3,0.575,0.533,0,0
C01608,2024-05-25,10,1,-1.41,1,10,1.078,0.479,0,0
C01609,2024-05-02,8,0,-1.94,1,2,0.708,0.636,0,0
C01610,2024-06-14,15,1,1.16,3,3,1.364,0.588,0,0
C01611,2024-04-20,9,0,10.18,7,6,0.871,0.886,0,0
C01612,2024-01-10,11,0,-6.79,1,3,1.348,0.546,0,0
C01613,2024-02-04,12,0,-2.69,0,1,0.942,0.393,1,0
C01614,2024-02-28,7,0,-6.12,2,9,0.892,0.571,1,0
C01615,2024-03-07,18,0,-6.64,3,2,1.206,0.63,1,0
C01616,2024-06-25,120,0,-4.76,0,2,1.063,0.912,0,0
C01617,2024-05-01,2,0,-1.57,4,11,0.928,0.592,0,1
C01618,2024-06-05,15,0,4.69,1,7,0.864,0.662,0,0
C01619,2024-06-18,6,0,2.56,2,5,0.876,0.271,0,0
C01620,2024-04-16,19,0,-8.45,2,1,1.584,0.989,0,0
C01621,2024-03-12,12,0,10.35,1,1,0.576,0.953,0,0
C01622,2024-04-03,22,0,7.56,2,6,0.669,0.963,0,0
C01623,2024-05-09,31,1,-2.88,2,7,1.259,0.68,0,0
C01624,2024-05-12,14,0,9.79,2,5,1.25,0.326,1,0
C01625,2024-03-16,30,0,2.62,2,2,0.759,0.908,0,0
C01626,2024-01-19,1,0,-1.25,5,2,0.552,0.576,0,1
C01627,2024-03-09,43,0,2.86,2,5,1.293,0.774,0,0
C01628,2024-03-21,16,1,-0.08,1,1,0.733,0.88,0,0
C01629,2024-04-23,28,0,4.36,1,4,0.857,0.536,0,0
C01630,2024-04-15,4,0,1.5,1,1,1.019,0.825,1,0
C01631,2024-06-21,6,0,-2.7,0,1,0.727,0.722,0,0
C01632,2024-05-02,13,1,-6.48,3,5,1.206,0.905,0,0
C01633,2024-02-27,12,0,4.22,1,7,0.97,0.674,1,1
C01634,2024-05-22,15,0,-2.99,1,6,0.749,0.706,3,1
C01635,2024-03-20,29,1,2.49,1,1,0.797,0.883,0,0
C01636,2024-03-02,2,0,3.85,3,0,1.324,0.82,1,0
C01637,2024-01-10,26,0,-2.78,0,4,0.91,0.563,0,0
C01638,2024-05-18,12,0,8.18,2,0,1.154,0.943,0,0
C01639,2024-04-23,10,0,1.64,1,10,0.948,0.426,2,0
C01640,2024-01-13,3,1,0.52,2,1,0.556,0.595,0,0
C01641,2024-03-08,18,0,-1.1,1,33,1.022,0.487,1,0
C01642,2024-03-16,1,1,5.39,4,1,1.263,0.675,1,0
C01643,2024-01-22,20,0,-5.71,0,6,1.431,0.787,2,0
C01644,2024-05-18,3,0,-2.58,2,2,0.515,0.91,0,0
C01645,2024-04-21,12,0,-9.9,2,3,0.195,0.616,0,1
C01646,2024-02-09,11,0,5.81,3,5,1.135,0.738,0,0
C01647,2024-05-02,31,0,-4.66,3,9,0.805,0.45,2,0
C01648,2024-04-11,10,0,-3.76,3,11,0.587,0.835,1,0
C01649,2024-01-23,6,0,-4.14,3,8,0.987,0.468,0,0
C01650,2024-04-14,8,0,0.5,1,11,0.833,0.75,0,0
C01651,2024-04-17,33,0,-10.01,1,2,0.671,0.25,0,0
C01652,2024-02-03,18,1,-7.18,1,8,0.939,0.88,0,0
C01653,2024-05-31,8,0,3.66,4,3,1.127,0.201,1,1
C01654,2024-05-14,10,0,-16.91,2,10,0.994,0.543,0,0
C01655,2024-04-07,3,0,6.83,2,4,1.026,0.804,0,0
C01656,2024-05-08,16,1,4.99,2,7,1.076,0.737,0,0
C01657,2024-05-23,2,0,-1.31,0,5,0.552,0.378,2,1
C01658,2024-04-01,22,0,10.4,1,8,0.947,0.951,0,0
C01659,2024-03-29,13,0,-0.19,2,2,1.05,0.539,0,0
C01660,2024-03-15,82,0,12.79,0,1,0.901,0.681,1,0
C01661,2024-02-11,5,0,-3.65,0,10,0.743,0.896,1,1
C01662,2024-04-09,11,0,-18.92,4,15,0.738,0.549,0,0
C01663,2024-01-28,51,1,-0.26,3,4,0.907,0.599,0,0
C01664,2024-01-06,31,0,13.66,1,9,1.184,1.0,2,0
C01665,2024-02-11,6,0,4.28,1,1,1.377,0.356,2,0
C01666,2024-01-19,14,0,-4.12,1,2,1.321,0.291,1,0
C01667,2024-04-25,12,0,2.63,3,4,0.59,0.509,0,0
C01668,2024-01-30,15,0,7.77,1,0,0.765,0.863,0,0
C01669,2024-02-22,6,0,-0.68,4,1,1.159,0.736,0,0
C01670,2024-03-17,11,0,21.01,4,5,1.3,0.87,1,0
C01671,2024-04-08,3,0,-4.14,2,2,0.748,0.981,0,0
C01672,2024-01-29,13,0,8.02,0,3,1.031,0.746,0,0
C01673,2024-05-24,17,1,2.44,5,3,0.702,0.685,0,0
C01674,2024-01-22,10,0,-5.6,2,1,1.064,0.466,0,0
C01675,2024-01-18,3,0,-3.4,3,3,0.824,0.779,0,0
C01676,2024-01-29,26,0,8.14,1,4,1.026,0.992,0,0
C01677,2024-01-22,16,0,1.16,4,2,0.687,1.0,0,0
C01678,2024-01-26,6,0,2.7,0,2,0.582,0.787,0,0
C01679,2024-05-12,9,1,-5.24,1,3,1.76,0.699,0,0
C01680,2024-04-19,3,0,5.25,2,9,0.972,0.686,0,0
C01681,2024-01-06,5,0,2.3,1,4,1.514,0.533,0,0
C01682,2024-04-15,7,0,-0.51,0,0,1.377,0.589,1,0
C01683,2024-02-07,32,1,1.15,1,1,0.586,0.965,0,0
C01684,2024-01-15,7,0,-3.27,4,10,1.04,0.226,0,1
C01685,2024-03-18,20,1,-1.89,0,2,0.666,0.489,0,0
C01686,2024-05-27,7,0,-1.94,2,4,0.906,0.746,1,0
C01687,2024-06-23,14,0,-3.71,2,25,0.404,0.472,0,1
C01688,2024-01-14,10,0,17.44,1,7,0.571,0.491,0,1
C01689,2024-04-04,24,0,7.29,1,0,0.786,0.764,0,0
C01690,2024-03-30,7,0,-7.75,2,16,0.784,0.63,1,0
C01691,2024-01-26,3,0,16.29,2,5,0.985,0.556,0,0
C01692,2024-04-17,4,0,-3.46,1,6,0.711,0.559,1,1
C01693,2024-04-15,7,0,0.24,2,5,1.012,0.617,0,0
C01694,2024-01-06,4,0,7.18,3,10,1.234,0.665,0,0
C01695,2024-03-08,16,1,-6.3,3,4,1.048,0.703,0,0
C01696,2024-06-14,8,0,-1.9,1,1,0.978,0.607,1,0
C01697,2024-01-11,81,1,-1.83,0,5,1.06,0.966,0,0
C01698,2024-01-17,3,0,1.64,4,1,0.636,0.682,0,0
C01699,2024-03-31,14,0,2.96,5,22,1.128,0.593,0,0
C01700,2024-06-24,4,0,-0.62,3,3,0.686,0.587,0,0
C01701,2024-04-24,8,0,-0.99,2,4,1.368,1.0,0,0
C01702,2024-04-30,13,0,8.52,1,2,1.183,0.916,1,0
C01703,2024-06-21,1,0,2.41,0,6,1.109,0.781,1,0
C01704,2024-01-11,14,0,0.33,1,6,1.12,0.734,1,0
C01705,2024-05-10,55,0,1.18,1,2,0.99,0.71,1,0
C01706,2024-06-13,8,1,5.87,2,6,0.773,0.651,0,0
C01707,2024-05-20,14,0,1.38,3,4,0.745,0.112,0,0
C01708,2024-02-08,27,0,-4.12,1,4,1.418,0.423,1,0
C01709,2024-06-13,10,0,-15.27,2,2,1.016,0.254,0,0
C01710,2024-03-23,7,0,-11.47,2,35,0.546,0.71,1,1
C01711,2024-02-28,1,0,-3.74,2,12,1.069,0.934,0,0
C01712,2024-02-07,20,0,-0.87,0,8,1.046,0.728,0,0
C01713,2024-04-11,11,1,-1.78,4,12,0.858,0.986,1,0
C01714,2024-01-29,5,0,2.81,3,5,0.75,0.945,1,1
C01715,2024-06-23,13,0,-4.55,4,3,1.169,0.386,0,0
C01716,2024-02-14,7,0,-7.32,4,0,1.237,0.747,1,0
C01717,2024-04-09,7,0,4.9,1,1,1.076,0.849,1,0
C01718,2024-01-08,19,0,10.96,5,31,0.863,0.57,0,1
C01719,2024-01-24,4,0,-8.86,1,12,0.744,0.554,0,0
C01720,2024-06-03,28,0,1.95,1,5,1.095,0.849,0,0
C01721,2024-06-21,3,0,-15.24,3,1,0.836,0.181,2,1
C01722,2024-03-15,7,0,-11.8,4,7,0.647,0.764,0,1
C01723,2024-03-04,56,1,-1.88,2,3,1.266,0.669,0,0
C01724,2024-04-27,30,0,9.08,3,8,0.703,0.685,0,0
C01725,2024-02-15,13,0,-6.23,2,1,0.521,0.543,0,0
C01726,2024-02-21,5,0,-6.53,2,2,1.317,0.728,0,0
C01727,2024-04-23,7,0,0.29,1,9,0.519,0.731,0,0
C01728,2024-03-28,12,0,0.3,1,25,0.778,0.778,0,0
C01729,2024-03-04,12,0,-6.28,4,2,0.716,0.393,0,0
C01730,2024-02-19,11,0,15.89,2,1,0.814,0.37,0,1
C01731,2024-03-15,11,0,-2.12,2,11,1.501,0.619,0,0
C01732,2024-06-01,10,0,0.91,3,1,0.97,0.456,0,0
C01733,2024-02-08,3,1,-1.29,3,1,1.085,0.68,0,0
C01734,2024-02-12,8,1,1.41,0,5,1.173,0.851,0,0
C01735,2024-01-07,25,0,9.88,1,29,0.693,0.179,0,0
C01736,2024-02-04,4,0,13.31,1,2,1.259,0.612,1,0
C01737,2024-01-14,10,0,-6.1,3,3,1.079,0.41,0,0
C01738,2024-04-22,6,0,8.81,2,4,1.168,0.631,1,0
C01739,2024-02-19,13,0,4.4,0,2,0.809,0.549,0,0
C01740,2024-05-02,8,0,7.8,3,0,1.111,0.755,0,0
C01741,2024-03-17,39,0,-0.74,2,9,0.953,0.915,1,0
C01742,2024-05-13,18,0,-1.5,0,5,1.257,0.432,0,0
C01743,2024-05-28,4,0,7.49,3,6,0.835,0.727,1,0
C01744,2024-01-05,20,0,7.64,4,3,1.493,0.583,1,0
C01745,2024-02-08,6,0,12.53,0,17,1.0,0.068,0,0
C01746,2024-05-31,7,1,0.64,3,2,0.959,0.919,0,0
C01747,2024-04-27,15,0,-0.86,2,1,0.934,0.38,0,0
C01748,2024-01-06,8,0,-19.68,2,20,0.898,0.662,0,1
C01749,2024-06-15,24,0,-12.89,2,0,0.843,0.41,0,0
C01750,2024-05-31,6,0,-3.15,1,3,1.152,0.648,0,0
C01751,2024-03-14,7,0,-8.81,0,4,0.977,0.368,1,0
C01752,2024-03-31,7,0,6.51,0,4,1.466,0.996,1,0
C01753,2024-06-25,7,1,-4.19,0,1,0.887,0.748,0,0
C01754,2024-06-27,29,0,-4.01,0,1,0.965,0.519,1,0
C01755,2024-04-24,20,0,-3.7,1,10,0.841,0.633,2,0
C01756,2024-04-13,47,1,3.86,2,15,1.392,0.909,0,0
C01757,2024-06-21,74,0,-4.87,0,3,0.624,0.973,0,0
C01758,2024-02-11,5,0,3.62,5,1,1.018,0.483,0,0
C01759,2024-02-23,12,1,0.63,0,0,1.078,0.473,0,0
C01760,2024-04-18,4,0,7.23,1,10,0.668,0.64,0,0
C01761,2024-04-27,6,0,6.8,1,11,1.606,0.293,1,1
C01762,2024-02-27,7,1,-0.11,3,0,0.767,0.794,0,0
C01763,2024-01-29,5,0,-13.57,1,0,1.008,0.83,1,0
C01764,2024-04-14,5,0,-1.85,1,5,1.396,0.879,2,0
C01765,2024-06-13,10,1,-0.06,3,5,0.881,0.449,0,0
C01766,2024-01-07,4,0,2.29,2,2,1.026,0.937,0,0
C01767,2024-03-01,23,0,-5.9,1,4,0.894,0.268,0,0
C01768,2024-05-26,5,1,3.65,1,3,0.972,0.609,1,0
C01769,2024-01-29,115,0,0.11,0,4,1.25,0.845,0,0
C01770,2024-05-30,8,1,-2.95,1,1,0.89,0.931,0,0
C01771,2024-04-05,12,1,-1.47,2,4,0.316,0.611,0,1
C01772,2024-01-11,4,0,15.43,3,2,0.982,0.563,1,0
C01773,2024-01-31,47,1,2.13,0,2,1.006,0.677,0,0
C01774,2024-01-14,29,0,8.39,3,0,1.049,0.458,0,0
C01775,2024-02-20,15,0,-8.33,1,3,0.939,0.633,1,0
C01776,2024-02-14,4,0,-5.51,1,9,0.739,0.579,0,1
C01777,2024-03-09,14,1,-2.18,1,3,0.924,0.225,1,0
C01778,2024-04-09,4,0,1.48,3,3,1.426,0.757,1,0
C01779,2024-01-27,39,1,-0.56,1,13,0.924,0.377,0,0
C01780,2024-06-27,23,0,-3.92,4,11,1.108,0.87,0,1
C01781,2024-01-08,13,0,-2.91,2,21,0.637,0.393,0,1
C01782,2024-05-08,1,0,-6.35,2,34,0.757,0.415,0,1
C01783,2024-03-08,5,0,-1.44,2,4,0.73,0.294,1,1
C01784,2024-02-07,21,0,8.91,0,1,1.318,0.604,0,0
C01785,2024-02-07,32,0,-12.11,2,2,0.601,0.454,1,0
C01786,2024-05-20,29,0,2.77,2,7,1.058,0.845,1,0
C01787,2024-04-30,3,0,11.04,6,16,1.005,0.939,0,0
C01788,2024-05-09,15,0,-1.47,2,1,1.064,0.724,1,0
C01789,2024-01-01,27,0,-4.23,2,5,0.389,0.396,1,1
C01790,2024-06-06,3,0,7.39,6,2,0.484,0.761,0,0
C01791,2024-04-26,12,0,-7.87,1,3,1.014,0.486,0,0
C01792,2024-01-19,15,0,-0.18,3,3,0.754,0.864,0,0
C01793,2024-04-07,9,0,-8.32,2,6,0.809,0.706,0,0
C01794,2024-05-19,2,0,-14.96,2,27,0.759,0.719,0,1
C01795,2024-04-04,9,0,-1.22,5,6,0.707,0.895,0,0
C01796,2024-05-01,9,0,-10.11,1,3,0.679,0.529,2,1
C01797,2024-04-01,10,0,-0.09,1,2,0.99,0.312,0,0
C01798,2024-01-11,7,0,8.92,5,3,0.508,0.603,0,0
C01799,2024-04-07,8,0,14.83,5,2,0.864,0.778,1,1
C01800,2024-05-14,11,0,0.75,3,5,0.808,0.544,0,0
C01801,2024-04-01,17,1,3.26,1,0,0.994,0.723,0,0
C01802,2024-06-26,9,0,3.19,3,3,1.582,0.652,1,0
C01803,2024-03-21,8,0,-3.06,6,3,0.74,0.703,0,0
C01804,2024-05-02,13,1,-6.16,3,1,1.097,0.353,0,0
C01805,2024-03-02,2,0,13.01,3,3,1.04,0.881,2,1
C01806,2024-01-01,17,0,-8.39,2,12,1.08,0.87,0,0
C01807,2024-03-06,12,1,4.42,2,13,0.882,0.986,0,0
C01808,2024-05-09,12,0,4.29,2,2,1.35,0.769,0,0
C01809,2024-01-18,26,1,-3.12,1,7,1.136,0.849,1,0
C01810,2024-02-02,2,0,2.5,1,1,1.17,0.471,0,0
C01811,2024-03-11,2,0,17.06,3,3,0.631,0.491,0,0
C01812,2024-06-04,15,0,12.29,2,5,0.999,0.74,0,0
C01813,2024-03-29,12,0,-4.1,1,17,0.788,0.635,0,1
C01814,2024-01-12,13,1,-2.28,4,13,0.72,0.544,0,0
C01815,2024-05-17,8,0,0.8,2,5,0.818,0.472,0,0
C01816,2024-04-10,20,0,-1.32,3,1,0.981,0.27,0,0
C01817,2024-03-19,25,0,9.6,1,15,1.039,0.726,2,1
C01818,2024-02-17,17,0,5.92,1,3,1.23,0.787,0,0
C01819,2024-05-18,9,0,-13.54,2,6,1.204,0.556,0,0
C01820,2024-06-13,2,0,3.67,4,4,1.053,0.568,1,1
C01821,2024-05-20,22,0,-1.43,2,26,0.884,0.72,0,0
C01822,2024-01-14,32,1,0.12,4,2,0.909,0.995,0,0
C01823,2024-02-28,20,0,1.99,1,10,0.888,0.435,1,0
C01824,2024-05-31,6,0,9.59,2,4,0.785,0.959,1,0
C01825,2024-03-30,20,0,7.82,3,7,0.858,0.375,2,0
C01826,2024-04-20,24,0,-6.0,1,19,0.993,0.825,0,1
C01827,2024-02-28,42,0,-0.47,1,0,1.385,0.716,0,0
C01828,2024-03-24,6,0,-3.59,4,4,0.943,0.606,0,0
C01829,2024-01-14,10,0,-13.45,4,2,0.788,0.367,0,0
C01830,2024-03-04,22,1,-0.35,1,6,1.212,0.887,0,0
C01831,2024-06-02,12,1,5.9,2,8,0.459,0.85,0,0
C01832,2024-06-03,4,1,-5.48,2,2,1.251,0.463,0,0
C01833,2024-05-27,16,1,-0.08,2,2,0.632,0.905,0,0
C01834,2024-05-09,19,0,-0.45,2,5,1.139,0.635,1,0
C01835,2024-01-16,13,0,2.3,3,1,0.876,0.8,0,0
C01836,2024-02-09,14,1,-3.08,1,6,1.05,0.586,0,0
C01837,2024-04-27,9,1,-4.56,3,2,1.511,0.318,0,0
C01838,2024-02-02,39,1,-4.41,2,8,0.751,0.233,0,0
C01839,2024-06-01,5,0,10.65,1,1,0.745,0.751,0,0
C01840,2024-04-18,7,0,-7.86,1,2,1.01,0.267,0,0
C01841,2024-01-08,12,1,-1.6,1,2,1.371,0.672,0,0
C01842,2024-04-07,24,1,6.73,2,3,1.03,0.676,0,0
C01843,2024-03-11,3,0,-5.87,2,15,0.936,0.64,1,1
C01844,2024-06-09,4,1,1.1,0,9,0.997,0.643,0,0
C01845,2024-02-13,2,0,8.51,0,2,0.739,0.451,1,0
C01846,2024-06-27,12,1,3.25,2,2,1.035,0.671,0,0
C01847,2024-03-26,4,0,-10.65,2,9,0.857,0.387,0,1
C01848,2024-02-03,8,1,-2.28,3,1,1.326,0.947,0,0
C01849,2024-01-28,20,0,2.42,0,4,1.179,0.829,0,0
C01850,2024-02-09,7,0,15.43,3,2,0.659,0.274,3,1
C01851,2024-01-07,14,0,-6.09,1,3,0.914,0.335,0,0
C01852,2024-01-10,9,0,-3.95,2,9,1.087,0.686,0,0
C01853,2024-01-04,20,0,3.36,3,2,0.745,0.709,1,0
C01854,2024-06-18,17,1,1.98,1,10,0.68,0.541,0,0
C01855,2024-06-19,7,0,5.44,2,32,0.725,0.805,2,1
C01856,2024-05-28,10,1,-2.71,2,7,1.051,0.883,0,0
C01857,2024-01-13,28,0,-4.26,2,4,1.239,0.898,0,0
C01858,2024-01-19,16,0,1.72,4,12,0.998,0.629,0,1
C01859,2024-02-09,3,0,10.1,3,1,1.611,0.505,0,0
C01860,2024-05-08,20,0,-1.91,3,17,0.746,0.648,0,0
C01861,2024-04-22,5,0,-0.18,1,2,1.175,0.882,0,1
C01862,2024-03-19,37,1,-3.28,1,31,0.568,0.881,0,0
C01863,2024-04-24,27,1,5.96,1,2,1.393,0.409,0,0
C01864,2024-06-17,15,0,1.23,1,8,1.3,0.724,1,0
C01865,2024-01-18,13,1,3.45,0,1,1.173,0.717,1,0
C01866,2024-02-17,10,0,0.24,1,3,0.551,0.41,1,0
C01867,2024-04-08,20,0,0.68,3,1,1.171,0.964,0,0
C01868,2024-03-08,9,0,-12.0,0,1,0.79,0.772,0,0
C01869,2024-03-23,14,0,-17.21,3,13,1.048,0.742,0,0
C01870,2024-01-06,24,0,10.02,1,1,0.631,0.582,0,0
C01871,2024-02-10,7,0,0.62,1,2,1.057,0.657,0,0
C01872,2024-02-05,7,0,1.65,1,2,0.902,0.474,0,0
C01873,2024-05-24,4,0,-9.99,1,12,0.745,0.825,1,1
C01874,2024-05-13,5,0,-7.22,2,11,1.093,0.732,0,0
C01875,2024-06-22,2,0,8.5,6,14,0.917,0.833,0,0
C01876,2024-06-14,21,0,13.92,2,2,0.939,0.668,3,0
C01877,2024-02-23,51,1,-1.99,1,15,1.109,0.93,0,0
C01878,2024-04-22,38,0,5.37,2,2,1.466,0.821,1,0
C01879,2024-02-07,3,0,1.52,3,2,1.059,0.702,0,0
C01880,2024-05-15,21,0,-0.96,2,2,0.539,0.748,2,1
C01881,2024-03-06,38,0,14.82,1,2,0.6,0.667,0,0
C01882,2024-04-03,8,0,-3.63,1,4,0.997,0.422,1,0
C01883,2024-06-07,13,1,3.97,2,2,1.247,0.459,0,0
C01884,2024-04-14,2,0,3.05,3,5,1.009,0.808,0,0
C01885,2024-05-17,15,0,-0.14,2,0,1.128,0.351,0,0
C01886,2024-01-26,5,0,10.98,1,5,0.96,0.421,0,1
C01887,2024-05-15,14,0,2.32,1,1,1.236,0.542,0,0
C01888,2024-03-22,3,0,-0.77,5,2,1.144,0.929,0,1
C01889,2024-06-11,18,0,11.04,1,2,0.735,0.693,1,0
C01890,2024-02-23,27,1,4.0,0,10,1.062,0.58,0,0
C01891,2024-02-11,6,0,9.62,3,7,0.579,0.334,0,0
C01892,2024-04-23,4,0,-31.1,2,3,1.097,0.928,0,0
C01893,2024-06-04,2,0,3.52,5,2,0.919,0.535,2,0
C01894,2024-01-21,9,1,0.68,2,9,0.995,0.304,0,0
C01895,2024-06-14,7,0,-0.28,1,22,0.971,0.64,2,0
C01896,2024-04-13,3,0,4.88,0,4,1.05,0.783,0,0
C01897,2024-05-05,17,1,0.83,3,1,1.349,0.496,1,0
C01898,2024-06-02,8,0,5.42,3,2,0.999,0.73,1,0
C01899,2024-03-14,5,1,-0.86,2,7,1.012,0.496,0,0
C01900,2024-06-08,7,0,11.99,2,3,1.317,0.362,0,0
C01901,2024-06-12,28,1,2.49,1,2,1.464,0.714,0,0
C01902,2024-05-12,19,1,1.74,5,1,0.991,0.98,0,0
C01903,2024-01-07,10,0,3.95,1,4,0.852,0.63,0,0
C01904,2024-04-14,19,0,9.26,1,1,0.879,0.533,0,0
C01905,2024-02-21,4,0,8.17,3,4,1.093,0.524,1,0
C01906,2024-01-17,12,0,-0.9,4,4,0.929,0.534,0,0
C01907,2024-01-18,13,1,3.17,1,2,0.553,0.711,0,0
C01908,2024-06-10,8,0,1.39,1,1,1.276,0.622,0,0
C01909,2024-03-10,17,1,6.13,3,11,1.149,0.708,0,0
C01910,2024-01-19,6,0,8.78,2,1,1.282,0.741,0,0
C01911,2024-05-13,18,0,-5.0,3,5,1.311,0.62,0,0
C01912,2024-04-24,18,0,18.65,3,8,1.008,0.533,0,0
C01913,2024-03-13,1,0,-16.82,0,5,1.04,0.629,0,1
C01914,2024-04-04,31,1,2.04,5,13,1.187,1.0,0,0
C01915,2024-04-10,1,0,-5.57,3,1,0.691,0.656,1,1
C01916,2024-06-16,7,0,15.06,2,2,0.902,0.564,1,0
C01917,2024-03-15,27,0,2.02,2,2,0.975,0.788,1,0
C01918,2024-01-06,9,0,-6.35,4,86,0.8,0.361,0,1
C01919,2024-01-06,3,1,-0.85,2,7,0.83,0.385,0,0
C01920,2024-05-05,5,0,-5.71,1,8,0.782,0.679,0,0
C01921,2024-01-12,27,0,-2.45,3,8,0.852,0.7,0,0
C01922,2024-06-18,2,0,-2.63,1,4,1.097,0.435,0,0
C01923,2024-01-09,30,0,-6.01,1,11,0.928,0.796,0,0
C01924,2024-04-27,11,1,0.86,4,0,0.637,0.698,0,0
C01925,2024-05-25,4,0,3.13,2,5,0.662,0.614,0,0
C01926,2024-01-26,7,0,-7.97,1,6,1.004,0.761,1,0
C01927,2024-01-16,5,0,-13.27,0,11,0.987,0.56,0,0
C01928,2024-06-27,24,0,2.49,1,1,1.002,0.694,0,0
C01929,2024-02-29,21,1,1.7,6,1,0.877,0.299,0,0
C01930,2024-02-15,3,0,5.84,3,1,1.192,0.572,0,0
C01931,2024-04-10,8,0,4.41,2,7,1.057,0.782,0,0
C01932,2024-02-15,6,0,12.58,2,7,1.049,0.629,0,0
C01933,2024-04-06,34,1,3.19,2,1,1.088,0.596,0,0
C01934,2024-02-26,4,1,8.58,3,25,1.274,0.635,1,1
C01935,2024-04-20,43,0,24.81,2,5,0.719,0.871,0,0
C01936,2024-01-17,11,0,-14.06,2,5,0.87,0.907,0,1
C01937,2024-04-04,4,0,-17.58,4,3,0.901,0.783,0,0
C01938,2024-04-11,7,0,-0.06,3,10,1.264,0.711,0,1
C01939,2024-03-29,6,0,4.03,2,6,0.877,0.371,1,1
C01940,2024-02-19,4,0,-0.61,3,24,0.682,0.619,0,0
C01941,2024-04-30,13,1,2.25,2,1,0.969,0.366,0,0
C01942,2024-03-01,4,0,-2.16,3,1,1.021,0.84,0,0
C01943,2024-02-22,2,0,-5.55,3,2,1.289,0.366,2,1
C01944,2024-02-03,8,0,-4.34,1,7,0.87,0.457,2,1
C01945,2024-03-23,2,0,-1.6,3,3,0.813,0.403,0,0
C01946,2024-03-25,6,0,6.75,1,14,0.703,0.792,0,0
C01947,2024-03-18,5,0,-3.89,1,3,0.899,0.212,1,1
C01948,2024-02-28,6,1,-0.92,2,11,1.586,0.654,0,0
C01949,2024-03-04,60,0,4.56,1,2,1.086,1.0,0,0
C01950,2024-04-29,12,1,-0.64,2,12,1.09,0.652,1,0
C01951,2024-06-28,14,0,8.93,3,15,0.925,0.539,1,1
C01952,2024-05-02,2,0,-7.36,2,2,1.024,0.895,2,1
C01953,2024-06-11,7,0,-9.09,1,6,1.167,0.473,0,0
C01954,2024-04-04,14,1,0.97,0,5,1.116,0.676,0,0
C01955,2024-05-01,5,0,3.23,0,7,1.052,0.589,1,1
C01956,2024-03-06,25,0,-6.92,3,14,0.934,0.653,0,0
C01957,2024-05-13,4,0,10.75,0,10,0.862,0.643,0,0
C01958,2024-04-07,9,0,15.4,3,7,1.071,0.508,1,1
C01959,2024-06-06,7,0,-5.02,1,8,0.981,0.526,0,0
C01960,2024-03-16,13,0,11.9,1,1,1.528,0.473,1,0
C01961,2024-03-05,7,0,-19.06,1,4,1.243,0.657,0,0
C01962,2024-03-18,9,1,3.44,5,1,0.826,0.722,0,0
C01963,2024-04-05,10,0,-6.86,4,4,0.688,0.701,0,0
C01964,2024-01-17,6,0,7.81,5,12,0.84,0.592,0,0
C01965,2024-03-04,17,0,-7.69,1,4,0.709,0.91,0,0
C01966,2024-03-30,14,0,-0.55,4,0,0.885,0.811,1,1
C01967,2024-06-09,11,1,-2.59,1,1,0.753,0.52,0,0
C01968,2024-04-16,8,0,-1.71,0,7,0.883,0.413,0,0
C01969,2024-04-19,23,0,14.64,2,2,0.911,0.739,0,0
C01970,2024-02-28,10,1,-0.35,1,9,0.992,0.701,0,1
C01971,2024-04-11,9,0,16.88,1,1,0.943,0.665,0,0
C01972,2024-06-10,13,0,-3.09,1,6,0.744,0.818,0,0
C01973,2024-03-22,47,0,11.93,3,6,1.274,0.635,4,0
C01974,2024-05-16,4,0,-13.01,5,9,1.056,0.892,1,0
C01975,2024-04-13,22,0,-2.29,6,2,0.854,1.0,0,0
C01976,2024-05-25,2,0,-4.29,0,9,0.733,0.434,0,0
C01977,2024-02-22,14,0,12.3,1,17,0.548,0.835,0,0
C01978,2024-03-18,42,0,1.48,0,0,0.615,0.789,3,1
C01979,2024-04-02,18,1,-6.68,1,4,1.242,0.794,0,0
C01980,2024-02-08,13,0,-10.48,3,0,1.235,0.642,0,0
C01981,2024-02-07,7,0,-8.1,4,2,0.844,0.516,1,1
C01982,2024-04-16,12,0,7.47,3,2,1.332,0.813,0,0
C01983,2024-02-13,9,0,6.44,2,4,1.134,0.738,0,0
C01984,2024-02-13,6,0,-2.4,2,6,1.021,0.676,0,0
C01985,2024-02-02,9,0,-4.39,3,10,1.165,0.781,0,0
C01986,2024-05-14,14,1,2.29,1,5,1.13,0.539,1,0
C01987,2024-02-05,6,0,-9.04,3,8,0.998,0.5,0,0
C01988,2024-04-02,6,1,1.46,1,1,0.935,0.553,0,0
C01989,2024-03-26,4,0,2.98,2,11,0.918,0.768,1,0
C01990,2024-01-24,16,0,-2.2,5,0,0.598,0.925,0,0
C01991,2024-01-11,18,0,3.18,1,17,0.715,0.715,1,0
C01992,2024-05-12,14,0,0.82,6,15,1.375,0.517,0,1
C01993,2024-02-29,26,1,1.59,4,8,0.753,0.73,0,0
C01994,2024-06-11,13,0,-10.67,4,33,0.372,0.555,1,1
C01995,2024-03-27,16,0,4.92,2,0,1.226,0.925,0,0
C01996,2024-03-03,15,0,8.21,3,9,1.017,0.578,0,0
C01997,2024-01-27,11,0,2.57,3,5,1.051,0.762,0,0
C01998,2024-01-23,7,0,4.81,3,5,0.936,0.706,2,0
C01999,2024-03-04,71,0,-0.88,1,1,1.223,1.0,1,0
C02000,2024-02-11,8,0,7.13,3,6,1.352,0.974,0,0
C02001,2024-04-08,7,0,0.52,3,6,0.84,0.467,1,0
C02002,2024-01-02,17,0,-9.18,0,2,1.148,0.825,0,1
C02003,2024-06-12,14,1,2.62,3,4,1.26,0.76,1,0
C02004,2024-03-22,3,0,-13.07,1,1,0.851,0.744,0,0
C02005,2024-02-28,29,0,2.26,2,3,1.362,0.955,0,0
C02006,2024-01-08,11,0,-3.07,3,10,1.229,0.914,0,0
C02007,2024-01-01,5,0,-3.59,0,10,0.639,0.465,1,1
C02008,2024-02-04,31,1,0.55,2,8,1.359,0.461,0,0
C02009,2024-05-01,20,0,-5.67,2,10,0.653,0.93,1,0
C02010,2024-01-08,4,1,1.64,3,10,0.778,0.634,0,1
C02011,2024-06-21,50,1,0.18,1,2,1.161,0.973,0,0
C02012,2024-01-19,20,0,-4.94,3,6,1.23,0.526,2,0
C02013,2024-06-26,12,0,10.71,4,11,0.97,0.896,0,0
C02014,2024-03-02,43,0,1.64,0,1,0.838,0.71,1,0
C02015,2024-03-24,13,0,5.05,0,1,0.93,0.671,1,1
C02016,2024-05-11,11,0,11.33,2,1,0.9,0.801,1,1
C02017,2024-02-01,7,0,11.2,6,0,1.21,0.385,1,1
C02018,2024-01-28,19,0,4.64,1,1,0.894,0.576,0,0
C02019,2024-05-01,17,0,-2.42,0,2,0.827,0.376,2,0
C02020,2024-04-01,12,0,-11.44,2,17,0.546,0.663,0,1
C02021,2024-05-25,6,0,1.65,2,3,0.836,0.453,2,1
C02022,2024-03-25,13,1,3.5,1,1,0.965,0.461,0,0
C02023,2024-04-10,11,0,2.83,2,5,0.692,0.699,0,1
C02024,2024-02-28,4,0,-27.56,3,3,0.549,0.625,0,0
C02025,2024-03-04,3,1,2.78,2,2,1.235,0.705,0,0
C02026,2024-06-25,19,0,7.45,1,2,0.74,0.385,0,0
C02027,2024-03-01,1,0,-2.41,2,11,0.618,0.984,0,0
C02028,2024-06-08,14,0,7.91,1,1,1.387,0.903,0,0
C02029,2024-03-20,8,0,5.02,2,1,1.207,0.657,0,0
C02030,2024-04-21,34,1,-2.19,4,6,1.226,0.392,0,0
C02031,2024-02-06,8,0,10.17,0,2,1.116,0.516,1,0
C02032,2024-02-29,20,0,-10.14,3,18,1.238,0.95,1,0
C02033,2024-03-17,8,0,-0.46,2,3,1.206,0.891,1,0
C02034,2024-05-16,13,0,-1.26,3,4,0.894,0.971,1,1
C02035,2024-05-28,21,0,-6.6,5,9,0.689,0.605,0,0
C02036,2024-04-08,8,0,2.43,5,0,0.679,0.505,1,1
C02037,2024-04-09,27,0,10.48,1,6,0.935,0.412,1,0
C02038,2024-01-08,5,0,9.98,2,3,0.71,0.56,0,0
C02039,2024-02-15,15,0,5.79,1,11,0.746,0.799,1,0
C02040,2024-06-09,25,1,-5.43,2,2,0.952,1.0,0,0
C02041,2024-05-05,20,0,-10.69,1,5,1.324,0.573,0,0
C02042,2024-06-02,56,0,1.33,3,3,0.607,0.944,0,0
C02043,2024-03-03,6,0,-0.27,1,6,0.977,0.531,0,0
C02044,2024-04-30,4,0,-3.98,3,3,0.672,0.606,0,1
C02045,2024-02-03,5,0,15.24,4,5,0.836,0.595,0,0
C02046,2024-05-09,20,1,0.34,3,21,1.127,0.227,0,0
C02047,2024-01-10,18,0,4.34,2,3,0.773,0.787,0,0
C02048,2024-06-27,13,1,3.16,0,6,0.904,0.445,0,0
C02049,2024-06-05,4,1,0.18,4,35,0.86,0.764,0,0
C02050,2024-04-27,22,0,20.73,2,6,1.145,0.863,0,0
C02051,2024-04-11,4,0,-7.52,3,0,0.863,0.445,0,0
C02052,2024-05-21,30,0,-4.85,1,2,1.305,0.995,1,0
C02053,2024-01-06,119,1,-3.02,0,1,0.884,1.0,0,0
C02054,2024-02-04,16,0,12.5,0,10,1.071,0.991,0,0
C02055,2024-03-30,19,0,6.42,5,4,0.933,0.591,0,1
C02056,2024-01-20,8,1,-1.74,3,11,1.13,0.195,0,0
C02057,2024-02-21,2,0,-6.91,2,7,1.472,0.751,0,0
C02058,2024-04-10,7,0,11.08,2,7,0.896,0.791,0,0
C02059,2024-02-17,5,0,2.89,3,1,0.991,0.78,0,0
C02060,2024-03-11,3,0,11.28,2,7,0.857,0.873,0,0
C02061,2024-06-15,48,0,-0.48,1,15,0.779,0.564,0,0
C02062,2024-05-06,15,0,4.09,2,1,0.82,0.477,1,0
C02063,2024-06-21,16,0,2.4,2,3,0.98,0.246,0,0
C02064,2024-02-12,9,1,-2.0,1,6,0.776,0.341,1,0
C02065,2024-05-13,10,0,-1.15,2,4,0.793,0.369,0,0
C02066,2024-06-14,26,1,-3.79,0,16,0.129,0.716,0,0
C02067,2024-02-14,11,0,3.95,2,8,1.306,0.504,1,0
C02068,2024-01-20,18,0,6.09,1,6,1.381,0.72,0,0
C02069,2024-01-18,10,0,7.92,2,9,1.117,0.587,0,0
C02070,2024-06-23,9,0,5.33,1,8,0.742,0.848,0,0
C02071,2024-01-10,3,1,-0.41,1,4,0.664,0.898,0,0
C02072,2024-03-19,2,0,12.42,1,3,0.594,0.216,0,1
C02073,2024-01-09,9,0,7.14,1,10,1.11,0.966,0,0
C02074,2024-02-21,12,1,4.44,2,2,1.306,0.558,0,0
C02075,2024-06-24,4,0,11.61,3,4,1.022,0.572,1,0
C02076,2024-01-30,11,0,-1.0,2,1,1.209,0.741,0,0
C02077,2024-02-01,12,0,3.1,0,8,1.071,0.941,0,0
C02078,2024-01-06,2,1,2.48,2,13,0.742,0.487,0,0
C02079,2024-05-11,5,0,-9.19,4,1,1.247,0.846,0,0
C02080,2024-02-07,16,0,-9.02,2,3,1.221,0.817,0,0
C02081,2024-02-26,16,0,-10.39,2,2,0.742,0.394,0,0
C02082,2024-05-15,4,0,-0.86,7,11,1.147,0.724,0,0
C02083,2024-05-17,13,1,-1.07,2,16,0.883,0.644,0,0
C02084,2024-03-28,27,0,-11.49,0,2,0.925,0.85,1,0
C02085,2024-05-26,22,0,1.19,1,0,1.098,0.458,1,0
C02086,2024-04-14,11,0,-0.76,2,12,1.03,0.727,0,0
C02087,2024-02-17,8,1,3.78,3,4,1.202,0.677,0,0
C02088,2024-02-09,7,0,16.1,2,4,0.768,0.644,0,0
C02089,2024-03-01,17,1,1.46,3,10,1.091,0.419,0,0
C02090,2024-01-04,14,0,-5.57,2,3,0.695,0.515,1,0
C02091,2024-03-30,20,1,2.07,4,2,0.945,0.981,1,0
C02092,2024-01-21,13,0,0.07,2,3,0.957,0.839,0,1
C02093,2024-01-10,23,0,-1.92,1,6,1.213,0.875,0,0
C02094,2024-02-04,13,0,-6.89,2,9,0.957,0.339,2,1
C02095,2024-01-05,22,0,-3.71,2,19,0.84,0.642,3,1
C02096,2024-01-27,24,1,-0.57,1,6,1.326,0.897,0,0
C02097,2024-05-26,6,1,2.57,3,3,0.878,0.322,0,0
C02098,2024-06-13,2,0,4.09,2,9,0.837,0.792,1,1
C02099,2024-03-23,41,1,5.84,3,1,0.526,0.923,0,0
C02100,2024-04-04,14,0,5.39,3,16,0.866,0.573,0,1
C02101,2024-03-30,3,0,3.39,1,5,0.74,0.37,0,0
C02102,2024-04-19,6,0,-2.45,5,3,0.922,0.903,2,0
C02103,2024-04-19,22,0,-8.3,2,1,1.055,0.418,1,0
C02104,2024-02-25,9,0,-4.56,3,7,0.694,0.686,0,1
C02105,2024-02-29,8,0,-5.6,1,3,0.779,0.566,0,0
C02106,2024-05-05,37,0,-20.49,1,4,0.58,0.746,0,0
C02107,2024-05-17,5,0,-8.07,5,0,0.873,0.663,1,1
C02108,2024-02-09,6,1,5.13,2,3,0.749,0.893,0,0
C02109,2024-01-05,14,0,2.95,5,2,1.526,0.943,0,0
C02110,2024-01-02,16,0,-3.01,3,6,1.346,0.735,0,0
C02111,2024-01-23,18,1,1.28,2,3,1.32,0.794,0,0
C02112,2024-03-09,25,0,-15.63,3,0,0.676,0.837,0,1
C02113,2024-06-16,14,0,2.26,3,3,0.941,0.933,0,0
C02114,2024-04-16,18,0,10.22,0,1,0.694,0.633,0,0
C02115,2024-06-06,9,0,-0.97,0,1,1.456,0.908,0,0
C02116,2024-06-10,12,0,-14.18,2,11,1.153,0.724,2,1
C02117,2024-01-14,13,1,-1.32,2,0,0.737,0.558,0,0
C02118,2024-01-27,14,1,4.09,0,5,1.067,0.649,0,0
C02119,2024-04-09,22,0,2.07,2,2,0.619,0.268,0,0
C02120,2024-06-13,18,1,-4.54,2,2,0.956,0.494,0,0
C02121,2024-05-11,12,1,7.58,1,1,0.951,0.927,1,0
C02122,2024-03-19,6,0,-10.03,1,5,1.16,0.392,0,0
C02123,2024-02-16,12,0,-1.94,0,6,1.217,0.69,2,0
C02124,2024-02-19,11,0,-8.3,0,0,1.005,1.0,0,0
C02125,2024-01-03,14,0,-8.29,1,12,0.884,0.786,0,0
C02126,2024-04-21,71,1,-1.45,2,1,0.186,0.719,0,1
C02127,2024-04-28,8,1,2.04,1,6,1.361,0.285,0,0
C02128,2024-04-02,17,0,10.32,0,1,0.831,1.0,0,0
C02129,2024-05-19,28,0,-3.09,2,2,1.016,0.712,0,0
C02130,2024-05-10,13,0,-8.08,6,1,1.56,0.544,0,0
C02131,2024-05-11,79,1,1.53,1,2,0.691,0.743,0,0
C02132,2024-01-11,9,0,4.06,1,3,0.99,0.867,1,0
C02133,2024-01-31,15,1,0.77,1,1,1.119,0.681,0,0
C02134,2024-06-06,6,0,2.21,0,5,1.248,0.58,1,0
C02135,2024-04-12,9,0,-0.9,2,6,0.97,0.767,1,0
C02136,2024-01-24,14,0,0.79,2,51,1.039,0.417,0,0
C02137,2024-02-10,23,0,-1.45,3,10,0.846,0.92,0,0
C02138,2024-06-18,15,0,8.56,2,12,1.076,0.299,1,1
C02139,2024-04-20,33,0,17.83,1,0,1.103,0.984,0,0
C02140,2024-03-22,11,0,1.44,4,0,0.977,0.708,1,0
C02141,2024-03-27,9,0,-0.05,3,3,1.066,0.982,0,0
C02142,2024-04-15,105,0,2.05,0,22,0.671,0.722,0,0
C02143,2024-04-12,16,0,-5.26,4,41,0.72,0.478,0,1
C02144,2024-04-15,6,0,6.12,1,2,0.668,0.962,0,0
C02145,2024-02-26,6,0,3.53,3,2,0.88,0.531,0,0
C02146,2024-01-12,5,1,-1.35,5,7,1.25,0.422,0,0
C02147,2024-04-04,25,0,7.22,0,3,1.09,0.472,1,0
C02148,2024-04-13,9,0,0.15,3,3,1.062,0.609,1,0
C02149,2024-04-02,13,0,-7.76,1,7,0.565,0.856,0,0
C02150,2024-06-24,11,0,2.81,2,51,0.825,0.651,0,1
C02151,2024-01-31,21,0,1.9,5,14,0.914,0.798,0,0
C02152,2024-05-14,6,0,7.68,1,24,1.014,0.36,0,1
C02153,2024-01-04,5,0,6.65,3,0,1.346,0.6,3,0
C02154,2024-02-28,14,0,-0.87,2,11,0.843,0.836,1,1
C02155,2024-04-28,19,0,-3.78,0,1,0.916,0.257,2,0
C02156,2024-03-29,15,0,0.01,2,20,1.13,0.72,0,0
C02157,2024-02-13,6,0,2.91,3,15,0.774,0.382,0,1
C02158,2024-03-27,20,0,3.87,3,7,0.987,1.0,0,0
C02159,2024-04-05,6,0,2.41,3,2,0.491,0.613,1,0
C02160,2024-01-20,8,0,-0.73,1,2,0.913,0.946,0,0
C02161,2024-01-04,5,0,7.97,2,3,1.311,0.81,0,0
C02162,2024-02-11,34,0,-5.39,3,8,1.044,0.92,0,0
C02163,2024-02-18,20,0,19.84,0,6,1.195,0.741,0,0
C02164,2024-04-05,19,1,2.44,0,16,1.159,0.602,1,0
C02165,2024-01-08,33,1,-3.61,1,19,1.242,0.332,0,0
C02166,2024-03-10,115,1,0.59,0,2,0.903,1.0,1,0
C02167,2024-02-23,3,0,6.18,2,6,1.206,0.798,0,1
C02168,2024-04-20,6,0,-2.79,3,6,1.532,0.612,1,0
C02169,2024-05-11,7,0,-11.96,2,4,0.973,0.838,1,0
C02170,2024-05-12,6,0,-8.31,0,10,0.62,0.702,0,0
C02171,2024-04-22,5,1,1.73,3,6,0.821,0.775,0,0
C02172,2024-03-31,9,1,-5.61,3,2,1.107,0.718,0,0
C02173,2024-01-30,4,0,-11.59,2,3,0.57,0.821,0,0
C02174,2024-04-20,15,0,4.29,1,3,0.794,0.493,0,0
C02175,2024-01-22,12,0,-1.78,2,2,0.908,0.586,0,0
C02176,2024-03-17,17,0,-5.57,1,4,1.007,0.644,1,0
C02177,2024-01-22,18,0,-3.96,2,1,1.444,0.712,0,0
C02178,2024-02-18,19,1,-4.71,1,6,1.142,0.643,0,0
C02179,2024-06-01,9,1,1.55,3,15,0.647,0.498,0,0
C02180,2024-01-02,66,0,-6.45,2,4,1.947,0.628,1,0
C02181,2024-02-21,14,0,-4.29,3,10,0.946,0.823,1,1
C02182,2024-01-16,2,0,2.77,2,5,0.555,0.435,1,1
C02183,2024-06-28,5,0,-2.05,1,1,0.735,0.799,2,1
C02184,2024-06-06,3,0,-5.64,4,27,0.607,0.485,1,1
C02185,2024-04-09,12,0,-15.92,3,0,0.663,0.887,0,0
C02186,2024-01-31,11,0,2.94,1,4,1.108,0.84,0,0
C02187,2024-06-28,8,0,0.63,5,2,0.323,0.917,0,0
C02188,2024-01-15,60,1,-1.66,0,18,1.156,1.0,1,0
C02189,2024-02-13,18,0,-8.3,2,5,1.179,0.712,0,0
C02190,2024-04-10,21,0,0.1,1,44,0.666,0.731,0,1
C02191,2024-06-19,5,1,1.54,2,4,1.209,0.631,0,0
C02192,2024-01-27,5,0,0.78,4,2,0.717,0.165,0,0
C02193,2024-06-15,12,0,13.1,1,0,0.789,0.562,2,0
C02194,2024-02-09,13,0,5.64,3,12,1.077,0.736,1,0
C02195,2024-01-31,2,0,-0.86,4,2,0.938,0.54,1,1
C02196,2024-06-23,10,0,5.91,5,3,0.829,0.624,0,0
C02197,2024-06-26,12,0,0.39,4,13,0.907,0.873,0,0
C02198,2024-01-24,10,0,0.36,3,11,1.275,0.899,0,0
C02199,2024-03-04,6,1,4.15,1,2,1.31,0.61,0,0
C02200,2024-03-12,7,0,-7.18,2,2,1.097,0.883,0,1
C02201,2024-01-27,10,0,0.19,1,0,0.911,0.453,0,0
C02202,2024-06-15,13,0,9.52,0,0,1.13,0.635,0,0
C02203,2024-03-06,19,0,2.47,4,8,0.744,0.891,0,0
C02204,2024-05-25,28,0,-2.95,4,9,1.247,0.732,0,0
C02205,2024-01-15,9,1,-5.46,1,6,1.208,0.608,0,0
C02206,2024-03-10,8,1,-7.27,3,5,1.458,0.622,0,0
C02207,2024-04-17,17,1,6.64,2,2,0.789,0.656,0,0
C02208,2024-02-04,19,0,2.47,2,16,0.688,0.456,0,0
C02209,2024-04-17,8,0,-4.67,1,0,1.138,0.225,0,0
C02210,2024-03-18,22,1,1.12,3,2,0.922,0.691,0,0
C02211,2024-02-29,26,0,-7.58,2,5,1.225,0.519,0,0
C02212,2024-03-12,34,0,-2.65,0,4,1.309,0.82,0,0
C02213,2024-02-26,50,1,-3.01,0,4,1.406,0.977,0,0
C02214,2024-02-20,6,0,-11.31,3,2,1.005,0.93,1,0
C02215,2024-01-07,12,0,-16.84,2,7,1.185,0.892,0,0
C02216,2024-04-08,12,1,-5.11,1,1,0.866,0.509,0,0
C02217,2024-04-29,11,0,8.17,4,3,1.039,0.521,0,0
C02218,2024-06-17,7,0,-7.9,4,6,0.957,0.371,0,1
C02219,2024-02-15,3,0,4.28,3,3,0.958,0.568,0,0
C02220,2024-03-19,13,1,3.06,0,4,1.436,0.483,0,0
C02221,2024-03-26,6,0,0.13,2,5,0.639,0.846,0,0
C02222,2024-04-26,13,0,-2.39,1,0,0.999,0.865,0,0
C02223,2024-04-01,6,0,1.06,2,0,1.013,0.815,0,0
C02224,2024-03-23,5,0,-3.33,5,5,1.136,0.3,0,0
C02225,2024-05-21,14,0,9.63,4,2,0.716,0.539,0,0
C02226,2024-01-26,13,0,15.01,2,2,0.915,0.799,0,0
C02227,2024-04-23,19,0,11.6,4,7,0.816,0.814,1,0
C02228,2024-02-04,70,0,-17.21,0,1,0.432,0.598,0,0
C02229,2024-06-23,15,0,-3.5,2,0,1.291,0.444,0,0
C02230,2024-05-02,17,0,0.03,1,19,0.538,0.667,0,0
C02231,2024-04-23,5,0,3.7,5,13,0.534,0.338,1,1
C02232,2024-06-05,4,1,-5.53,1,13,1.172,0.579,0,0
C02233,2024-03-05,43,0,-13.95,0,1,0.911,0.549,0,0
C02234,2024-01-18,5,0,10.45,2,4,0.905,0.786,0,0
C02235,2024-06-05,5,0,-4.47,1,1,0.925,0.694,1,1
C02236,2024-06-15,11,0,-11.9,6,4,1.249,0.541,0,1
C02237,2024-04-02,11,0,-8.83,3,3,0.847,0.515,0,0
C02238,2024-03-21,5,0,3.12,3,1,1.144,0.847,0,0
C02239,2024-02-03,9,0,-6.58,4,7,0.68,0.383,1,1
C02240,2024-02-12,32,0,1.93,0,3,1.068,0.355,1,0
C02241,2024-04-11,6,1,-3.13,4,21,1.121,0.598,0,0
C02242,2024-01-31,3,0,-13.95,5,4,1.331,0.269,1,1
C02243,2024-01-23,25,0,11.4,1,0,0.613,0.457,0,0
C02244,2024-02-19,18,0,3.19,0,0,0.926,0.767,1,0
C02245,2024-03-03,7,0,-2.67,1,29,1.255,0.33,0,1
C02246,2024-02-13,3,0,-4.17,3,3,1.215,0.616,0,0
C02247,2024-01-06,6,0,11.72,2,5,0.925,0.241,0,0
C02248,2024-02-28,11,0,4.73,5,4,0.981,0.389,0,0
C02249,2024-01-15,30,0,9.17,0,16,0.994,0.755,0,0
C02250,2024-05-15,5,0,-4.67,2,0,0.907,0.664,0,0
C02251,2024-02-09,11,0,0.41,2,14,1.067,0.651,0,0
C02252,2024-01-05,20,1,1.29,3,13,1.058,0.715,0,1
C02253,2024-04-21,1,1,-1.76,4,4,0.701,0.779,0,0
C02254,2024-03-10,27,1,-0.31,4,6,0.848,0.648,0,0
C02255,2024-03-29,4,0,-4.67,2,3,0.871,0.577,1,1
C02256,2024-04-21,15,0,3.19,4,0,0.936,0.521,1,0
C02257,2024-03-18,14,0,-10.57,0,7,1.032,0.877,1,0
C02258,2024-01-19,29,1,1.83,1,5,1.02,0.653,0,0
C02259,2024-04-12,18,1,0.99,0,5,0.795,0.471,0,0
C02260,2024-04-10,1,0,-1.63,2,6,1.305,0.783,1,1
C02261,2024-02-05,6,0,3.6,2,2,0.991,0.986,0,0
C02262,2024-05-14,13,0,-2.92,4,17,1.281,0.857,0,0
C02263,2024-05-02,10,1,-2.14,2,4,1.34,0.521,0,0
C02264,2024-05-01,17,0,4.35,2,7,0.7,0.193,1,1
C02265,2024-04-07,22,0,4.7,2,3,0.862,0.617,0,0
C02266,2024-04-24,19,0,-4.06,5,11,0.841,0.429,0,0
C02267,2024-01-26,10,0,-4.74,1,4,1.058,0.624,1,0
C02268,2024-01-22,2,0,-1.46,0,4,1.162,0.447,0,0
C02269,2024-04-09,8,0,-4.42,3,13,0.972,0.863,0,0
C02270,2024-05-16,16,1,4.88,2,0,0.862,0.509,0,0
C02271,2024-01-21,5,1,1.01,0,3,1.398,0.674,0,0
C02272,2024-04-21,20,1,0.05,0,2,0.88,0.904,0,0
C02273,2024-05-01,25,0,-7.46,4,6,1.155,0.751,0,0
C02274,2024-06-28,13,0,5.91,3,5,0.966,0.604,0,0
C02275,2024-02-10,1,0,-4.89,3,4,0.964,0.896,1,1
C02276,2024-05-21,4,1,-2.09,3,2,1.158,0.885,0,0
C02277,2024-01-09,55,1,2.47,2,4,1.366,0.655,0,0
C02278,2024-05-19,7,1,1.24,6,5,1.051,0.416,0,0
C02279,2024-02-03,2,0,-20.03,7,3,0.863,0.382,1,1
C02280,2024-03-23,32,0,-1.26,2,12,1.31,0.688,0,0
C02281,2024-03-27,12,1,0.4,2,7,1.088,0.653,0,0
C02282,2024-06-19,29,0,-2.72,1,4,1.023,0.716,0,0
C02283,2024-05-08,15,1,0.51,1,0,1.257,0.45,1,0
C02284,2024-03-29,17,0,-14.48,1,3,1.066,0.805,0,0
C02285,2024-03-07,16,0,-22.65,1,7,1.579,0.459,0,0
C02286,2024-06-25,21,0,-7.8,3,3,0.985,0.163,2,0
C02287,2024-03-06,75,0,2.26,0,5,1.262,0.975,0,0
C02288,2024-05-31,26,0,-25.8,0,3,1.095,0.591,0,0
C02289,2024-03-20,3,0,-6.75,1,5,1.085,0.479,1,1
C02290,2024-02-05,17,1,-6.15,1,15,0.834,0.548,0,0
C02291,2024-06-04,30,0,-1.94,2,9,0.866,1.0,0,0
C02292,2024-01-17,31,1,6.27,2,1,1.119,0.865,0,0
C02293,2024-05-24,8,1,-0.69,1,1,0.778,0.17,0,0
C02294,2024-05-23,30,0,-0.86,0,6,0.826,0.966,0,0
C02295,2024-06-15,25,1,2.69,1,12,0.944,0.787,0,0
C02296,2024-06-28,95,1,0.07,0,1,1.305,1.0,0,0
C02297,2024-05-21,6,0,-1.72,2,3,1.005,0.723,2,0
C02298,2024-01-07,8,0,7.41,4,37,0.831,0.908,0,1
C02299,2024-03-21,9,1,1.51,1,3,0.72,0.854,0,0
C02300,2024-05-28,8,0,2.31,3,43,1.209,0.95,0,1
C02301,2024-04-12,5,0,-1.11,3,2,1.267,0.261,1,0
C02302,2024-03-31,1,0,-2.77,2,2,1.295,0.808,0,0
C02303,2024-04-09,8,0,7.34,1,2,0.627,0.785,2,1
C02304,2024-02-10,16,1,-1.08,0,1,1.083,1.0,0,0
C02305,2024-06-26,8,1,3.94,2,0,0.765,0.498,0,0
C02306,2024-01-31,57,0,-8.38,0,3,1.178,1.0,0,0
C02307,2024-05-12,12,0,11.47,0,5,1.055,0.763,1,0
C02308,2024-01-13,34,1,1.51,0,2,1.12,0.675,0,0
C02309,2024-04-06,15,0,-7.75,2,2,0.811,0.406,0,0
C02310,2024-06-26,23,0,4.07,2,16,0.66,0.796,0,0
C02311,2024-04-26,15,1,-2.08,3,10,0.79,0.585,0,0
C02312,2024-05-26,36,1,0.11,0,3,1.062,0.873,0,0
C02313,2024-06-21,12,0,-3.89,0,6,0.909,0.838,0,0
C02314,2024-04-15,18,0,-1.06,7,1,1.058,0.727,0,0
C02315,2024-02-04,16,1,3.01,0,5,0.719,0.722,0,0
C02316,2024-05-03,9,0,4.15,5,4,0.978,0.361,0,0
C02317,2024-06-18,16,0,-9.0,2,3,1.334,0.276,2,0
C02318,2024-05-07,72,0,-8.54,0,4,1.063,0.594,0,0
C02319,2024-03-04,9,0,2.17,3,3,1.084,0.986,0,0
C02320,2024-02-05,17,0,2.75,0,1,1.096,0.904,0,0
C02321,2024-03-03,33,0,-5.4,3,20,0.772,0.82,0,0
C02322,2024-05-14,30,0,12.73,0,10,1.358,0.817,2,0
C02323,2024-02-10,12,0,6.51,3,3,1.074,0.671,0,0
C02324,2024-02-15,1,0,-5.0,1,0,1.044,0.383,1,0
C02325,2024-03-04,18,0,-5.78,0,0,1.172,0.373,0,0
C02326,2024-02-18,2,0,-1.82,2,27,1.1,0.479,0,1
C02327,2024-04-01,39,0,-2.65,1,3,0.674,0.574,1,0
C02328,2024-04-30,13,0,10.05,2,8,0.974,0.395,0,0
C02329,2024-01-31,27,0,7.88,2,1,1.554,0.376,1,0
C02330,2024-05-27,5,0,0.28,0,3,1.399,0.778,0,0
C02331,2024-01-31,3,0,5.42,3,3,0.958,0.594,0,0
C02332,2024-05-09,15,0,6.58,1,5,1.157,0.642,0,0
C02333,2024-02-21,11,0,0.47,2,4,0.898,0.936,0,0
C02334,2024-04-16,8,1,1.29,4,1,1.083,0.655,0,0
C02335,2024-01-02,13,0,4.75,0,1,0.88,0.479,0,1
C02336,2024-02-01,111,1,1.56,0,4,0.861,1.0,1,0
C02337,2024-04-26,23,1,-2.49,1,0,0.852,0.654,0,0
C02338,2024-01-25,28,0,-5.42,1,2,1.411,0.954,1,0
C02339,2024-02-06,23,1,-0.92,1,3,0.865,0.158,0,0
C02340,2024-05-16,39,1,-2.26,1,6,1.255,0.648,0,0
C02341,2024-06-06,10,1,-4.71,2,17,0.807,0.714,0,0
C02342,2024-05-25,2,0,5.41,2,2,0.853,0.569,0,0
C02343,2024-03-09,10,0,2.77,2,4,1.077,0.683,0,0
C02344,2024-04-13,23,0,-10.71,3,0,0.675,0.505,1,0
C02345,2024-03-22,5,0,-1.93,1,6,1.136,0.851,0,0
C02346,2024-01-23,10,1,-0.59,2,1,0.961,0.428,0,0
C02347,2024-06-16,7,0,1.46,2,3,0.847,0.594,0,0
C02348,2024-05-19,40,1,-3.46,2,6,0.779,0.564,0,0
C02349,2024-01-05,22,0,-10.83,1,7,1.458,0.925,0,0
C02350,2024-01-02,20,0,4.16,0,1,0.986,0.754,0,0
C02351,2024-05-07,20,0,-12.27,5,9,0.936,1.0,0,0
C02352,2024-02-29,11,1,-0.74,3,4,1.198,0.473,0,0
C02353,2024-04-01,14,0,-2.61,6,14,0.72,0.382,0,1
C02354,2024-03-23,4,0,-0.99,6,16,1.204,0.881,0,1
C02355,2024-04-24,2,0,2.02,0,19,0.896,0.726,0,0
C02356,2024-05-29,13,0,12.79,2,1,0.649,0.469,0,1
C02357,2024-06-23,15,0,-12.8,1,6,0.837,0.698,0,0
C02358,2024-02-12,32,0,7.01,2,1,0.721,0.27,0,0
C02359,2024-01-24,42,1,-8.04,1,14,0.95,0.85,0,0
C02360,2024-02-21,42,0,11.15,3,16,0.722,0.621,1,0
C02361,2024-05-01,5,0,-16.34,3,10,0.724,0.764,0,1
C02362,2024-02-22,9,0,19.49,3,3,1.058,0.786,0,0
C02363,2024-05-06,17,1,-1.25,3,7,0.976,0.322,0,0
C02364,2024-02-07,92,0,10.32,0,2,1.292,0.893,0,0
C02365,2024-03-22,39,0,8.67,1,4,1.271,0.985,0,0
C02366,2024-01-19,29,0,-3.49,3,4,0.995,0.406,1,0
C02367,2024-02-02,8,0,-2.88,2,0,1.125,0.529,0,0
C02368,2024-06-23,6,1,-2.68,3,2,0.638,0.538,0,0
C02369,2024-01-31,22,0,6.3,6,34,1.004,0.87,0,0
C02370,2024-03-17,5,0,-3.39,2,4,1.083,0.821,1,0
C02371,2024-03-16,10,1,-2.62,1,5,1.214,0.687,0,0
C02372,2024-05-04,11,0,4.3,4,4,0.903,0.914,1,0
C02373,2024-05-01,43,0,-7.18,1,3,0.911,0.987,0,0
C02374,2024-03-31,9,0,-2.63,1,4,0.907,0.396,0,0
C02375,2024-04-08,1,0,0.86,2,3,1.344,0.757,0,0
C02376,2024-05-20,18,0,-5.14,5,0,1.071,0.617,0,0
C02377,2024-01-19,6,1,-1.57,3,9,0.581,0.814,0,0
C02378,2024-02-07,12,0,12.28,4,19,1.066,0.618,0,0
C02379,2024-01-10,11,0,-1.63,1,1,0.879,0.509,0,0
C02380,2024-02-24,9,1,-1.15,2,3,1.256,0.765,0,0
C02381,2024-03-07,22,1,-0.56,1,17,1.05,0.566,0,0
C02382,2024-01-22,3,0,3.64,0,2,1.3,0.404,0,0
C02383,2024-01-21,8,0,-8.27,3,6,1.23,0.755,1,0
C02384,2024-03-25,21,0,3.42,3,90,0.784,0.714,1,1
C02385,2024-01-26,7,0,2.05,2,7,1.249,0.8,0,0
C02386,2024-05-11,3,0,-14.31,4,4,1.184,0.962,0,0
C02387,2024-05-02,20,0,14.35,1,9,0.782,0.467,0,0
C02388,2024-04-13,29,1,4.67,1,9,0.669,0.781,0,0
C02389,2024-03-26,11,0,-6.4,4,2,0.782,0.882,0,1
C02390,2024-06-07,2,0,-8.98,0,0,1.183,0.354,0,0
C02391,2024-04-26,21,0,1.82,2,7,0.409,0.539,1,0
C02392,2024-06-10,3,1,-4.56,2,8,0.956,0.518,0,0
C02393,2024-03-03,15,0,10.91,0,3,0.919,0.715,0,0
C02394,2024-04-05,5,0,-3.75,1,19,1.211,0.414,2,0
C02395,2024-01-17,4,0,12.97,3,16,0.891,0.608,1,1
C02396,2024-03-28,8,0,-6.6,2,8,0.868,0.78,0,0
C02397,2024-01-12,10,0,-0.9,0,3,1.314,0.626,0,0
C02398,2024-03-07,7,1,4.06,2,0,0.977,0.593,0,0
C02399,2024-01-04,19,0,-2.59,2,3,0.922,0.838,0,0
C02400,2024-02-13,8,0,2.18,1,0,0.878,0.691,0,0
C02401,2024-06-04,26,1,3.5,2,0,1.071,0.749,0,0
C02402,2024-05-09,15,0,-4.45,1,8,0.877,0.434,0,0
C02403,2024-06-22,6,0,-10.09,3,12,0.858,0.704,0,0
C02404,2024-06-21,6,0,-11.67,4,0,1.363,0.495,1,0
C02405,2024-01-27,3,0,4.67,0,3,0.997,0.688,0,0
C02406,2024-02-02,15,0,3.11,3,4,0.868,0.656,1,1
C02407,2024-06-19,9,0,8.49,3,3,0.736,0.654,0,0
C02408,2024-05-25,1,0,-2.19,2,1,1.045,0.178,0,0
C02409,2024-02-17,7,0,-11.45,2,14,0.79,0.552,0,1
C02410,2024-02-25,5,0,-18.82,5,1,0.903,0.733,1,0
C02411,2024-04-26,42,1,9.18,4,0,0.787,0.913,0,0
C02412,2024-04-08,3,0,4.22,6,1,1.044,0.756,0,0
C02413,2024-03-09,3,0,1.09,4,6,0.644,0.172,1,1
C02414,2024-03-01,29,1,0.89,0,3,1.088,0.674,0,0
C02415,2024-04-21,36,0,-11.45,3,2,0.853,0.861,0,0
C02416,2024-06-14,6,0,-6.36,2,7,1.144,0.674,1,0
C02417,2024-05-31,7,1,5.58,4,6,1.091,0.245,0,0
C02418,2024-05-14,19,0,5.27,1,0,1.026,0.534,0,0
C02419,2024-06-03,1,0,-6.11,0,7,1.177,0.639,2,1
C02420,2024-01-11,2,0,-9.81,6,12,1.329,0.448,0,1
C02421,2024-06-05,9,1,-1.65,4,4,1.297,0.802,0,0
C02422,2024-03-11,42,0,-2.52,1,3,0.657,0.342,1,1
C02423,2024-02-17,8,0,16.39,4,24,0.729,1.0,1,1
C02424,2024-06-04,13,1,-0.6,4,2,0.869,0.629,0,0
C02425,2024-05-19,30,0,-9.52,3,3,1.145,0.976,0,0
C02426,2024-01-15,65,1,-0.19,0,6,0.839,1.0,0,0
C02427,2024-03-03,7,0,2.11,1,4,0.84,0.512,0,0
C02428,2024-04-30,12,0,-10.24,2,3,0.801,0.738,0,1
C02429,2024-02-02,52,1,1.29,2,4,1.055,0.633,0,0
C02430,2024-01-31,3,0,9.67,4,18,1.069,0.635,0,1
C02431,2024-02-25,27,0,1.11,2,9,0.652,0.866,0,0
C02432,2024-02-26,5,0,-6.38,3,4,0.851,0.825,1,1
C02433,2024-03-03,13,0,-4.23,1,2,0.516,0.762,0,0
C02434,2024-05-22,10,0,-13.27,4,2,0.392,0.801,1,1
C02435,2024-04-11,5,0,-1.07,3,10,1.071,0.641,0,0
C02436,2024-03-21,5,0,2.49,1,1,1.074,0.587,1,0
C02437,2024-04-21,15,0,-7.17,7,38,0.853,0.926,0,1
C02438,2024-06-24,27,0,15.52,1,4,1.377,0.778,0,0
C02439,2024-03-12,10,1,2.54,2,1,0.576,0.524,0,0
C02440,2024-03-25,12,0,-14.34,3,5,0.455,0.371,0,0
C02441,2024-05-28,19,0,-14.18,1,2,0.709,0.463,1,0
C02442,2024-02-06,5,0,-7.87,3,3,0.455,0.924,1,0
C02443,2024-01-10,22,0,12.59,2,1,0.842,0.632,0,0
C02444,2024-04-19,23,0,7.13,0,3,1.131,0.626,0,0
C02445,2024-06-05,97,1,5.2,0,0,1.074,0.75,0,0
C02446,2024-04-21,9,0,0.08,2,2,1.247,0.475,0,0
C02447,2024-05-11,8,1,-0.67,4,2,1.083,0.576,0,0
C02448,2024-01-31,22,0,-9.98,0,2,0.889,0.79,1,0
C02449,2024-03-06,23,0,2.8,1,2,0.859,0.503,1,0
C02450,2024-02-26,7,0,-1.57,1,4,1.089,0.748,0,0
C02451,2024-04-20,8,0,-1.88,1,9,0.572,0.779,0,1
C02452,2024-02-16,18,0,12.94,3,6,0.176,0.523,1,1
C02453,2024-03-18,6,0,-1.01,3,14,1.028,0.716,0,1
C02454,2024-01-25,8,0,10.65,3,2,1.049,0.359,1,0
C02455,2024-01-20,13,0,-12.7,2,6,1.362,0.774,0,0
C02456,2024-02-24,27,0,21.5,1,6,1.144,0.978,0,0
C02457,2024-06-22,7,0,-2.99,2,12,1.017,0.496,0,0
C02458,2024-01-17,2,1,2.26,2,2,0.912,0.529,0,0
C02459,2024-03-04,2,0,6.93,3,9,0.752,0.439,0,0
C02460,2024-04-06,4,0,-3.98,1,2,0.92,0.722,0,0
C02461,2024-05-31,4,0,6.55,5,2,1.229,0.379,0,0
C02462,2024-01-08,10,0,6.97,3,3,1.101,0.762,0,0
C02463,2024-05-20,4,0,-5.71,1,6,1.204,0.283,1,0
C02464,2024-05-11,6,0,-5.61,1,1,1.022,0.892,0,0
C02465,2024-05-16,6,0,0.36,8,1,0.77,0.463,0,1
C02466,2024-04-18,8,0,-0.92,2,2,1.28,0.48,3,0
C02467,2024-01-07,35,0,11.15,2,4,1.248,0.602,1,0
C02468,2024-01-04,20,0,5.62,4,1,1.041,0.885,0,0
C02469,2024-05-30,12,0,-0.56,0,5,1.114,0.72,0,0
C02470,2024-06-01,8,0,4.85,1,3,1.11,0.615,0,0
C02471,2024-03-27,8,0,-16.37,1,8,0.843,0.607,1,1
C02472,2024-03-08,15,0,-4.92,2,4,0.915,0.644,1,0
C02473,2024-06-06,19,0,2.3,2,21,0.668,0.845,0,0
C02474,2024-05-29,5,0,8.92,3,4,0.914,0.837,1,0
C02475,2024-03-11,12,1,0.64,4,1,1.253,0.381,0,0
C02476,2024-01-31,2,0,11.67,2,3,1.195,0.744,0,0
C02477,2024-04-26,14,0,6.94,1,4,1.12,0.456,1,0
C02478,2024-06-06,22,0,-3.91,1,1,1.235,0.913,1,0
C02479,2024-02-24,9,0,-1.12,0,17,0.824,0.599,0,0
C02480,2024-01-28,52,0,3.27,1,3,0.692,0.624,1,0
C02481,2024-05-10,6,0,-3.59,2,2,0.951,0.751,1,1
C02482,2024-01-11,14,1,4.9,1,5,0.956,0.641,0,0
C02483,2024-06-27,11,0,-8.87,3,1,1.164,0.889,0,0
C02484,2024-03-10,11,1,1.01,1,10,1.078,0.417,0,0
C02485,2024-02-27,11,0,5.88,1,8,1.213,0.657,0,0
C02486,2024-06-26,13,0,-2.51,2,5,0.471,0.86,0,0
C02487,2024-02-29,24,0,-4.31,3,7,0.765,1.0,0,0
C02488,2024-02-05,36,0,-0.61,1,2,0.967,1.0,1,0
C02489,2024-05-14,12,0,6.5,3,1,1.115,0.645,0,0
C02490,2024-04-14,23,0,-4.0,2,3,1.509,0.517,0,0
C02491,2024-03-27,6,0,-8.55,1,2,0.746,0.713,0,0
C02492,2024-01-04,22,0,9.2,3,0,0.823,0.86,0,0
C02493,2024-02-20,6,0,3.19,2,1,0.889,0.734,1,0
C02494,2024-05-05,29,0,8.06,1,1,0.809,0.836,1,0
C02495,2024-06-23,71,1,2.43,0,1,0.773,0.495,0,0
C02496,2024-01-07,11,1,6.98,2,14,0.941,0.878,0,0
C02497,2024-01-12,2,0,8.92,3,7,1.211,0.385,0,0
C02498,2024-01-09,7,0,-5.79,3,10,0.98,0.494,0,1
C02499,2024-06-06,32,0,3.76,1,7,0.75,0.43,0,0
C02500,2024-04-09,18,0,-4.46,0,11,0.896,0.465,0,0
C02501,2024-01-10,14,0,-3.63,2,4,0.72,0.4,0,0
C02502,2024-04-27,27,0,-11.3,2,17,1.161,1.0,0,0
C02503,2024-04-26,17,0,-2.29,1,1,1.363,0.993,0,0
C02504,2024-01-27,32,0,4.36,1,4,0.581,1.0,0,0
C02505,2024-03-04,25,0,-0.53,0,1,1.052,0.723,2,0
C02506,2024-02-27,41,1,-3.52,3,13,0.74,0.9,1,0
C02507,2024-05-02,16,1,-4.87,3,6,0.986,0.813,0,0
C02508,2024-03-30,25,0,16.89,0,13,0.914,0.469,0,0
C02509,2024-04-29,9,0,2.6,0,1,0.66,0.113,1,0
C02510,2024-04-17,7,0,-6.59,3,2,1.292,0.781,0,0
C02511,2024-02-21,47,0,3.69,2,0,0.962,0.485,0,0
C02512,2024-01-06,14,0,17.51,2,6,0.852,0.886,0,0
C02513,2024-03-04,23,0,4.96,3,3,1.014,0.756,0,0
C02514,2024-03-26,13,0,-22.3,2,8,0.742,0.6,0,0
C02515,2024-05-14,7,0,21.22,5,4,0.934,0.231,0,0
C02516,2024-05-24,12,0,-14.79,2,0,0.541,0.663,0,1
C02517,2024-01-03,38,1,-0.66,1,1,0.406,0.501,0,0
C02518,2024-06-15,18,1,-3.63,1,4,0.737,0.776,0,0
C02519,2024-03-08,3,0,-5.92,4,6,0.837,0.367,1,1
C02520,2024-05-27,10,0,2.28,1,0,0.561,0.095,0,0
C02521,2024-02-05,50,0,-16.57,2,4,0.856,0.53,0,1
C02522,2024-06-05,10,0,-0.72,0,1,0.862,0.435,1,0
C02523,2024-03-30,2,0,9.18,1,1,0.98,0.57,0,0
C02524,2024-04-28,55,1,-2.7,0,2,1.144,0.865,0,0
C02525,2024-02-08,21,0,-11.12,1,5,1.403,0.645,1,0
C02526,2024-06-13,11,0,-1.11,0,2,1.097,0.547,1,0
C02527,2024-05-05,9,1,-1.08,3,0,0.754,0.824,0,0
C02528,2024-02-19,28,0,-4.76,2,4,1.147,0.289,0,0
C02529,2024-05-22,7,0,-9.51,3,3,1.335,0.38,0,0
C02530,2024-02-04,30,1,1.66,0,1,0.715,0.855,0,0
C02531,2024-02-23,18,1,1.9,2,3,0.719,0.643,0,0
C02532,2024-02-03,14,0,-8.53,7,3,0.63,0.525,2,1
C02533,2024-04-10,13,0,-7.42,4,4,0.839,1.0,0,0
C02534,2024-05-17,10,0,1.09,4,3,1.078,0.749,0,0
C02535,2024-03-27,28,0,-7.72,1,5,1.346,0.815,0,0
C02536,2024-04-28,6,0,1.43,1,4,1.203,0.617,1,0
C02537,2024-02-12,3,0,11.74,1,9,1.051,0.417,0,0
C02538,2024-05-20,19,1,-0.19,0,18,0.921,0.557,0,0
C02539,2024-05-14,20,0,-9.71,3,4,1.078,0.166,0,0
C02540,2024-06-12,17,0,3.14,1,2,1.103,0.736,0,0
C02541,2024-02-22,16,1,-0.57,3,1,1.321,0.718,0,0
C02542,2024-02-15,9,0,-1.2,3,8,0.955,0.969,1,0
C02543,2024-04-16,22,0,3.8,1,1,1.06,0.89,0,0
C02544,2024-01-13,11,1,2.21,2,37,0.713,0.773,0,0
C02545,2024-06-04,8,0,0.28,4,54,0.758,0.768,1,1
C02546,2024-03-13,9,0,-0.49,3,3,0.921,0.766,0,0
C02547,2024-04-28,61,0,16.51,1,1,0.698,0.683,0,0
C02548,2024-02-14,3,0,9.6,3,8,1.178,0.84,1,0
C02549,2024-03-10,18,1,2.67,1,29,1.227,0.94,0,0
C02550,2024-03-31,3,0,1.05,3,1,0.986,0.735,0,0
C02551,2024-04-05,11,0,-8.05,0,24,0.963,0.456,0,1
C02552,2024-05-04,8,0,9.02,2,0,1.215,0.871,0,0
C02553,2024-06-08,2,0,1.15,3,1,0.959,0.622,0,0
C02554,2024-05-22,16,0,-4.62,2,5,1.022,0.759,1,0
C02555,2024-04-24,8,0,-1.95,5,11,0.891,0.686,0,1
C02556,2024-01-08,2,0,-7.73,2,4,0.843,0.641,1,1
C02557,2024-04-08,23,0,8.46,1,6,1.1,0.583,0,0
C02558,2024-01-20,38,0,5.46,1,12,1.068,0.488,0,0
C02559,2024-03-14,40,0,1.45,1,13,1.166,0.408,0,0
C02560,2024-06-22,16,0,-0.34,3,2,0.989,0.4,0,0
C02561,2024-05-15,12,0,-5.45,4,2,0.69,0.762,1,0
C02562,2024-02-06,35,0,-17.04,1,11,1.222,0.492,1,0
C02563,2024-01-31,46,0,-11.3,4,6,0.786,0.459,0,0
C02564,2024-02-19,30,0,-5.94,2,7,0.777,0.52,0,0
C02565,2024-05-08,5,0,-7.14,6,2,0.857,0.725,1,1
C02566,2024-02-26,14,0,2.31,1,7,0.529,0.807,0,1
C02567,2024-04-10,17,1,2.6,2,1,0.941,1.0,0,0
C02568,2024-04-01,2,0,-1.03,1,5,1.13,0.626,0,0
C02569,2024-01-17,17,0,11.27,2,4,0.872,0.559,0,0
C02570,2024-04-27,75,1,-2.51,0,4,1.315,0.543,0,0
C02571,2024-05-30,20,0,-1.08,1,9,1.274,0.957,0,0
C02572,2024-03-24,39,0,-0.41,2,1,1.217,0.584,1,0
C02573,2024-04-13,14,0,8.74,2,8,0.476,0.265,0,0
C02574,2024-05-08,11,0,0.85,0,4,1.338,0.323,0,0
C02575,2024-04-20,16,1,0.43,1,2,0.931,1.0,0,0
C02576,2024-02-27,6,0,-13.24,0,1,1.415,0.798,0,0
C02577,2024-04-14,5,0,-7.2,2,24,0.729,0.804,1,1
C02578,2024-04-08,33,1,3.51,2,4,0.945,0.597,0,0
C02579,2024-06-13,36,0,-16.6,2,3,1.007,0.532,0,0
C02580,2024-06-16,5,1,4.3,1,1,0.762,0.879,0,0
C02581,2024-04-08,26,1,1.6,3,11,0.54,0.373,0,0
C02582,2024-06-11,11,0,-5.98,0,11,0.346,0.4,0,0
C02583,2024-05-17,15,0,-6.66,2,9,1.693,0.761,1,0
C02584,2024-03-16,17,0,15.17,1,4,0.563,0.651,0,0
C02585,2024-04-06,26,0,11.29,2,8,0.546,0.681,0,0
C02586,2024-04-18,13,0,-0.96,5,2,1.133,0.704,0,0
C02587,2024-05-24,37,0,1.08,4,5,0.619,0.393,0,0
C02588,2024-01-31,15,0,-5.17,4,4,0.578,0.355,1,1
C02589,2024-05-21,20,1,0.43,4,5,0.256,0.547,0,0
C02590,2024-06-18,6,0,-5.39,1,0,1.073,0.305,1,1
C02591,2024-06-27,68,1,-0.25,0,24,0.612,0.756,0,0
C02592,2024-01-06,17,0,14.48,1,19,1.066,0.475,0,0
C02593,2024-04-17,21,1,-0.31,2,1,0.976,0.56,0,0
C02594,2024-03-29,3,0,-8.38,4,7,0.986,0.22,0,1
C02595,2024-03-05,6,0,-10.93,2,1,0.882,0.674,0,0
C02596,2024-04-14,32,0,1.02,2,4,0.911,0.538,1,0
C02597,2024-06-11,15,0,-6.09,1,0,0.776,0.538,0,0
C02598,2024-01-02,2,0,1.97,2,3,0.785,0.696,0,0
C02599,2024-04-27,27,0,-12.96,3,2,0.716,0.518,0,0
C02600,2024-02-13,7,0,5.52,4,12,1.318,0.418,0,0
C02601,2024-04-20,37,1,-3.39,1,20,0.801,0.622,0,0
C02602,2024-05-16,11,1,0.15,10,20,0.334,0.597,1,1
C02603,2024-05-13,14,0,-2.71,5,12,1.005,0.556,0,1
C02604,2024-01-22,31,0,13.75,4,4,0.779,1.0,0,0
C02605,2024-03-31,5,0,1.37,5,6,0.959,0.73,1,0
C02606,2024-05-07,5,0,15.56,4,6,0.903,0.432,0,0
C02607,2024-05-08,10,0,4.49,1,1,1.368,0.923,2,0
C02608,2024-03-11,23,1,4.56,1,12,0.844,0.765,0,0
C02609,2024-06-26,4,0,-1.67,2,8,1.164,0.836,0,0
C02610,2024-02-10,3,0,2.76,2,8,1.138,0.968,0,0
C02611,2024-05-08,23,0,9.75,2,0,0.658,0.607,0,0
C02612,2024-02-10,7,0,7.24,6,6,1.017,0.37,0,1
C02613,2024-05-17,8,0,4.25,0,11,0.755,0.537,0,0
C02614,2024-03-06,2,0,-2.62,2,4,0.678,0.612,1,1
C02615,2024-05-06,7,0,-1.27,3,2,0.689,0.409,0,0
C02616,2024-01-18,12,0,9.1,1,1,1.2,0.886,0,0
C02617,2024-04-24,25,0,10.77,4,1,1.656,0.819,1,0
C02618,2024-04-14,6,0,-4.74,2,5,0.774,0.579,0,0
C02619,2024-04-24,45,0,-5.95,1,3,1.039,0.76,1,0
C02620,2024-06-22,7,0,-7.23,4,3,1.063,0.719,0,0
C02621,2024-06-26,7,0,6.64,1,17,0.783,0.608,2,1
C02622,2024-04-03,41,1,-2.97,4,1,1.347,0.844,0,0
C02623,2024-04-28,14,0,6.54,0,3,1.534,0.928,0,0
C02624,2024-01-20,7,0,4.37,1,20,0.751,0.565,0,1
C02625,2024-01-09,10,0,-4.36,2,3,1.419,0.572,0,0
C02626,2024-03-08,35,1,5.0,2,4,0.843,0.999,0,0
C02627,2024-02-08,39,1,-4.68,4,3,0.742,0.827,0,0
C02628,2024-04-04,6,0,13.28,2,8,0.925,0.238,1,1
C02629,2024-02-19,11,0,2.55,0,0,1.217,0.27,0,0
C02630,2024-03-13,13,0,-16.59,3,3,0.959,0.475,1,0
C02631,2024-05-02,5,0,12.74,0,4,1.164,0.771,1,0
C02632,2024-03-16,11,1,3.11,1,1,1.052,0.724,0,0
C02633,2024-01-30,12,1,-1.37,8,6,1.308,0.372,0,0
C02634,2024-03-28,30,0,-7.72,1,9,1.088,0.418,1,0
C02635,2024-06-09,32,0,-12.55,3,6,1.353,0.611,0,1
C02636,2024-05-21,9,0,19.32,4,22,0.676,0.434,1,1
C02637,2024-01-31,10,1,-2.95,2,3,0.934,0.486,0,0
C02638,2024-05-27,20,0,-10.11,3,7,0.965,0.898,1,0
C02639,2024-05-30,7,0,2.14,4,6,0.757,0.187,0,1
C02640,2024-04-29,19,0,-13.1,1,3,0.733,0.612,0,0
C02641,2024-06-13,11,0,-7.85,4,12,1.036,0.574,1,0
C02642,2024-04-13,5,0,7.96,3,5,1.141,0.322,2,1
C02643,2024-06-27,5,0,3.71,3,1,1.023,0.652,0,0
C02644,2024-01-22,38,1,-1.24,3,8,1.225,0.631,0,0
C02645,2024-01-03,10,1,0.06,2,2,0.714,0.648,0,0
C02646,2024-03-16,45,1,-1.42,1,3,0.887,0.758,0,0
C02647,2024-03-27,8,0,-0.5,5,3,0.69,0.405,1,1
C02648,2024-04-12,15,0,-6.09,6,8,0.995,0.759,0,0
C02649,2024-05-22,82,1,-1.86,0,11,1.067,0.528,0,0
C02650,2024-05-18,5,0,-4.89,2,3,1.32,0.977,0,0
C02651,2024-06-14,2,0,-5.81,2,3,0.691,0.118,1,0
C02652,2024-02-23,34,0,8.35,1,0,1.093,0.464,1,0
C02653,2024-04-02,6,0,6.16,1,2,1.349,0.236,0,0
C02654,2024-04-22,11,0,-7.46,1,1,0.745,0.88,0,0
C02655,2024-02-13,7,0,-9.56,6,5,0.666,0.666,0,0
C02656,2024-04-08,15,0,-1.26,0,4,0.611,0.408,1,1
C02657,2024-03-03,5,0,17.24,0,1,1.151,0.436,0,0
C02658,2024-03-07,10,0,-8.22,2,5,0.794,0.616,0,0
C02659,2024-03-13,17,1,-0.52,1,4,1.1,0.981,0,0
C02660,2024-03-30,5,0,0.71,2,0,0.946,0.736,1,1
C02661,2024-05-22,6,0,-0.87,5,12,1.39,0.806,0,0
C02662,2024-01-13,9,0,-3.67,5,11,1.142,0.25,0,0
C02663,2024-06-17,3,1,3.7,0,3,0.784,0.584,0,0
C02664,2024-02-07,8,1,1.45,3,6,0.894,0.822,0,0
C02665,2024-03-23,13,1,2.71,1,3,1.182,0.872,0,0
C02666,2024-05-13,8,1,1.89,2,1,0.728,0.707,1,0
C02667,2024-06-21,9,0,7.15,1,31,1.141,0.752,1,1
C02668,2024-01-07,11,1,5.07,6,8,0.897,0.455,0,0
C02669,2024-05-04,7,1,4.26,2,10,1.152,0.647,0,0
C02670,2024-04-09,21,0,18.6,1,3,0.936,0.973,1,0
C02671,2024-03-24,38,1,3.9,0,12,0.809,0.828,0,0
C02672,2024-03-18,8,0,-5.36,2,1,0.823,0.851,0,0
C02673,2024-01-20,17,1,2.71,3,3,1.418,0.622,0,0
C02674,2024-01-21,10,1,2.27,6,8,0.886,0.313,0,0
C02675,2024-03-31,16,0,15.36,3,2,1.76,0.836,0,0
C02676,2024-05-17,42,0,-7.74,2,10,0.988,0.635,0,0
C02677,2024-03-11,18,0,4.46,1,5,0.762,0.781,1,1
C02678,2024-05-09,2,0,-5.45,3,5,0.579,0.774,0,0
C02679,2024-01-24,17,1,1.64,5,2,1.298,0.233,0,0
C02680,2024-04-19,32,1,-0.69,2,6,0.922,0.697,0,0
C02681,2024-06-08,10,0,3.84,1,25,1.081,0.528,1,1
C02682,2024-01-02,27,1,-4.51,1,5,1.556,0.939,0,0
C02683,2024-01-22,7,0,6.35,3,7,1.132,0.713,0,0
C02684,2024-05-05,3,1,0.66,3,8,1.044,0.831,0,0
C02685,2024-06-17,13,0,1.22,2,1,1.302,0.399,0,0
C02686,2024-04-25,2,0,15.6,4,3,1.186,0.716,0,0
C02687,2024-01-05,10,0,-3.06,3,3,0.669,0.686,0,0
C02688,2024-01-27,34,0,2.74,2,0,1.333,0.908,0,0
C02689,2024-02-04,2,0,0.8,4,9,0.944,0.395,0,1
C02690,2024-01-19,4,0,1.58,3,1,1.38,0.233,0,0
C02691,2024-05-08,5,0,17.77,2,8,1.087,0.758,0,1
C02692,2024-02-18,11,0,0.51,6,2,1.288,0.664,1,0
C02693,2024-06-20,9,0,-4.54,4,28,0.804,0.765,0,1
C02694,2024-01-31,37,1,5.99,1,3,0.606,1.0,0,0
C02695,2024-01-11,26,0,-2.46,3,25,1.016,0.831,0,1
C02696,2024-05-27,18,0,-12.84,1,3,1.229,0.581,0,0
C02697,2024-02-15,13,0,-5.93,2,4,0.841,0.551,0,0
C02698,2024-05-17,16,0,-9.97,2,18,0.859,0.747,2,1
C02699,2024-04-17,6,0,-14.4,2,1,0.441,0.653,0,0
C02700,2024-05-14,24,0,-2.9,6,4,0.941,0.855,0,0
C02701,2024-06-18,5,0,-0.56,2,7,0.652,0.289,2,1
C02702,2024-01-22,23,0,9.44,2,6,1.099,0.496,1,0
C02703,2024-03-17,31,1,2.01,2,4,1.064,0.921,0,0
C02704,2024-01-21,14,1,1.87,1,4,0.984,0.785,0,0
C02705,2024-04-14,10,0,-7.15,3,9,1.286,0.867,0,0
C02706,2024-06-13,16,0,7.08,4,5,1.035,0.511,0,0
C02707,2024-03-04,1,0,11.13,4,10,0.998,0.678,1,1
C02708,2024-04-01,15,0,3.16,3,6,1.05,0.587,0,0
C02709,2024-01-23,11,0,3.38,3,8,0.814,0.627,0,0
C02710,2024-01-22,11,0,-10.12,2,12,1.188,0.906,0,0
C02711,2024-01-04,21,1,3.37,1,3,0.756,0.413,0,0
C02712,2024-03-07,11,1,5.7,1,12,1.046,0.867,0,0
C02713,2024-05-01,4,0,2.58,2,3,1.29,0.875,0,0
C02714,2024-01-01,10,0,-4.75,3,1,0.738,0.47,0,1
C02715,2024-06-06,12,0,-1.3,1,3,0.649,0.465,1,1
C02716,2024-04-21,13,0,-3.36,4,2,0.729,0.384,1,0
C02717,2024-01-30,13,1,-1.15,2,6,1.424,0.461,0,0
C02718,2024-03-28,27,0,5.18,0,3,0.833,0.614,0,0
C02719,2024-04-14,5,0,2.24,3,5,0.675,0.384,1,1
C02720,2024-06-10,14,0,8.03,0,11,1.037,0.812,1,1
C02721,2024-05-13,34,0,2.97,2,17,0.234,0.941,0,0
C02722,2024-05-31,3,0,-6.91,2,5,0.736,0.38,0,1
C02723,2024-02-23,14,0,-4.01,3,11,1.299,0.393,0,0
C02724,2024-01-09,7,0,-4.5,0,3,0.746,0.914,0,0
C02725,2024-03-10,9,0,-1.49,2,1,0.93,0.581,0,0
C02726,2024-06-08,5,1,5.74,1,1,1.069,0.529,0,0
C02727,2024-06-15,10,0,15.64,2,3,1.059,0.553,1,1
C02728,2024-03-24,53,1,2.68,1,9,0.822,0.74,0,0
C02729,2024-03-01,4,0,0.95,4,3,1.122,0.891,0,0
C02730,2024-04-17,4,0,-10.89,3,13,1.297,0.162,0,0
C02731,2024-02-18,4,1,0.7,0,23,0.62,0.865,0,0
C02732,2024-01-24,48,1,-2.53,1,2,0.869,1.0,0,0
C02733,2024-01-16,8,0,13.04,3,30,0.824,0.546,0,1
C02734,2024-06-24,11,0,-12.85,2,1,1.17,0.822,0,0
C02735,2024-04-18,8,0,3.08,3,23,0.893,0.786,0,1
C02736,2024-05-18,5,1,-2.8,3,4,0.948,0.611,0,0
C02737,2024-03-25,10,0,-0.08,0,3,0.598,1.0,0,0
C02738,2024-02-25,87,1,2.13,0,4,0.697,0.938,0,0
C02739,2024-06-21,37,0,8.18,1,2,1.038,0.557,0,0
C02740,2024-06-24,6,0,-0.49,1,17,0.787,0.326,1,1
C02741,2024-04-16,20,0,6.09,4,2,0.904,0.972,0,0
C02742,2024-06-14,6,0,-5.3,4,2,0.975,0.768,2,0
C02743,2024-02-12,2,0,1.96,3,1,1.58,0.856,0,0
C02744,2024-01-21,27,0,8.02,2,2,0.866,0.671,0,0
C02745,2024-01-11,30,1,1.06,3,2,1.337,0.726,0,0
C02746,2024-03-04,28,0,-4.23,1,2,1.318,0.678,1,0
C02747,2024-06-10,8,0,-2.23,1,3,1.186,0.834,0,0
C02748,2024-01-16,10,0,8.13,4,1,0.783,0.659,1,1
C02749,2024-05-14,22,0,-8.73,3,18,0.944,0.547,0,0
C02750,2024-02-05,16,0,-7.55,0,3,0.887,0.371,0,0
C02751,2024-04-17,8,0,4.81,4,6,1.474,0.773,0,0
C02752,2024-05-31,3,0,-3.51,0,9,1.058,0.916,0,0
C02753,2024-03-22,13,0,-11.62,4,27,0.812,0.837,0,0
C02754,2024-04-12,28,0,10.81,1,10,1.396,0.976,1,0
C02755,2024-01-08,4,0,-8.8,2,3,0.897,0.668,0,0
C02756,2024-06-18,20,1,-0.64,5,1,1.133,0.785,0,0
C02757,2024-04-13,15,1,-1.98,2,6,1.146,0.503,1,1
C02758,2024-04-07,22,0,-2.38,1,11,1.032,0.839,1,0
C02759,2024-01-23,24,1,-2.83,3,5,0.948,1.0,0,0
C02760,2024-01-22,6,0,5.71,2,4,1.189,0.758,2,0
C02761,2024-05-16,3,0,0.89,1,5,0.818,0.508,1,0
C02762,2024-06-24,7,0,7.87,5,0,1.278,0.517,0,0
C02763,2024-06-09,24,0,-4.87,0,5,0.905,0.649,1,1
C02764,2024-03-18,7,0,17.06,5,8,1.294,0.73,0,0
C02765,2024-06-15,6,0,-15.24,1,4,1.242,0.82,0,0
C02766,2024-05-05,2,0,-12.68,4,12,1.077,0.693,0,0
C02767,2024-01-11,49,1,5.61,1,12,0.917,0.969,0,0
C02768,2024-04-09,23,0,3.79,3,2,1.266,0.543,0,0
C02769,2024-03-18,22,0,2.73,3,6,1.113,0.738,3,1
C02770,2024-05-05,26,0,3.45,3,4,0.176,0.788,2,0
C02771,2024-04-18,19,0,4.57,3,0,0.796,0.207,0,0
C02772,2024-03-10,10,0,2.4,1,3,1.027,0.554,0,0
C02773,2024-03-22,10,1,-3.09,0,1,1.065,0.765,0,0
C02774,2024-01-21,8,0,6.55,5,5,1.152,0.883,0,0
C02775,2024-04-28,100,1,2.11,0,8,1.347,1.0,1,0
C02776,2024-04-04,19,0,11.43,4,3,1.132,0.541,0,0
C02777,2024-04-01,8,0,14.11,1,1,0.474,0.43,2,0
C02778,2024-06-12,17,0,2.64,2,5,1.024,0.618,2,0
C02779,2024-01-20,5,0,-9.82,0,40,1.104,0.615,1,1
C02780,2024-02-23,40,0,14.18,3,0,1.028,0.598,1,0
C02781,2024-01-28,7,0,-8.15,3,5,1.026,0.55,0,1
C02782,2024-03-23,18,1,1.08,3,2,0.866,0.701,0,0
C02783,2024-04-25,28,0,-2.05,3,3,1.222,0.806,0,0
C02784,2024-03-14,16,0,-3.45,1,4,0.892,0.476,1,0
C02785,2024-05-24,13,0,6.11,0,3,1.133,0.349,0,0
C02786,2024-01-11,12,0,1.96,2,7,1.072,0.5,0,0
C02787,2024-01-03,11,0,4.11,2,3,0.999,0.698,1,0
C02788,2024-06-28,7,1,-2.61,3,0,1.121,0.224,0,1
C02789,2024-03-02,8,0,-1.39,9,14,0.98,0.56,1,1
C02790,2024-06-23,39,1,-2.46,1,12,1.259,0.726,1,0
C02791,2024-02-10,11,0,-1.59,4,2,1.159,0.345,0,0
C02792,2024-04-01,6,0,-0.95,2,4,1.24,0.976,2,0
C02793,2024-06-19,8,0,14.75,2,13,0.744,0.732,0,1
C02794,2024-01-15,29,1,-0.83,3,11,0.738,0.701,0,0
C02795,2024-02-29,20,0,-17.0,2,15,0.941,0.76,0,0
C02796,2024-04-20,19,0,11.16,3,6,1.157,0.313,0,0
C02797,2024-03-21,9,0,3.59,2,8,1.093,0.327,1,0
C02798,2024-03-09,19,1,-0.42,2,15,0.737,0.662,0,0
C02799,2024-05-11,7,0,-3.5,0,3,1.18,0.787,0,0
C02800,2024-02-24,9,0,-7.58,0,6,0.813,0.819,1,1
C02801,2024-01-22,26,0,15.5,4,0,1.168,0.767,0,0
C02802,2024-04-01,24,0,0.41,5,1,1.067,0.924,0,0
C02803,2024-02-21,5,0,-13.9,1,7,0.909,0.289,0,0
C02804,2024-01-14,6,0,2.62,6,8,0.826,0.345,0,1
C02805,2024-06-10,13,0,9.65,2,3,1.018,0.193,1,1
C02806,2024-01-17,48,0,1.25,1,2,1.011,0.865,0,0
C02807,2024-04-26,2,0,-7.21,0,3,0.723,0.604,0,0
C02808,2024-03-24,15,1,-3.17,3,5,1.126,0.781,0,0
C02809,2024-03-29,4,0,-7.34,0,0,1.289,0.712,3,1
C02810,2024-05-03,7,0,12.17,4,6,1.185,0.388,0,0
C02811,2024-04-25,9,0,-0.57,5,4,1.059,0.839,0,0
C02812,2024-02-13,8,0,-13.43,1,5,0.863,0.611,0,0
C02813,2024-04-24,7,0,3.07,3,4,1.012,0.635,3,1
C02814,2024-02-10,12,0,1.13,1,1,0.962,0.521,0,0
C02815,2024-02-14,7,0,-3.59,4,1,1.026,0.513,0,0
C02816,2024-06-15,3,0,-8.16,3,17,1.149,0.853,0,0
C02817,2024-06-19,22,0,-8.51,3,2,0.963,0.56,1,1
C02818,2024-02-15,22,0,8.69,3,9,0.496,0.627,0,1
C02819,2024-03-02,23,0,1.98,2,1,1.195,0.198,1,0
C02820,2024-03-28,3,0,3.83,3,4,1.079,0.704,1,0
C02821,2024-03-15,15,0,1.96,4,3,1.022,0.577,0,0
C02822,2024-02-23,20,0,2.62,1,3,0.691,0.268,2,1
C02823,2024-01-21,5,1,-1.5,2,3,0.777,0.736,0,0
C02824,2024-05-31,12,0,-1.65,5,16,0.741,0.803,0,1
C02825,2024-04-04,11,1,3.73,4,25,0.729,0.3,0,0
C02826,2024-02-15,53,0,11.32,0,5,0.852,1.0,1,0
C02827,2024-04-18,56,1,-3.91,2,3,0.69,0.827,0,0
C02828,2024-01-17,3,0,-1.67,2,1,1.533,0.685,0,0
C02829,2024-03-31,89,1,2.69,0,1,1.371,1.0,0,0
C02830,2024-05-12,5,0,15.06,1,16,0.989,0.541,0,1
C02831,2024-05-16,26,0,14.26,2,1,0.987,0.766,1,0
C02832,2024-04-27,26,1,-2.55,3,3,1.442,0.853,0,0
C02833,2024-03-01,5,0,10.2,1,5,1.381,0.797,0,0
C02834,2024-06-24,18,0,0.47,2,0,0.815,0.781,0,0
C02835,2024-04-17,11,0,8.36,1,1,1.057,0.58,1,0
C02836,2024-05-07,18,0,6.31,1,1,0.949,0.726,0,0
C02837,2024-02-08,14,0,-10.11,1,2,0.923,0.533,1,0
C02838,2024-01-27,31,1,1.76,3,5,0.934,0.588,0,0
C02839,2024-06-18,12,0,8.05,3,11,0.924,0.985,1,0
C02840,2024-06-01,10,0,-0.16,1,2,1.043,0.576,1,0
C02841,2024-05-13,29,0,-1.97,2,2,1.044,0.755,0,0
C02842,2024-02-08,19,1,-5.03,2,4,1.34,0.646,0,0
C02843,2024-02-14,21,0,5.47,2,2,0.788,0.242,1,1
C02844,2024-03-28,7,0,1.67,3,6,1.212,0.475,0,0
C02845,2024-01-17,5,1,-2.95,1,6,0.701,0.863,0,0
C02846,2024-03-25,7,0,-2.61,1,0,1.059,0.478,0,0
C02847,2024-01-31,7,0,1.24,3,7,1.226,0.715,0,0
C02848,2024-05-09,22,0,-4.47,3,5,1.117,1.0,0,0
C02849,2024-01-27,26,0,0.02,4,5,0.896,0.65,0,0
C02850,2024-01-07,10,1,-5.6,3,12,1.011,0.468,0,0
C02851,2024-05-07,38,1,4.32,0,0,1.413,0.956,0,0
C02852,2024-04-19,36,0,0.13,0,1,0.847,0.707,3,0
C02853,2024-01-02,14,1,-3.52,1,4,1.122,0.323,0,0
C02854,2024-04-28,6,0,-19.68,1,0,1.241,0.671,1,1
C02855,2024-02-17,42,1,3.29,2,3,0.888,0.428,0,0
C02856,2024-06-28,11,0,4.46,3,9,1.389,0.716,1,0
C02857,2024-03-13,13,0,1.69,2,6,1.488,0.636,2,1
C02858,2024-02-01,9,0,6.91,1,4,1.254,0.9,1,0
C02859,2024-01-06,5,0,6.89,1,3,1.259,0.906,0,0
C02860,2024-01-21,3,0,1.56,2,3,0.553,0.722,0,0
C02861,2024-02-15,20,0,-2.03,0,2,0.66,0.59,2,0
C02862,2024-03-09,6,0,-3.34,5,5,0.954,0.667,0,0
C02863,2024-05-20,120,1,1.35,1,1,0.831,0.868,0,0
C02864,2024-03-20,5,0,11.18,4,16,1.076,0.712,2,0
C02865,2024-06-02,4,0,-0.82,2,2,0.278,0.482,0,1
C02866,2024-03-04,18,0,11.81,1,7,1.12,0.782,0,0
C02867,2024-03-24,41,1,1.19,0,4,0.936,0.875,0,0
C02868,2024-06-12,12,0,3.05,1,1,0.86,0.922,1,0
C02869,2024-05-08,19,1,7.7,1,14,1.407,0.333,0,0
C02870,2024-06-24,2,1,5.29,2,11,0.868,0.365,0,0
C02871,2024-05-31,7,0,13.43,1,1,0.591,0.409,0,1
C02872,2024-01-13,5,0,-6.38,1,4,1.094,0.357,0,0
C02873,2024-01-15,2,0,17.54,3,5,1.071,0.672,1,1
C02874,2024-01-07,13,1,-0.26,1,0,0.957,0.622,1,0
C02875,2024-05-25,2,0,-1.82,3,0,1.588,0.842,0,0
C02876,2024-05-11,4,1,-6.91,0,2,1.043,0.886,0,0
C02877,2024-05-30,7,1,1.04,2,1,1.249,0.701,0,0
C02878,2024-05-21,6,0,-8.67,4,1,1.076,0.557,0,0
C02879,2024-05-08,16,0,3.27,3,1,1.313,0.475,0,0
C02880,2024-01-16,15,0,-9.29,2,4,0.897,0.776,0,0
C02881,2024-03-14,24,1,5.75,2,2,0.724,0.82,0,0
C02882,2024-06-23,22,1,1.77,1,12,1.131,0.908,0,0
C02883,2024-04-02,30,0,18.24,1,5,1.05,0.796,0,0
C02884,2024-01-08,12,0,-8.18,4,9,1.154,0.734,0,0
C02885,2024-01-28,15,0,12.39,4,0,0.846,0.64,0,0
C02886,2024-03-11,18,1,-5.77,4,2,1.11,0.664,1,0
C02887,2024-05-15,13,0,1.66,3,5,0.576,0.727,1,1
C02888,2024-05-24,8,1,-2.02,4,6,0.85,0.537,0,0
C02889,2024-05-09,9,0,-3.58,3,2,0.814,0.753,1,1
C02890,2024-04-26,6,0,-4.13,7,2,1.114,0.625,1,0
C02891,2024-04-22,17,1,-2.93,3,3,0.864,0.819,0,0
C02892,2024-04-11,11,0,-10.08,1,3,0.642,0.853,0,0
C02893,2024-05-29,7,0,-3.54,4,31,0.703,0.556,0,1
C02894,2024-05-07,7,0,0.93,1,5,1.125,0.663,2,1
C02895,2024-01-15,4,0,9.31,4,4,1.013,0.614,1,0
C02896,2024-06-18,26,0,2.36,5,1,0.809,0.926,0,0
C02897,2024-04-04,12,0,9.33,3,1,1.205,0.549,1,0
C02898,2024-01-31,6,0,-11.83,4,3,1.376,0.606,1,0
C02899,2024-02-27,23,0,-3.46,4,12,1.167,0.736,0,0
C02900,2024-05-26,7,0,5.69,3,3,0.408,0.734,1,1
C02901,2024-04-17,3,0,2.75,2,3,1.044,0.679,1,1
C02902,2024-06-06,27,0,-6.89,2,2,0.955,0.718,0,0
C02903,2024-01-02,7,1,2.99,5,0,0.491,0.274,0,0
C02904,2024-04-05,8,0,-4.25,2,6,0.647,0.819,1,0
C02905,2024-02-21,12,0,-6.22,2,3,1.185,0.844,0,0
C02906,2024-05-13,30,0,3.9,2,6,1.016,0.234,2,0
C02907,2024-01-16,12,1,0.02,2,5,0.995,0.896,0,0
C02908,2024-01-16,4,0,-4.18,4,1,0.832,0.387,0,1
C02909,2024-03-19,18,1,-1.78,1,5,1.246,0.418,0,0
C02910,2024-06-10,8,1,-3.42,3,1,0.688,0.622,0,0
C02911,2024-06-15,55,1,-1.27,1,5,0.753,0.597,0,0
C02912,2024-03-06,12,1,3.52,3,4,0.901,0.825,1,0
C02913,2024-01-09,2,0,1.96,4,17,0.534,0.525,0,1
C02914,2024-02-07,16,1,3.07,1,2,0.77,0.193,0,0
C02915,2024-06-14,57,1,1.65,1,1,1.26,0.819,0,0
C02916,2024-04-19,42,1,-1.96,2,3,0.774,0.55,0,0
C02917,2024-05-05,52,0,-13.19,1,7,1.16,0.849,0,0
C02918,2024-02-02,5,0,-7.41,3,0,1.159,0.449,1,1
C02919,2024-06-07,25,0,-5.37,3,9,0.913,0.971,0,0
C02920,2024-04-28,6,0,-5.99,3,3,0.63,0.374,2,1
C02921,2024-05-22,14,0,7.85,4,1,1.011,0.762,0,0
C02922,2024-03-07,4,0,7.76,2,3,0.457,0.76,1,0
C02923,2024-03-17,7,0,17.7,1,2,0.858,0.71,0,0
C02924,2024-01-03,7,0,-6.11,0,1,1.056,0.738,0,0
C02925,2024-03-21,24,0,12.78,2,0,1.217,0.509,0,0
C02926,2024-05-16,23,0,12.73,0,8,0.922,0.445,1,0
C02927,2024-01-03,15,0,-1.86,1,2,0.838,0.432,1,0
C02928,2024-06-07,4,0,3.79,2,3,0.813,0.709,0,0
C02929,2024-03-31,9,0,9.93,1,9,0.838,0.509,1,1
C02930,2024-05-17,6,0,-0.47,3,4,1.136,0.226,1,1
C02931,2024-03-31,24,1,-0.44,0,1,1.083,0.615,0,0
C02932,2024-05-04,31,0,-5.02,3,8,0.954,0.902,0,0
C02933,2024-05-16,28,0,-18.88,0,17,1.073,0.842,0,0
C02934,2024-04-17,6,0,0.56,3,7,0.965,0.781,1,0
C02935,2024-04-12,1,0,-5.68,3,2,0.656,0.377,0,0
C02936,2024-02-17,2,0,-8.6,4,1,0.717,0.657,0,0
C02937,2024-02-21,37,0,3.38,3,1,1.145,1.0,0,0
C02938,2024-05-19,8,0,-11.61,3,4,0.637,0.198,0,1
C02939,2024-02-10,6,0,6.45,5,16,0.825,0.753,0,1
C02940,2024-04-19,45,0,3.87,1,2,0.961,1.0,0,0
C02941,2024-05-19,33,0,-3.2,3,2,0.732,0.728,1,1
C02942,2024-04-15,12,1,-0.2,0,11,0.528,0.916,0,0
C02943,2024-04-01,9,0,-9.52,5,3,0.691,0.542,0,1
C02944,2024-02-26,10,0,6.0,2,20,0.448,0.885,0,1
C02945,2024-01-19,14,0,1.5,1,3,1.138,0.617,0,0
C02946,2024-01-28,43,0,2.09,1,12,1.039,1.0,1,0
C02947,2024-05-23,17,0,4.02,2,6,0.78,0.717,0,1
C02948,2024-01-25,21,0,-5.14,0,8,0.618,0.676,0,0
C02949,2024-03-12,31,0,-12.15,2,3,1.277,0.799,1,0
C02950,2024-06-12,4,0,7.66,1,4,1.09,0.374,1,0
C02951,2024-02-20,22,0,5.51,2,6,0.815,0.62,0,0
C02952,2024-03-04,9,0,-4.28,2,9,1.252,0.865,0,0
C02953,2024-01-21,1,0,3.27,3,7,0.999,0.317,0,0
C02954,2024-03-27,2,1,4.03,2,0,1.08,0.743,0,0
C02955,2024-02-04,5,0,9.11,2,5,0.715,0.503,0,1
C02956,2024-04-23,18,0,-4.52,2,2,0.611,0.751,1,0
C02957,2024-01-10,13,0,-11.91,3,2,0.597,0.958,0,0
C02958,2024-03-12,14,0,-10.54,1,6,1.491,0.658,0,0
C02959,2024-05-09,58,1,-1.0,1,20,0.693,0.92,0,0
C02960,2024-03-25,4,0,11.7,3,3,1.001,0.432,0,0
C02961,2024-04-20,11,0,-5.83,2,26,0.985,0.525,1,1
C02962,2024-02-27,15,0,-4.77,4,1,0.99,0.427,1,0
C02963,2024-06-22,6,0,-4.94,3,13,0.896,0.377,0,0
C02964,2024-05-18,12,0,-4.25,2,6,0.926,1.0,0,0
C02965,2024-01-30,3,1,-0.04,4,5,1.095,0.733,0,0
C02966,2024-06-05,37,0,-10.24,2,15,0.665,0.533,0,0
C02967,2024-02-25,7,0,8.67,3,2,0.88,0.808,2,1
C02968,2024-03-01,61,0,-1.16,0,14,0.354,0.929,0,0
C02969,2024-04-25,11,0,19.83,1,3,0.519,0.672,0,0
C02970,2024-03-25,27,1,-3.76,1,2,0.665,0.745,0,0
C02971,2024-04-09,11,0,12.72,1,1,1.208,0.6,0,0
C02972,2024-04-30,11,0,11.13,1,18,0.842,0.385,0,0
C02973,2024-04-08,7,0,-3.29,1,12,1.114,0.444,1,0
C02974,2024-01-28,13,1,-1.26,1,2,1.086,0.68,1,0
C02975,2024-01-17,15,0,-7.37,1,7,1.03,0.703,1,1
C02976,2024-04-13,6,1,-2.91,0,5,0.739,0.722,0,0
C02977,2024-01-04,11,1,-0.0,2,3,1.004,0.88,0,0
C02978,2024-05-27,7,0,0.17,2,10,1.014,0.827,2,0
C02979,2024-05-09,76,0,-12.82,1,2,1.54,1.0,0,0
C02980,2024-04-21,11,1,7.34,3,0,0.913,0.899,0,0
C02981,2024-05-07,41,0,-2.08,1,5,1.158,0.485,0,0
C02982,2024-03-12,10,0,0.52,3,4,0.949,0.427,1,0
C02983,2024-01-06,14,0,-5.01,0,2,0.814,0.595,0,0
C02984,2024-05-29,4,0,-2.14,5,2,1.207,0.817,0,1
C02985,2024-05-29,8,0,-2.86,5,1,1.468,0.54,0,0
C02986,2024-04-22,14,0,-0.02,3,3,1.051,0.414,0,0
C02987,2024-05-18,43,0,-0.12,1,2,0.819,0.769,1,0
C02988,2024-01-14,14,0,6.44,1,10,1.067,0.399,1,0
C02989,2024-02-09,36,0,1.82,3,7,1.035,0.932,1,0
C02990,2024-02-08,20,0,5.63,2,2,1.544,0.604,1,0
C02991,2024-04-11,44,0,-0.08,4,7,1.151,0.707,0,0
C02992,2024-05-03,11,0,1.85,4,4,0.747,0.916,1,0
C02993,2024-02-17,82,1,-0.77,0,3,1.304,0.588,0,0
C02994,2024-03-20,8,0,8.02,3,4,1.174,0.619,0,0
C02995,2024-05-30,6,0,2.58,0,22,1.124,0.644,0,0
C02996,2024-03-07,4,1,-0.51,2,8,1.071,0.581,0,0
C02997,2024-02-01,78,1,-0.6,0,3,1.237,1.0,0,0
C02998,2024-06-23,23,0,-0.87,4,10,1.06,0.401,0,0
C02999,2024-05-29,9,0,0.24,2,9,0.891,0.726,0,0
C03000,2024-06-21,33,1,-0.18,3,5,1.009,0.856,1,0
C03001,2024-04-28,21,0,-4.47,4,3,0.956,0.899,0,1
C03002,2024-05-03,58,0,6.12,1,3,1.07,0.801,0,0
C03003,2024-02-03,3,0,6.62,3,1,1.015,0.502,1,1
C03004,2024-05-02,9,0,14.27,3,5,0.896,0.584,0,0
C03005,2024-06-04,8,0,-4.83,5,2,0.945,0.732,0,0
C03006,2024-05-04,2,0,5.33,0,3,0.984,0.418,0,0
C03007,2024-05-29,28,0,-15.27,3,7,0.52,0.878,0,0
C03008,2024-01-07,9,1,2.65,1,20,1.156,0.127,0,0
C03009,2024-04-24,22,0,-11.65,4,6,1.057,0.715,0,0
C03010,2024-01-20,80,0,-7.87,2,4,0.827,0.825,1,0
C03011,2024-03-30,9,0,2.66,4,4,1.128,0.546,2,0
C03012,2024-01-18,8,0,-4.97,4,12,0.813,0.559,2,1
C03013,2024-04-23,13,0,-6.07,3,6,0.843,0.249,0,0
C03014,2024-04-01,26,0,-3.88,1,5,1.069,0.474,0,0
C03015,2024-04-30,7,0,5.84,3,5,1.333,0.883,1,0
C03016,2024-04-25,7,1,-2.99,2,1,1.065,0.259,0,0
C03017,2024-01-19,28,0,-0.43,3,6,0.776,1.0,1,0
C03018,2024-06-15,16,0,-3.03,0,2,0.902,0.8,1,0
C03019,2024-03-13,2,0,6.56,5,6,1.182,0.467,0,0
C03020,2024-01-04,4,0,6.78,1,2,1.091,0.794,0,0
C03021,2024-06-17,40,0,-14.68,0,7,1.205,0.734,0,0
C03022,2024-06-03,16,0,8.36,1,3,1.083,0.52,0,0
C03023,2024-05-19,6,0,-4.89,1,1,1.188,0.747,1,0
C03024,2024-05-12,10,0,1.89,3,3,1.488,0.553,1,0
C03025,2024-01-14,12,0,-7.51,2,32,0.502,0.376,0,1
C03026,2024-02-29,21,0,2.97,1,0,1.602,0.725,0,0
C03027,2024-06-03,4,0,20.41,3,5,1.209,0.642,0,0
C03028,2024-01-17,6,0,1.02,1,1,1.651,0.707,0,0
C03029,2024-01-12,15,1,-1.47,3,15,0.679,0.751,0,0
C03030,2024-01-18,11,1,-0.74,2,9,1.051,0.897,0,0
C03031,2024-05-03,19,0,-11.75,1,5,1.015,0.873,2,0
C03032,2024-05-23,4,0,11.59,3,10,1.171,0.691,0,0
C03033,2024-03-01,16,1,1.0,3,5,1.092,0.305,0,0
C03034,2024-06-12,29,0,-8.39,3,4,1.069,0.915,0,0
C03035,2024-02-18,17,0,-8.13,2,2,1.185,0.31,0,0
C03036,2024-02-29,13,0,0.12,2,3,0.958,0.817,0,0
C03037,2024-03-27,11,0,7.46,1,2,0.861,0.444,0,0
C03038,2024-03-12,6,1,-3.68,2,4,1.093,0.814,0,0
C03039,2024-01-15,11,0,8.91,4,0,0.871,0.775,1,0
C03040,2024-04-15,33,1,-0.29,1,11,0.914,0.639,0,0
C03041,2024-06-23,11,0,-7.44,0,25,0.515,0.621,0,0
C03042,2024-03-07,5,0,-3.74,6,3,0.999,0.796,1,0
C03043,2024-06-21,8,0,13.99,3,12,0.708,0.585,1,1
C03044,2024-05-30,14,0,-11.11,6,3,0.977,0.305,3,1
C03045,2024-01-31,9,0,-5.86,5,2,0.718,0.887,1,1
C03046,2024-06-27,17,0,7.62,0,3,0.98,0.695,0,0
C03047,2024-06-21,18,0,1.73,3,4,1.205,0.404,0,0
C03048,2024-05-05,24,0,-6.33,0,2,0.841,0.64,1,0
C03049,2024-06-21,38,0,7.72,0,7,0.732,0.868,0,0
C03050,2024-02-29,27,0,8.1,2,2,1.185,0.887,0,0
C03051,2024-01-22,5,0,2.65,2,1,1.223,0.646,1,1
C03052,2024-01-26,5,0,-4.9,4,4,1.086,0.305,0,1
C03053,2024-01-03,11,0,-3.67,3,2,0.874,0.433,0,0
C03054,2024-06-03,8,0,2.28,3,3,0.828,0.898,0,0
C03055,2024-03-25,4,0,-10.5,3,4,0.897,0.417,0,0
C03056,2024-03-30,8,1,4.25,2,1,0.98,0.759,0,0
C03057,2024-03-01,8,0,13.6,1,16,0.489,0.671,0,1
C03058,2024-04-04,7,0,-1.89,1,9,0.709,0.602,0,0
C03059,2024-03-27,9,0,2.85,2,2,1.303,0.604,0,0
C03060,2024-03-22,31,1,3.79,3,4,1.032,0.933,0,0
C03061,2024-04-02,14,0,15.64,2,7,1.272,0.663,0,0
C03062,2024-02-15,88,1,4.98,0,5,1.229,0.87,1,0
C03063,2024-05-15,13,0,-13.88,3,24,0.802,0.895,0,1
C03064,2024-01-02,9,0,-2.52,0,3,0.911,0.714,1,0
C03065,2024-04-23,12,1,1.6,3,13,1.177,0.915,0,0
C03066,2024-01-24,14,0,-3.95,4,1,1.185,0.933,0,0
C03067,2024-04-01,17,0,14.26,2,1,1.242,0.654,0,0
C03068,2024-04-22,64,0,13.04,1,20,0.897,0.537,2,0
C03069,2024-03-31,6,0,-6.53,4,3,1.021,0.337,0,0
C03070,2024-06-24,24,1,-0.52,0,1,0.931,0.725,0,0
C03071,2024-06-18,14,1,-2.4,1,4,0.967,0.807,0,0
C03072,2024-06-20,3,1,-0.62,3,13,0.764,0.592,0,0
C03073,2024-02-23,22,1,-0.72,1,2,0.971,0.449,0,0
C03074,2024-06-28,33,0,7.63,2,4,0.94,0.725,0,0
C03075,2024-02-04,6,1,-2.84,2,0,0.885,0.555,0,0
C03076,2024-03-06,12,0,-20.93,2,2,1.188,0.856,2,0
C03077,2024-02-26,3,0,-12.84,1,10,0.597,0.527,0,1
C03078,2024-02-06,4,0,-8.23,4,2,1.074,0.503,0,1
C03079,2024-05-21,28,0,-5.25,1,1,0.765,0.341,2,1
C03080,2024-05-13,8,1,0.6,4,2,0.778,0.67,0,0
C03081,2024-02-23,5,1,-3.46,1,2,0.799,0.361,0,0
C03082,2024-05-04,14,0,-9.69,1,8,1.078,0.364,0,0
C03083,2024-04-27,8,0,-7.44,3,6,0.406,0.69,0,0
C03084,2024-06-19,8,0,-8.93,0,7,1.007,0.788,0,0
C03085,2024-03-09,22,0,-4.44,1,4,0.991,0.694,1,0
C03086,2024-02-03,4,0,-4.78,1,2,0.747,0.644,0,0
C03087,2024-03-12,5,0,5.51,3,2,1.036,0.81,2,0
C03088,2024-01-09,13,1,-3.17,4,6,0.667,0.855,0,0
C03089,2024-05-13,26,0,-2.86,1,18,0.899,0.422,0,0
C03090,2024-06-26,32,0,-4.36,3,1,0.682,0.4,0,0
C03091,2024-02-03,7,0,6.47,7,1,1.508,0.696,0,0
C03092,2024-06-06,25,0,-1.23,3,1,1.21,0.638,1,0
C03093,2024-04-21,6,0,8.41,1,9,1.017,0.596,0,0
C03094,2024-04-27,52,1,-3.69,0,4,0.741,1.0,0,0
C03095,2024-04-12,4,0,-0.39,6,7,0.896,0.742,2,1
C03096,2024-01-29,35,0,-4.61,2,2,0.931,0.351,1,1
C03097,2024-05-25,7,0,-9.81,1,7,1.025,0.811,0,0
C03098,2024-02-12,60,0,-0.54,1,3,1.085,1.0,0,0
C03099,2024-06-13,19,0,13.86,3,1,1.051,0.595,0,0
C03100,2024-05-31,5,0,-6.82,0,10,1.036,0.437,0,0
C03101,2024-01-26,8,0,-1.02,3,4,0.938,0.761,1,1
C03102,2024-03-19,22,0,-10.5,1,3,1.071,0.559,0,0
C03103,2024-02-16,28,0,-11.67,2,5,0.816,0.42,0,1
C03104,2024-06-03,11,1,-2.52,3,1,0.729,0.757,0,0
C03105,2024-01-26,12,0,-3.6,2,6,1.432,0.765,0,0
C03106,2024-02-07,22,0,-3.24,1,2,1.094,0.726,0,0
C03107,2024-06-28,13,0,-1.81,3,3,1.437,0.814,1,0
C03108,2024-05-07,4,0,-13.19,3,12,0.871,0.561,0,0
C03109,2024-04-19,6,1,-2.0,2,7,1.568,0.86,0,0
C03110,2024-01-17,14,0,4.01,3,3,1.005,0.637,0,0
C03111,2024-06-17,32,0,-10.87,0,4,1.266,0.566,0,0
C03112,2024-01-31,44,1,-1.14,2,0,1.008,0.484,0,0
C03113,2024-06-22,22,0,2.34,1,2,1.031,0.399,0,0
C03114,2024-04-10,15,0,-6.26,1,5,0.946,0.94,0,0
C03115,2024-06-11,22,1,1.09,2,2,0.867,0.592,1,0
C03116,2024-03-23,7,0,-12.17,3,1,1.24,0.539,1,1
C03117,2024-02-17,10,0,7.11,6,6,0.968,0.612,0,0
C03118,2024-01-20,6,1,1.17,3,14,1.138,0.585,0,0
C03119,2024-04-01,4,0,0.45,4,2,1.216,0.555,0,0
C03120,2024-04-19,15,0,9.0,3,9,1.309,0.523,0,0
C03121,2024-02-12,14,0,-2.63,2,8,1.065,0.359,0,1
C03122,2024-02-28,21,1,-1.98,3,1,0.617,0.702,0,0
C03123,2024-03-18,18,1,4.39,2,2,0.91,0.933,0,0
C03124,2024-01-23,14,1,5.89,4,22,0.884,0.286,0,1
C03125,2024-03-17,19,0,-5.55,2,1,0.998,0.318,0,0
C03126,2024-03-02,11,0,-0.91,0,2,1.32,0.807,0,0
C03127,2024-06-13,16,1,3.34,2,26,1.154,0.838,0,0
C03128,2024-02-21,6,0,-0.63,1,2,0.954,0.786,0,0
C03129,2024-05-05,16,0,4.76,1,15,1.533,0.752,0,0
C03130,2024-05-19,20,0,6.24,2,1,0.908,0.67,3,1
C03131,2024-05-13,7,1,-1.8,0,5,0.908,0.179,0,0
C03132,2024-03-20,12,0,3.35,3,11,0.672,0.892,1,0
C03133,2024-05-13,7,0,-0.05,1,2,0.6,0.841,0,1
C03134,2024-03-24,7,1,-3.89,1,4,0.685,0.598,0,0
C03135,2024-04-08,4,1,-3.17,3,8,1.213,0.813,0,0
C03136,2024-04-05,33,1,-2.09,2,1,1.18,0.986,0,0
C03137,2024-03-03,28,0,7.43,4,33,0.614,1.0,0,0
C03138,2024-03-01,18,0,7.69,1,11,0.97,0.869,1,0
C03139,2024-05-30,59,0,6.0,1,3,1.187,0.89,0,0
C03140,2024-01-21,10,0,3.52,2,3,0.477,0.653,3,1
C03141,2024-03-03,120,0,3.3,0,25,1.318,1.0,0,0
C03142,2024-03-25,10,0,2.22,3,3,1.248,0.7,0,0
C03143,2024-04-03,14,0,3.26,3,2,1.193,0.404,0,0
C03144,2024-01-31,8,0,3.8,0,12,1.241,0.847,0,0
C03145,2024-01-28,16,0,-11.24,2,1,0.485,0.386,3,1
C03146,2024-04-26,23,1,-2.53,2,4,0.925,0.695,0,0
C03147,2024-04-16,11,0,-8.23,0,4,1.295,0.228,0,0
C03148,2024-02-03,50,0,8.86,2,2,0.988,0.608,0,0
C03149,2024-03-25,14,0,13.23,1,1,1.181,0.57,0,0
C03150,2024-05-03,15,0,-17.35,2,4,1.342,0.325,0,1
C03151,2024-06-07,5,0,12.52,0,8,1.136,0.784,0,0
C03152,2024-01-05,17,1,0.28,2,2,0.926,0.53,0,0
C03153,2024-02-24,10,0,8.1,1,1,1.139,0.41,1,0
C03154,2024-05-15,7,0,4.05,0,13,0.517,0.544,0,1
C03155,2024-02-24,6,0,11.52,2,7,1.088,0.533,1,0
C03156,2024-01-26,103,1,0.67,1,3,1.172,0.561,0,0
C03157,2024-01-23,9,0,-10.91,1,10,0.988,0.67,1,1
C03158,2024-04-20,3,0,-0.85,3,5,1.265,0.897,0,0
C03159,2024-03-27,6,0,4.13,4,22,0.96,0.837,0,0
C03160,2024-02-16,11,0,-1.73,3,8,0.997,0.702,1,1
C03161,2024-05-17,18,1,2.1,3,1,1.453,0.556,0,0
C03162,2024-02-03,18,1,-0.21,1,2,0.751,0.515,0,0
C03163,2024-04-26,20,0,-4.76,1,2,1.338,0.903,1,0
C03164,2024-06-11,7,0,-8.69,5,5,1.303,0.704,0,0
C03165,2024-01-16,15,0,-3.13,1,3,1.196,0.94,0,0
C03166,2024-03-25,6,0,1.64,2,1,0.894,0.69,0,0
C03167,2024-02-24,7,0,-15.68,3,7,1.051,0.785,0,0
C03168,2024-05-21,5,0,-6.24,3,11,0.744,0.241,1,1
C03169,2024-02-28,4,0,-15.97,1,4,0.839,0.528,1,0
C03170,2024-05-18,28,1,-1.97,2,5,1.008,0.526,0,0
C03171,2024-04-18,21,1,3.83,1,1,0.774,0.814,0,0
C03172,2024-05-23,26,0,-9.49,3,2,0.932,0.941,0,0
C03173,2024-05-21,12,0,5.63,5,2,0.714,0.465,1,1
C03174,2024-05-06,22,0,22.79,1,7,1.128,0.578,0,0
C03175,2024-06-27,2,0,11.63,2,5,1.384,0.396,0,0
C03176,2024-05-28,24,0,1.07,2,3,1.534,0.856,0,0
C03177,2024-02-15,14,0,6.87,1,3,0.727,0.906,0,0
C03178,2024-01-20,20,0,-10.96,2,0,0.786,0.512,0,0
C03179,2024-02-04,16,0,-12.59,4,19,0.893,0.2,1,1
C03180,2024-03-18,5,0,0.23,1,0,1.206,0.406,0,0
C03181,2024-03-17,3,0,3.19,2,6,0.947,0.856,0,0
C03182,2024-05-14,6,0,8.76,1,4,1.249,0.357,2,0
C03183,2024-05-01,19,0,-4.55,1,3,1.147,0.535,1,0
C03184,2024-01-27,21,0,1.55,0,4,0.567,0.784,0,0
C03185,2024-05-09,4,0,1.27,3,2,1.032,0.75,1,0
C03186,2024-04-19,5,0,-1.05,3,8,0.679,0.608,1,0
C03187,2024-05-29,6,0,-0.58,5,1,0.882,0.214,0,0
C03188,2024-03-19,9,0,-6.84,1,6,0.895,0.832,0,1
C03189,2024-02-26,4,0,2.24,2,2,1.204,0.588,0,1
C03190,2024-02-19,3,0,1.56,3,3,1.006,0.683,0,0
C03191,2024-05-31,6,0,-3.52,0,3,0.897,0.284,0,0
C03192,2024-02-15,13,0,5.33,4,3,1.537,0.824,0,0
C03193,2024-04-30,4,0,8.22,4,7,0.77,0.487,0,0
C03194,2024-03-23,11,0,5.42,1,4,1.08,0.729,1,0
C03195,2024-01-04,28,0,-8.34,4,10,1.145,0.669,0,0
C03196,2024-04-01,4,0,0.8,3,11,1.015,0.904,0,0
C03197,2024-06-24,10,1,-2.92,2,5,0.778,0.39,0,0
C03198,2024-02-29,27,0,0.77,2,8,0.751,0.993,1,0
C03199,2024-02-15,8,0,-7.26,2,27,1.048,0.61,0,1
C03200,2024-04-01,7,0,10.22,0,1,1.284,0.421,0,0
C03201,2024-01-14,30,0,6.27,2,11,0.96,0.309,0,0
C03202,2024-03-09,9,1,3.69,4,17,0.613,0.746,1,1
C03203,2024-03-20,29,0,8.41,1,6,1.0,1.0,0,0
C03204,2024-03-14,17,0,-2.16,4,24,1.286,0.991,2,0
C03205,2024-04-06,9,0,-3.4,0,22,0.666,0.852,0,1
C03206,2024-03-28,17,0,13.93,3,3,0.933,0.706,1,0
C03207,2024-03-25,15,0,-1.32,1,3,1.027,0.29,1,0
C03208,2024-02-27,27,1,-4.33,1,7,1.265,0.287,0,0
C03209,2024-05-18,7,0,8.06,2,2,0.885,0.644,0,1
C03210,2024-03-02,12,0,1.15,2,51,0.894,0.729,1,1
C03211,2024-01-22,11,1,4.82,1,9,1.33,0.841,1,0
C03212,2024-05-01,21,0,1.94,1,4,0.637,0.786,0,0
C03213,2024-05-26,5,0,-0.16,0,1,0.695,0.566,1,0
C03214,2024-01-02,27,0,12.21,3,5,0.979,1.0,0,0
C03215,2024-03-28,17,0,-12.31,1,1,1.268,0.764,1,0
C03216,2024-01-18,4,0,-4.68,5,8,1.071,0.28,0,1
C03217,2024-01-14,32,0,-7.1,3,0,1.295,1.0,0,0
C03218,2024-05-18,72,0,-17.56,0,15,0.527,0.927,0,0
C03219,2024-06-24,27,1,2.79,2,3,1.099,0.35,0,0
C03220,2024-01-06,38,0,-4.46,1,0,0.316,0.84,1,1
C03221,2024-06-09,13,0,7.24,4,4,1.339,0.579,3,0
C03222,2024-02-16,3,0,3.11,1,4,1.305,0.218,0,1
C03223,2024-02-27,2,0,4.86,2,4,0.926,0.363,0,0
C03224,2024-03-22,14,0,-3.64,4,15,0.375,1.0,0,0
C03225,2024-03-31,7,1,-2.45,1,6,0.945,0.833,0,0
C03226,2024-01-28,5,0,0.72,4,9,1.262,0.492,1,0
C03227,2024-02-13,11,0,7.35,3,3,1.116,0.679,0,0
C03228,2024-03-24,19,1,-0.16,6,6,1.46,0.257,0,0
C03229,2024-04-01,3,0,-5.62,2,1,0.948,0.298,0,0
C03230,2024-03-18,8,0,-9.59,2,5,1.51,0.204,1,0
C03231,2024-02-14,40,1,0.65,2,2,0.512,0.44,0,0
C03232,2024-02-12,5,0,-4.43,2,14,0.768,0.837,0,1
C03233,2024-03-07,24,0,-0.57,1,4,0.684,0.666,1,0
C03234,2024-03-08,8,0,-1.91,3,8,1.171,0.542,0,0
C03235,2024-02-19,18,0,-3.56,3,5,0.7,0.655,1,1
C03236,2024-02-07,29,0,2.35,2,22,1.169,0.736,1,0
C03237,2024-03-21,22,0,4.44,3,1,1.194,0.308,2,0
C03238,2024-06-04,25,1,6.29,2,4,1.052,0.308,0,0
C03239,2024-01-13,4,0,6.06,1,1,0.994,0.553,0,1
C03240,2024-01-21,29,0,12.75,1,0,0.764,0.846,1,0
C03241,2024-04-06,6,1,-2.62,2,1,1.172,0.702,0,0
C03242,2024-05-23,14,1,-5.12,1,12,0.839,0.737,0,0
C03243,2024-02-09,14,0,-0.12,1,4,1.198,0.509,1,0
C03244,2024-02-24,17,0,6.86,3,3,1.385,0.684,1,0
C03245,2024-01-31,15,0,5.61,1,8,0.908,0.806,1,0
C03246,2024-05-31,6,1,3.88,0,4,1.336,0.93,0,0
C03247,2024-03-03,4,0,-20.29,2,7,1.038,0.73,1,0
C03248,2024-02-27,24,0,10.02,2,5,1.15,0.997,0,0
C03249,2024-05-10,14,0,2.68,0,7,0.66,0.767,0,0
C03250,2024-01-24,30,0,-12.35,1,2,0.844,0.321,2,0
C03251,2024-03-05,11,0,5.79,2,11,0.796,0.527,0,1
C03252,2024-03-06,3,1,0.54,2,1,1.357,0.954,0,0
C03253,2024-05-15,26,1,1.22,3,4,0.918,0.956,1,0
C03254,2024-02-03,9,0,7.99,1,12,1.123,0.776,2,0
C03255,2024-06-25,16,0,3.44,1,3,0.991,0.677,1,1
C03256,2024-03-12,7,0,-11.78,4,3,0.921,0.572,1,0
C03257,2024-06-18,45,0,-1.14,1,35,0.482,0.855,1,0
C03258,2024-01-30,6,0,-12.94,1,16,0.468,0.829,0,1
C03259,2024-02-09,9,0,5.19,3,5,0.916,0.848,0,0
C03260,2024-01-14,13,0,11.18,1,1,0.95,0.734,0,0
C03261,2024-06-16,5,0,-9.93,3,0,0.806,0.405,0,1
C03262,2024-04-24,15,0,-5.37,2,8,1.022,0.419,1,0
C03263,2024-06-04,44,1,-2.82,1,14,1.446,0.782,0,0
C03264,2024-01-13,8,0,-3.63,1,6,1.369,0.781,1,0
C03265,2024-01-06,16,0,3.3,2,0,1.021,0.592,0,0
C03266,2024-04-02,1,0,-3.54,6,5,1.005,0.845,0,0
C03267,2024-06-23,11,0,5.22,0,2,1.165,0.945,2,0
C03268,2024-03-03,9,1,3.41,2,5,1.052,0.575,0,0
C03269,2024-06-21,6,1,3.53,0,25,1.051,0.421,0,0
C03270,2024-06-03,28,0,-8.95,1,9,1.039,0.478,0,0
C03271,2024-05-13,9,0,11.09,2,7,1.004,0.573,0,0
C03272,2024-06-15,10,0,11.73,3,4,0.832,0.895,0,0
C03273,2024-04-18,9,0,12.42,2,6,1.072,0.703,2,1
C03274,2024-04-21,2,1,-0.51,1,2,0.436,0.878,0,0
C03275,2024-06-27,4,0,-6.01,3,7,1.043,0.851,0,0
C03276,2024-03-07,26,0,-7.87,5,3,0.48,0.857,1,1
C03277,2024-02-05,2,0,-8.81,2,2,1.068,0.579,0,0
C03278,2024-04-05,6,0,0.09,1,9,0.722,0.877,0,0
C03279,2024-05-19,8,0,6.78,5,0,1.331,0.38,0,0
C03280,2024-02-01,49,1,4.18,1,2,1.024,1.0,0,0
C03281,2024-06-11,22,0,-3.88,4,7,0.977,0.806,0,0
C03282,2024-06-10,7,0,-0.31,2,13,1.048,0.645,0,0
C03283,2024-03-30,34,1,-0.33,2,6,0.766,1.0,0,0
C03284,2024-06-12,6,1,-2.03,4,2,1.282,0.802,0,0
C03285,2024-02-23,27,0,5.89,2,4,1.165,0.703,1,0
C03286,2024-05-29,4,0,2.9,4,5,0.849,0.703,0,0
C03287,2024-03-21,28,0,1.13,4,18,0.657,0.434,1,0
C03288,2024-05-30,8,0,2.87,3,10,0.857,0.307,0,1
C03289,2024-06-23,5,0,4.92,2,10,0.923,0.834,0,0
C03290,2024-01-20,10,0,4.84,0,4,0.709,0.527,1,0
C03291,2024-05-13,15,0,-6.71,2,1,0.881,0.531,0,0
C03292,2024-03-03,8,0,7.17,2,1,0.847,0.859,0,0
C03293,2024-04-08,18,0,2.04,3,3,0.934,0.884,0,0
C03294,2024-05-09,7,0,-3.48,2,8,0.911,0.772,0,0
C03295,2024-01-20,20,0,1.87,3,2,1.112,0.444,1,0
C03296,2024-05-14,17,1,1.1,3,7,0.973,0.893,0,0
C03297,2024-05-04,11,0,8.65,1,2,1.091,0.889,1,0
C03298,2024-04-03,8,0,-8.37,2,2,1.052,0.786,1,1
C03299,2024-02-17,13,0,10.6,3,15,0.876,0.569,0,0
C03300,2024-02-24,18,0,0.19,2,8,1.131,1.0,2,0
C03301,2024-06-26,63,1,-1.62,3,3,0.299,0.781,0,0
C03302,2024-06-06,25,0,-4.29,0,2,0.9,0.521,0,0
C03303,2024-04-03,26,0,-8.01,0,10,0.807,0.575,0,0
C03304,2024-05-25,120,1,-5.57,0,9,0.985,1.0,0,0
C03305,2024-04-20,18,1,2.17,3,7,0.806,0.921,1,0
C03306,2024-04-13,17,0,15.85,2,3,1.122,0.654,0,0
C03307,2024-06-28,21,1,-5.18,1,1,1.176,0.54,0,0
C03308,2024-01-09,5,0,-7.6,3,4,0.634,0.642,1,0
C03309,2024-05-15,8,0,6.01,1,15,0.981,0.848,0,0
C03310,2024-02-01,8,0,-0.37,7,1,0.675,0.623,2,1
C03311,2024-03-28,20,0,6.68,3,4,1.1,0.936,1,0
C03312,2024-04-07,10,0,-0.81,1,19,0.788,0.766,0,1
C03313,2024-04-09,13,0,-4.65,1,3,0.784,0.967,0,0
C03314,2024-05-17,29,1,-0.72,5,3,0.557,0.709,0,0
C03315,2024-06-11,24,1,-7.62,3,1,0.972,0.872,0,0
C03316,2024-02-04,10,0,-9.15,0,7,0.675,0.984,2,0
C03317,2024-06-17,7,0,7.59,2,2,0.619,0.62,1,0
C03318,2024-03-11,30,0,9.54,2,1,1.041,0.457,1,1
C03319,2024-03-28,22,1,4.5,3,1,1.237,0.884,0,0
C03320,2024-03-25,3,0,3.53,2,5,1.074,0.526,0,0
C03321,2024-03-03,9,0,-18.05,2,1,0.637,0.558,2,1
C03322,2024-03-15,13,0,-5.08,1,1,0.961,0.196,1,0
C03323,2024-05-20,22,0,10.6,3,7,1.135,0.716,0,0
C03324,2024-01-05,25,0,12.98,3,4,0.946,0.914,1,0
C03325,2024-01-29,15,0,10.9,2,1,1.076,0.387,0,0
C03326,2024-04-01,19,0,-1.89,3,3,0.876,0.661,0,0
C03327,2024-03-12,12,0,-10.45,2,21,0.799,0.767,0,1
C03328,2024-05-02,7,0,-0.33,2,14,0.765,0.32,0,1
C03329,2024-01-04,9,0,0.12,2,4,1.133,0.751,0,0
C03330,2024-02-24,12,1,5.01,1,9,1.124,0.435,0,0
C03331,2024-05-30,11,0,1.82,3,4,0.841,0.906,0,1
C03332,2024-02-16,2,0,0.13,1,0,1.189,0.399,0,0
C03333,2024-01-09,8,0,0.59,2,0,0.643,0.645,0,0
C03334,2024-02-13,12,0,3.2,3,1,0.952,0.812,0,0
C03335,2024-04-08,9,1,2.0,1,1,0.657,0.411,0,0
C03336,2024-04-14,9,0,-5.8,0,5,0.692,0.907,1,0
C03337,2024-06-27,18,1,-3.38,2,2,0.649,0.538,0,0
C03338,2024-06-23,5,0,10.96,3,6,0.806,0.854,1,1
C03339,2024-02-28,3,0,-13.13,3,6,1.125,0.585,0,0
C03340,2024-01-24,9,0,13.1,3,8,0.94,0.66,1,0
C03341,2024-05-24,22,0,-15.29,3,1,0.849,0.602,0,0
C03342,2024-06-09,46,0,-4.68,2,7,0.922,0.849,1,0
C03343,2024-01-25,22,1,3.11,0,1,0.481,0.499,0,0
C03344,2024-06-07,3,1,0.0,0,8,1.103,0.288,0,0
C03345,2024-01-24,10,0,-10.53,1,13,0.373,0.339,0,1
C03346,2024-04-25,14,1,1.36,4,8,0.783,0.959,0,0
C03347,2024-02-10,14,1,0.21,2,3,0.965,1.0,0,0
C03348,2024-05-12,18,0,-1.73,1,7,1.076,0.746,0,0
C03349,2024-05-24,5,0,-4.99,2,1,1.055,0.462,1,1
C03350,2024-05-28,12,0,-0.28,2,0,0.988,0.818,0,0
C03351,2024-04-22,17,0,-4.66,1,6,1.334,0.638,0,0
C03352,2024-04-04,23,0,19.48,2,14,1.434,0.662,0,0
C03353,2024-05-29,6,1,-0.77,5,1,0.997,0.499,0,0
C03354,2024-06-17,9,0,-2.99,2,4,0.955,0.741,0,0
C03355,2024-02-21,1,0,-4.33,2,6,0.93,0.718,1,1
C03356,2024-02-03,7,0,14.22,2,2,0.837,0.684,0,1
C03357,2024-02-01,8,0,-13.11,1,3,1.079,0.511,0,0
C03358,2024-04-29,5,0,2.88,2,7,1.283,0.764,0,0
C03359,2024-04-08,13,0,-1.91,1,4,0.357,0.569,0,0
C03360,2024-03-26,11,0,-11.39,0,4,0.938,0.674,0,0
C03361,2024-01-07,1,0,-6.55,2,1,1.367,0.725,0,0
C03362,2024-02-13,14,0,2.54,4,4,1.078,0.724,1,0
C03363,2024-03-28,5,0,-6.92,7,3,1.088,0.792,0,0
C03364,2024-02-28,17,0,2.08,3,3,0.585,0.357,0,0
C03365,2024-06-21,4,0,13.83,2,2,1.166,0.223,0,1
C03366,2024-03-29,12,0,1.36,1,4,1.232,0.719,0,0
C03367,2024-04-26,9,0,-11.63,3,2,1.04,0.328,0,0
C03368,2024-06-11,15,1,-2.71,0,4,0.816,0.893,0,0
C03369,2024-04-01,13,0,-2.28,1,3,1.096,0.642,0,0
C03370,2024-01-14,9,1,-1.13,5,1,0.736,0.904,0,0
C03371,2024-02-05,3,1,0.49,1,0,0.707,0.934,0,0
C03372,2024-02-17,3,0,2.5,3,10,1.151,0.485,0,0
C03373,2024-03-23,7,0,13.84,3,8,1.234,0.528,2,1
C03374,2024-01-03,12,0,-0.03,4,2,0.804,0.789,1,0
C03375,2024-04-09,7,1,-3.69,2,8,0.669,0.384,0,0
C03376,2024-05-17,20,0,9.23,0,1,0.776,0.91,0,0
C03377,2024-03-31,9,0,10.1,4,3,1.034,0.701,0,0
C03378,2024-05-21,5,0,1.86,4,2,0.699,0.684,0,0
C03379,2024-04-08,9,0,-1.97,2,3,1.306,0.699,0,0
C03380,2024-06-03,14,0,4.98,3,8,0.844,0.517,0,0
C03381,2024-06-22,15,0,-1.69,0,3,1.077,0.621,2,0
C03382,2024-05-03,54,0,-16.45,1,3,0.799,0.794,0,1
C03383,2024-02-04,7,1,1.8,2,8,1.106,0.794,0,0
C03384,2024-05-16,11,0,7.14,2,4,1.146,0.588,0,0
C03385,2024-03-12,17,0,11.53,1,2,0.571,0.385,0,0
C03386,2024-06-08,11,0,-5.85,3,5,0.805,0.537,2,1
C03387,2024-01-27,8,1,0.72,4,10,0.911,0.624,0,1
C03388,2024-04-14,3,0,1.98,2,11,0.814,0.351,0,1
C03389,2024-03-15,8,1,0.27,0,1,1.213,0.489,1,0
C03390,2024-04-17,5,0,0.92,0,1,0.846,0.855,0,0
C03391,2024-01-18,3,1,0.12,1,11,1.124,0.785,0,0
C03392,2024-06-18,6,0,1.69,0,3,1.106,0.718,0,0
C03393,2024-03-04,5,0,5.93,1,0,0.973,0.625,0,0
C03394,2024-02-19,19,0,9.76,3,2,1.179,0.928,0,0
C03395,2024-03-10,19,1,-2.42,2,3,0.601,0.696,0,0
C03396,2024-02-28,5,1,-0.55,2,3,0.97,0.507,0,0
C03397,2024-05-10,9,0,-3.38,2,8,0.766,0.818,0,0
C03398,2024-03-12,2,0,-4.53,0,1,0.968,0.562,0,0
C03399,2024-06-13,8,0,-12.93,5,10,0.833,0.418,0,1
C03400,2024-02-18,16,0,0.19,1,5,0.99,0.779,0,0
C03401,2024-04-01,23,0,3.83,2,1,0.997,0.946,0,0
C03402,2024-05-25,6,0,-1.24,0,3,1.02,0.503,0,0
C03403,2024-05-19,28,0,-0.07,2,6,1.015,0.728,0,1
C03404,2024-05-17,3,0,3.35,1,4,1.123,0.802,2,1
C03405,2024-03-14,4,1,4.52,4,6,0.655,0.872,0,0
C03406,2024-06-25,21,0,-3.36,1,2,1.117,0.699,1,0
C03407,2024-02-20,46,1,-3.75,0,7,0.587,0.906,0,0
C03408,2024-05-31,18,0,-0.72,2,3,0.286,0.613,0,0
C03409,2024-01-28,11,0,15.07,2,44,1.273,0.452,0,0
C03410,2024-04-05,2,0,-9.29,4,1,0.76,0.792,0,1
C03411,2024-03-11,2,0,5.2,6,50,0.638,0.776,1,1
C03412,2024-05-11,13,0,9.26,3,1,0.529,0.959,0,0
C03413,2024-05-16,9,0,-18.92,1,14,0.816,0.785,0,0
C03414,2024-01-05,5,0,3.28,3,9,1.007,0.76,0,0
C03415,2024-04-18,12,0,4.83,3,1,1.056,0.71,0,0
C03416,2024-06-15,13,0,-2.14,0,7,0.663,0.682,0,1
C03417,2024-02-09,25,0,-5.17,2,2,0.879,0.711,0,0
C03418,2024-05-20,13,0,-4.73,2,5,1.067,0.865,0,1
C03419,2024-05-14,32,0,-2.63,1,5,1.035,0.808,1,0
C03420,2024-01-05,12,0,-2.42,5,3,1.017,0.868,0,0
C03421,2024-01-16,11,0,-3.93,3,3,1.175,0.312,1,0
C03422,2024-03-07,28,1,-1.1,4,6,0.943,0.47,0,0
C03423,2024-01-29,5,0,9.53,5,1,1.343,0.601,0,0
C03424,2024-02-24,115,1,-3.89,0,2,0.917,0.95,0,0
C03425,2024-02-02,16,0,-13.99,3,10,1.124,0.539,0,0
C03426,2024-05-29,16,0,9.65,1,6,1.153,0.712,2,0
C03427,2024-05-03,18,0,-1.54,3,1,0.585,0.533,0,1
C03428,2024-02-03,54,1,-1.24,1,1,1.105,0.666,0,0
C03429,2024-02-21,22,0,-0.89,3,0,0.84,0.348,0,0
C03430,2024-05-04,3,0,1.67,2,10,0.698,0.756,0,0
C03431,2024-06-07,37,0,-4.19,0,8,0.854,0.918,0,0
C03432,2024-06-27,9,0,4.05,4,1,1.035,0.864,0,0
C03433,2024-01-17,13,0,-7.7,3,8,0.569,0.893,1,0
C03434,2024-04-22,4,0,-2.41,3,26,0.877,0.554,1,0
C03435,2024-06-17,18,0,-17.72,0,1,0.941,0.669,0,0
C03436,2024-06-09,7,0,9.38,4,2,1.25,0.554,1,0
C03437,2024-01-01,13,0,-1.41,0,1,0.837,0.18,1,0
C03438,2024-01-09,9,1,2.14,2,10,1.247,0.738,0,0
C03439,2024-06-14,56,1,1.53,0,4,1.077,0.734,0,0
C03440,2024-02-12,59,1,1.76,0,3,0.977,0.58,0,0
C03441,2024-01-24,12,0,-0.06,2,5,1.293,0.793,1,1
C03442,2024-01-27,12,0,3.11,6,2,1.471,0.634,1,0
C03443,2024-01-05,9,0,-7.69,2,3,0.932,0.536,0,0
C03444,2024-03-16,29,0,-9.37,2,5,0.79,0.552,0,1
C03445,2024-02-18,9,0,-0.81,2,2,1.097,0.574,2,1
C03446,2024-01-13,8,0,-5.44,3,2,0.634,0.44,0,1
C03447,2024-03-01,26,1,4.56,0,3,0.66,0.829,0,0
C03448,2024-02-24,7,0,3.0,3,4,1.307,0.529,1,1
C03449,2024-05-12,11,0,-5.73,1,7,1.108,0.211,1,1
C03450,2024-02-05,3,0,-2.17,2,7,0.75,0.564,0,0
C03451,2024-06-10,21,0,1.06,2,1,1.779,0.693,0,0
C03452,2024-01-19,57,0,-0.54,1,15,0.579,0.825,1,0
C03453,2024-03-10,21,0,2.17,4,4,1.135,0.621,0,1
C03454,2024-06-23,39,0,0.55,1,3,0.786,0.837,0,0
C03455,2024-02-15,6,0,-11.13,3,1,1.44,0.878,0,0
C03456,2024-05-29,14,0,-17.21,0,26,0.737,0.873,0,0
C03457,2024-02-20,5,0,-2.99,3,37,0.744,0.83,0,1
C03458,2024-01-13,10,0,4.48,5,24,0.428,0.949,1,0
C03459,2024-06-06,22,0,-2.9,1,4,1.501,0.61,1,0
C03460,2024-05-23,13,1,3.96,3,6,0.816,0.66,0,0
C03461,2024-01-10,3,0,-0.38,4,17,1.035,0.791,1,0
C03462,2024-03-31,4,0,10.86,2,3,0.986,0.547,0,1
C03463,2024-03-19,4,1,3.69,4,7,0.827,0.328,0,0
C03464,2024-05-06,18,0,8.41,2,5,0.418,0.673,1,1
C03465,2024-02-09,63,1,-3.85,1,25,0.818,0.56,0,0
C03466,2024-02-26,36,1,0.05,1,16,0.852,0.488,0,1
C03467,2024-03-05,2,0,9.78,2,3,1.065,0.844,0,1
C03468,2024-05-28,37,0,2.18,1,17,1.451,0.451,2,0
C03469,2024-02-16,25,0,4.43,1,4,1.141,0.728,0,0
C03470,2024-02-20,3,0,-11.1,7,2,1.205,0.763,0,1
C03471,2024-05-20,9,0,15.35,1,3,0.909,0.935,0,1
C03472,2024-02-03,29,0,-6.33,4,5,0.647,0.472,0,1
C03473,2024-02-15,18,0,-15.96,1,2,0.92,0.645,0,1
C03474,2024-03-15,4,0,-2.81,2,2,0.806,0.682,1,1
C03475,2024-06-11,19,0,-19.58,3,1,0.982,0.263,0,0
C03476,2024-03-03,2,0,-8.68,1,2,0.866,0.523,1,1
C03477,2024-05-07,10,1,8.19,2,5,0.556,0.854,0,0
C03478,2024-02-22,30,1,-1.22,1,11,1.262,1.0,0,0
C03479,2024-02-22,12,0,-11.42,2,10,0.915,0.268,0,0
C03480,2024-06-23,8,0,0.2,0,6,0.887,0.326,0,0
C03481,2024-01-12,24,0,-7.18,5,1,0.719,0.884,0,0
C03482,2024-01-25,26,0,6.92,4,2,0.871,0.826,2,1
C03483,2024-01-31,34,1,-2.85,2,3,0.769,1.0,0,0
C03484,2024-01-30,24,0,2.17,3,10,0.652,0.633,0,0
C03485,2024-04-03,28,1,-3.67,0,2,1.031,0.697,0,0
C03486,2024-01-30,21,1,8.32,2,1,0.878,0.673,0,0
C03487,2024-05-28,15,0,4.03,0,16,1.107,0.339,0,0
C03488,2024-04-29,13,0,-1.16,2,2,0.9,1.0,1,0
C03489,2024-03-10,10,0,-2.34,2,1,1.024,0.667,0,0
C03490,2024-03-18,4,0,-4.43,1,5,0.997,0.137,0,0
C03491,2024-03-13,5,0,-6.09,4,4,1.076,0.683,1,0
C03492,2024-03-29,9,1,-2.52,5,2,0.78,0.241,1,1
C03493,2024-06-13,14,0,13.43,1,4,1.205,0.902,0,0
C03494,2024-02-18,38,0,-4.42,0,1,0.7,0.736,0,0
C03495,2024-03-17,11,0,-17.04,3,2,1.001,0.421,1,1
C03496,2024-03-02,27,0,-9.33,1,4,0.679,0.835,0,0
C03497,2024-01-31,28,1,2.97,0,0,0.97,0.904,0,0
C03498,2024-04-18,10,0,-2.02,2,10,1.173,0.713,0,0
C03499,2024-02-02,19,1,-0.43,2,1,1.134,0.515,0,0
C03500,2024-05-09,10,0,9.36,2,1,1.26,0.357,0,0
C03501,2024-06-02,35,0,-6.22,2,11,0.869,1.0,0,0
C03502,2024-04-24,20,0,5.06,1,7,1.192,0.745,1,0
C03503,2024-03-27,4,0,-5.34,1,4,0.807,0.149,1,1
C03504,2024-05-08,13,0,4.61,0,0,0.885,0.886,0,0
C03505,2024-05-21,45,1,-1.25,3,2,1.023,1.0,1,0
C03506,2024-03-30,10,1,-0.77,7,3,1.198,0.446,1,0
C03507,2024-04-13,17,0,6.56,2,3,0.848,1.0,0,0
C03508,2024-02-27,18,0,5.98,1,12,1.114,0.395,0,0
C03509,2024-02-07,5,1,-0.53,2,26,0.928,0.643,0,0
C03510,2024-01-11,18,1,-1.51,1,7,1.049,0.697,0,0
C03511,2024-02-14,3,0,12.79,5,2,0.776,0.353,0,0
C03512,2024-03-02,7,0,4.71,2,13,0.839,0.797,2,0
C03513,2024-01-25,28,1,-1.25,1,2,0.967,0.411,0,0
C03514,2024-06-06,16,0,-5.22,1,0,1.084,0.532,1,0
C03515,2024-01-19,9,0,8.2,4,1,0.793,0.371,0,0
C03516,2024-02-29,17,0,0.92,0,0,0.677,0.991,0,0
C03517,2024-04-20,11,0,-1.31,1,3,0.452,0.723,1,0
C03518,2024-01-29,12,1,0.37,0,3,1.171,0.974,0,0
C03519,2024-05-22,20,0,2.7,2,1,1.231,0.873,0,0
C03520,2024-05-01,6,0,-0.45,1,2,0.488,0.435,0,0
C03521,2024-05-03,12,1,3.85,1,1,1.014,0.641,0,0
C03522,2024-05-18,9,1,4.03,1,3,0.891,0.872,0,0
C03523,2024-06-11,3,1,1.7,1,2,1.294,0.804,0,0
C03524,2024-04-04,5,1,4.4,3,11,0.892,0.598,0,1
C03525,2024-06-12,42,0,0.07,2,5,1.111,0.933,0,0
C03526,2024-06-18,16,1,2.21,2,18,0.804,0.976,0,0
C03527,2024-06-19,4,1,3.21,3,2,0.818,0.515,0,0
C03528,2024-06-06,3,0,8.15,3,30,1.042,0.921,0,0
C03529,2024-05-18,11,0,7.33,2,4,1.25,0.634,0,0
C03530,2024-06-25,42,0,5.05,1,2,0.673,0.649,0,0
C03531,2024-03-27,10,0,15.66,1,39,1.091,0.845,1,1
C03532,2024-02-04,34,1,-1.73,2,0,0.756,0.73,0,0
C03533,2024-03-03,16,0,-1.24,3,2,0.407,0.848,1,0
C03534,2024-02-17,17,0,-1.72,1,1,0.998,0.567,0,0
C03535,2024-01-15,4,0,-2.94,1,0,1.127,0.7,2,0
C03536,2024-04-02,25,0,-15.91,2,0,0.621,0.693,1,0
C03537,2024-06-17,9,1,4.4,3,7,0.469,0.782,0,0
C03538,2024-06-08,24,0,-8.21,5,1,0.871,0.584,0,0
C03539,2024-02-21,6,0,1.36,0,3,0.828,0.971,0,0
C03540,2024-03-12,14,0,-11.37,1,10,1.292,0.734,0,0
C03541,2024-01-28,16,1,1.99,1,6,0.973,0.728,0,0
C03542,2024-03-19,10,1,-2.51,3,6,1.154,0.6,0,0
C03543,2024-01-16,16,0,-9.09,1,13,0.987,0.668,0,0
C03544,2024-01-19,9,0,1.55,3,19,1.297,0.993,0,0
C03545,2024-02-14,7,0,-5.61,4,1,0.772,0.749,0,0
C03546,2024-05-09,44,0,-4.59,2,6,0.948,0.936,0,0
C03547,2024-06-02,28,1,0.55,1,3,0.593,0.973,0,0
C03548,2024-06-02,6,0,6.4,9,3,1.188,0.706,0,0
C03549,2024-06-19,19,0,-6.55,1,1,1.274,0.257,1,0
C03550,2024-01-21,6,0,-7.93,7,2,1.208,0.368,1,0
C03551,2024-02-15,4,0,0.19,0,3,0.954,0.523,0,0
C03552,2024-04-05,27,0,4.31,2,16,0.548,1.0,0,0
C03553,2024-05-31,3,0,11.7,4,1,0.973,0.538,1,1
C03554,2024-01-16,25,0,-8.57,1,0,0.831,0.516,0,0
C03555,2024-04-15,9,0,-2.54,4,4,1.211,0.463,0,0
C03556,2024-01-26,10,0,9.41,4,1,0.888,0.726,1,0
C03557,2024-02-22,16,1,6.31,3,3,0.873,0.945,0,0
C03558,2024-05-07,19,0,-7.94,4,8,1.503,0.512,0,0
C03559,2024-02-22,6,0,-5.91,1,4,1.18,0.702,0,0
C03560,2024-05-14,21,0,3.05,1,3,1.254,0.816,0,0
C03561,2024-03-12,13,0,-4.62,1,3,0.857,0.854,0,0
C03562,2024-06-21,4,1,-2.43,6,9,0.68,0.362,0,0
C03563,2024-01-26,10,0,1.96,0,1,1.262,0.71,0,0
C03564,2024-02-08,36,0,12.4,1,8,1.333,0.5,1,0
C03565,2024-04-26,46,1,-4.19,2,1,0.673,0.784,0,0
C03566,2024-06-24,21,0,11.99,1,7,0.836,0.403,0,0
C03567,2024-01-07,4,1,-1.84,3,1,0.766,0.282,0,0
C03568,2024-04-18,18,1,1.11,4,7,1.085,0.556,0,0
C03569,2024-06-09,24,0,12.73,2,4,1.252,0.882,0,0
C03570,2024-05-31,21,0,2.6,3,4,0.888,0.526,0,0
C03571,2024-05-16,22,0,-2.38,0,10,0.857,0.372,0,1
C03572,2024-03-31,16,0,5.75,2,2,0.501,0.644,0,0
C03573,2024-03-02,11,1,-0.55,7,4,0.741,0.678,0,0
C03574,2024-04-22,7,0,4.17,0,5,1.352,0.394,0,0
C03575,2024-03-30,2,0,-1.64,1,3,1.108,0.749,0,0
C03576,2024-02-27,15,1,2.76,3,8,1.192,0.473,0,0
C03577,2024-03-15,14,0,-11.15,1,6,0.879,0.311,0,0
C03578,2024-01-26,19,0,-8.11,1,2,0.922,0.234,1,0
C03579,2024-06-20,4,0,-11.27,4,13,0.94,0.434,0,1
C03580,2024-01-30,20,1,-0.18,2,7,1.046,0.402,0,0
C03581,2024-03-29,63,0,-12.24,1,2,1.334,0.769,0,0
C03582,2024-03-18,12,0,-5.53,1,2,0.822,0.8,0,0
C03583,2024-06-19,11,0,-8.86,2,3,0.95,0.791,0,0
C03584,2024-03-29,15,1,4.73,2,6,0.772,0.482,0,0
C03585,2024-05-20,61,0,-7.93,0,0,0.508,0.989,3,0
C03586,2024-04-11,5,0,-10.29,5,2,1.22,0.787,0,0
C03587,2024-05-19,14,1,0.79,5,2,1.427,0.504,0,0
C03588,2024-03-12,6,0,13.49,0,1,1.186,0.446,0,0
C03589,2024-05-07,7,0,-0.93,1,1,1.053,0.318,0,0
C03590,2024-06-11,11,0,-0.31,3,5,1.438,0.607,0,0
C03591,2024-05-01,35,0,10.33,1,2,1.105,0.858,0,0
C03592,2024-03-15,51,0,7.03,1,3,1.186,1.0,2,0
C03593,2024-03-12,17,0,3.4,6,1,1.03,1.0,1,0
C03594,2024-04-01,9,0,-4.66,2,3,1.058,0.889,0,0
C03595,2024-01-19,89,1,1.46,0,1,0.962,0.761,0,0
C03596,2024-02-01,8,0,-10.89,4,16,1.128,0.543,0,1
C03597,2024-03-31,7,0,-4.99,5,21,0.622,0.325,0,1
C03598,2024-02-17,2,0,11.45,2,2,1.095,0.917,0,0
C03599,2024-05-20,37,1,4.17,4,1,0.782,0.877,0,0
C03600,2024-03-04,26,1,1.4,1,9,1.082,0.45,0,0
C03601,2024-01-23,84,0,-15.43,4,7,1.564,1.0,1,0
C03602,2024-03-22,4,1,-3.87,2,24,1.055,0.469,0,1
C03603,2024-03-26,39,1,-2.17,4,30,1.143,0.79,0,0
C03604,2024-02-20,12,0,-1.37,2,0,1.226,0.862,1,0
C03605,2024-02-15,23,1,-4.0,4,12,0.359,1.0,0,0
C03606,2024-04-12,3,1,-0.79,3,3,0.952,0.503,0,0
C03607,2024-03-22,39,0,14.14,2,7,1.077,0.788,0,0
C03608,2024-05-10,22,0,3.21,1,9,0.433,0.788,0,0
C03609,2024-02-06,11,0,1.75,2,8,0.889,0.738,0,0
C03610,2024-05-28,20,0,-8.14,0,11,0.925,0.302,0,0
C03611,2024-05-01,6,0,-13.11,2,2,0.682,0.369,2,1
C03612,2024-01-25,7,0,-9.83,1,1,0.753,0.504,1,1
C03613,2024-04-26,8,0,-13.44,3,13,1.269,0.654,0,0
C03614,2024-03-21,2,0,0.6,2,2,0.1,0.595,0,1
C03615,2024-03-18,24,1,1.23,1,23,0.953,0.444,0,0
C03616,2024-04-12,31,0,-7.72,3,2,1.281,0.889,0,0
C03617,2024-02-15,6,0,1.18,1,3,0.978,0.849,1,0
C03618,2024-06-15,16,0,11.75,2,3,1.337,0.627,1,0
C03619,2024-02-20,9,0,15.66,3,1,0.888,0.699,0,0
C03620,2024-06-13,15,0,6.16,2,1,0.769,0.798,0,0
C03621,2024-02-05,7,0,-1.4,1,10,0.948,0.964,0,0
C03622,2024-02-07,6,0,5.9,2,0,0.905,0.649,1,0
C03623,2024-06-22,28,0,10.81,5,43,0.642,0.388,0,1
C03624,2024-04-18,11,0,-16.06,4,4,0.935,0.377,1,1
C03625,2024-02-11,61,0,11.86,3,1,0.797,0.889,1,0
C03626,2024-03-25,12,0,-4.36,2,6,0.761,0.819,0,0
C03627,2024-03-17,5,0,-4.28,1,0,0.72,0.369,0,1
C03628,2024-05-17,32,0,-2.84,2,3,1.089,0.809,2,0
C03629,2024-03-31,20,1,1.02,6,3,0.735,0.622,0,0
C03630,2024-01-13,21,0,-8.89,4,1,0.684,0.804,0,0
C03631,2024-04-30,31,0,-2.28,2,2,0.722,0.947,0,0
C03632,2024-05-28,7,0,4.2,2,17,0.966,0.691,0,1
C03633,2024-05-15,11,0,1.75,1,5,1.142,0.631,1,0
C03634,2024-02-08,10,1,1.22,2,6,1.158,0.566,0,0
C03635,2024-03-10,4,0,-2.59,1,2,1.044,0.813,0,0
C03636,2024-01-08,9,0,5.55,1,1,1.129,0.571,0,0
C03637,2024-04-03,35,0,8.45,0,3,0.971,0.918,0,0
C03638,2024-02-26,14,0,7.97,0,0,1.114,0.171,0,0
C03639,2024-06-11,4,0,3.42,1,1,1.105,0.575,1,0
C03640,2024-02-13,3,0,7.51,3,1,0.813,0.537,1,0
C03641,2024-01-21,46,0,6.97,1,0,0.731,0.7,2,0
C03642,2024-05-09,11,0,21.41,4,8,1.298,0.317,1,0
C03643,2024-03-20,7,0,9.74,5,3,1.016,0.696,0,0
C03644,2024-04-24,9,1,-0.28,2,2,1.253,0.426,0,0
C03645,2024-02-04,3,0,-7.29,2,8,0.685,0.848,0,0
C03646,2024-06-06,38,0,-2.09,2,1,0.894,0.853,0,0
C03647,2024-01-09,8,0,-2.65,2,1,0.651,0.702,0,0
C03648,2024-03-12,36,0,4.09,0,12,1.102,0.581,0,0
C03649,2024-01-28,12,0,-5.6,2,34,0.676,0.721,0,1
C03650,2024-05-08,38,0,9.54,1,8,0.821,1.0,1,0
C03651,2024-02-14,14,0,-11.12,2,6,1.459,0.739,1,0
C03652,2024-03-24,24,0,-13.06,2,2,1.157,0.735,1,0
C03653,2024-04-11,21,0,-1.08,2,2,1.154,0.953,0,0
C03654,2024-02-17,20,0,-6.74,4,5,0.674,0.561,0,1
C03655,2024-05-18,16,0,-10.07,2,15,0.461,0.693,0,0
C03656,2024-02-16,10,0,-5.1,2,6,1.213,0.487,0,0
C03657,2024-06-18,56,1,-2.44,2,10,0.39,0.835,1,0
C03658,2024-04-29,5,0,0.08,2,1,0.87,0.613,0,0
C03659,2024-06-21,12,0,-4.96,2,7,0.762,0.208,0,0
C03660,2024-01-13,12,1,-1.73,1,2,0.759,0.761,0,0
C03661,2024-06-07,16,0,-0.04,0,5,0.865,0.804,0,0
C03662,2024-06-24,8,0,8.11,4,7,0.701,0.905,1,0
C03663,2024-04-02,15,0,11.77,2,2,0.686,0.313,0,0
C03664,2024-06-08,10,0,1.18,2,1,1.059,0.375,0,0
C03665,2024-03-17,3,0,1.8,3,6,1.237,0.703,1,0
C03666,2024-03-22,12,0,-1.47,0,3,0.551,0.937,1,1
C03667,2024-03-22,5,0,3.85,3,5,1.024,0.796,0,0
C03668,2024-04-24,3,0,3.12,4,8,1.095,0.278,0,0
C03669,2024-06-22,13,1,4.24,2,14,1.042,0.882,0,0
C03670,2024-02-07,17,0,-15.11,4,8,0.905,0.466,0,0
C03671,2024-04-16,18,0,-1.88,2,7,0.816,0.889,0,0
C03672,2024-03-30,19,0,2.71,1,2,1.18,0.163,0,0
C03673,2024-05-14,2,0,-0.21,3,3,1.069,0.775,0,0
C03674,2024-03-21,4,1,-3.01,1,6,0.496,0.301,0,0
C03675,2024-01-12,59,1,-4.16,0,3,0.93,0.256,0,0
C03676,2024-05-24,5,1,2.58,4,6,0.984,0.736,0,0
C03677,2024-06-24,19,0,-6.06,1,2,0.717,0.564,0,0
C03678,2024-06-19,7,0,-14.04,2,25,0.814,0.718,0,1
C03679,2024-04-03,12,0,6.85,1,5,1.098,0.704,0,0
C03680,2024-03-03,7,0,3.67,4,5,0.768,0.609,0,0
C03681,2024-04-18,19,1,-0.37,4,2,1.048,0.642,0,0
C03682,2024-05-30,13,0,-7.32,2,25,0.628,0.666,0,1
C03683,2024-05-25,8,0,-0.91,5,1,0.686,0.523,0,1
C03684,2024-04-10,5,0,9.72,1,2,1.144,0.315,0,0
C03685,2024-01-16,15,1,-5.17,4,9,1.248,0.382,0,0
C03686,2024-02-14,4,0,-12.51,1,5,0.679,0.514,0,0
C03687,2024-01-03,17,0,-5.02,1,2,1.228,0.963,0,0
C03688,2024-04-01,99,0,-0.21,0,2,0.987,1.0,0,0
C03689,2024-06-20,35,1,-1.59,2,3,0.432,0.91,0,0
C03690,2024-04-18,21,0,5.14,4,4,0.621,0.573,0,1
C03691,2024-02-08,11,0,8.71,0,18,1.062,0.618,0,0
C03692,2024-01-07,2,0,2.23,5,7,0.559,0.445,2,1
C03693,2024-01-20,4,1,1.79,0,11,0.79,0.436,0,0
C03694,2024-03-01,33,1,0.87,5,3,0.965,1.0,0,0
C03695,2024-06-17,6,0,0.08,5,7,1.077,0.545,0,0
C03696,2024-01-08,6,0,-10.35,1,1,1.041,0.714,1,0
C03697,2024-03-08,10,0,-8.22,1,5,1.367,0.163,0,0
C03698,2024-03-11,5,0,-10.81,2,4,0.776,0.384,0,0
C03699,2024-06-02,4,0,-1.19,6,23,0.91,0.743,0,1
C03700,2024-04-20,11,0,1.86,2,18,1.023,0.836,0,0
C03701,2024-06-16,5,1,-4.64,5,3,1.163,0.585,0,0
C03702,2024-06-02,6,0,0.58,2,2,1.253,0.721,1,0
C03703,2024-02-05,6,0,-7.0,2,2,0.881,0.497,1,1
C03704,2024-04-19,18,0,-8.55,1,3,1.148,0.513,0,0
C03705,2024-01-13,10,0,-5.0,2,14,0.699,0.634,1,0
C03706,2024-04-28,10,0,-8.96,3,6,0.951,0.668,0,0
C03707,2024-01-08,19,0,4.85,2,7,1.09,0.485,0,1
C03708,2024-04-24,10,0,-1.34,5,9,1.199,0.851,0,1
C03709,2024-02-19,9,0,6.52,4,1,1.138,0.572,0,1
C03710,2024-05-07,17,0,-3.55,2,2,1.013,0.87,0,0
C03711,2024-02-02,20,0,-3.25,4,7,0.945,0.84,0,0
C03712,2024-02-20,10,0,14.99,0,2,1.127,0.318,0,1
C03713,2024-06-11,12,0,-12.98,2,1,1.542,0.515,0,0
C03714,2024-04-21,6,0,10.28,3,1,1.209,0.673,0,0
C03715,2024-06-16,6,0,13.24,0,11,1.04,0.422,0,0
C03716,2024-05-17,22,0,6.13,2,3,0.643,0.797,0,0
C03717,2024-03-20,17,0,-2.64,0,5,0.764,0.51,0,1
C03718,2024-03-07,17,1,4.57,4,1,0.914,0.82,0,0
C03719,2024-03-04,15,0,-2.57,0,6,1.198,0.915,2,0
C03720,2024-03-26,12,0,-5.65,2,3,0.751,0.569,1,1
C03721,2024-03-14,21,0,-3.11,1,6,1.131,0.558,0,0
C03722,2024-01-24,25,1,-1.82,2,2,1.02,0.611,0,0
C03723,2024-05-30,25,0,-7.57,1,7,1.054,0.724,0,0
C03724,2024-02-12,11,1,3.55,3,2,0.936,0.669,0,0
C03725,2024-01-27,36,0,-6.19,1,4,0.831,0.393,0,0
C03726,2024-01-31,14,1,-0.09,0,3,0.742,0.422,0,0
C03727,2024-01-28,20,0,-11.55,2,4,1.133,0.91,0,0
C03728,2024-04-23,15,0,0.25,0,5,0.956,0.242,0,0
C03729,2024-02-20,14,0,-9.25,2,2,0.721,0.818,1,1
C03730,2024-01-03,6,0,-9.44,2,4,1.036,0.693,0,0
C03731,2024-04-14,21,1,-0.35,1,5,1.831,0.702,2,0
C03732,2024-03-19,118,0,8.46,2,7,0.915,1.0,0,0
C03733,2024-05-08,9,0,3.52,5,4,1.394,0.848,1,1
C03734,2024-02-02,12,0,4.07,2,2,0.344,0.175,0,0
C03735,2024-06-27,8,0,-1.04,3,4,0.912,0.691,0,0
C03736,2024-01-24,8,0,-2.69,1,8,1.199,0.504,1,0
C03737,2024-01-08,41,1,2.53,0,1,0.999,0.864,0,0
C03738,2024-03-05,7,0,-4.51,4,1,0.834,0.52,0,0
C03739,2024-03-05,8,0,6.68,1,2,0.983,0.712,0,0
C03740,2024-06-12,3,1,3.96,2,3,1.231,0.545,0,0
C03741,2024-02-25,6,0,-6.73,0,0,1.536,0.601,0,0
C03742,2024-04-20,3,0,-5.56,3,7,1.231,0.314,1,0
C03743,2024-01-08,20,0,-4.37,2,3,0.859,0.605,0,0
C03744,2024-04-16,114,0,-11.74,1,0,0.942,0.909,0,0
C03745,2024-05-22,9,0,-3.76,5,1,0.939,0.556,1,1
C03746,2024-05-10,3,0,10.41,1,3,0.768,0.484,0,0
C03747,2024-03-17,25,0,-8.36,1,0,0.961,0.783,0,0
C03748,2024-04-07,6,1,4.24,4,10,0.882,0.419,0,0
C03749,2024-04-20,34,0,-3.47,0,5,0.675,0.439,1,0
C03750,2024-03-18,9,1,6.76,1,8,1.17,0.547,0,0
C03751,2024-03-22,7,0,-5.45,3,1,1.1,0.675,0,0
C03752,2024-06-17,10,0,-1.15,6,6,0.81,0.474,1,1
C03753,2024-03-06,22,0,-7.28,2,2,1.027,1.0,0,0
C03754,2024-06-14,10,1,-2.2,4,3,0.744,0.967,0,0
C03755,2024-01-25,8,0,10.71,1,6,0.832,0.72,3,1
C03756,2024-03-26,10,0,3.8,2,4,1.152,0.665,0,1
C03757,2024-06-09,4,0,8.23,1,9,1.073,0.914,0,0
C03758,2024-02-09,16,0,-10.52,0,5,0.847,0.881,0,0
C03759,2024-01-22,2,0,5.24,1,2,1.068,0.267,2,1
C03760,2024-04-25,8,0,-7.77,2,9,0.936,0.31,0,1
C03761,2024-04-14,22,0,-10.7,2,11,0.696,0.446,0,1
C03762,2024-03-25,15,1,0.76,1,4,0.938,0.994,0,0
C03763,2024-06-24,19,0,1.83,3,14,1.038,0.836,1,0
C03764,2024-03-10,11,1,0.17,1,3,1.062,0.714,0,0
C03765,2024-02-21,31,0,5.74,0,3,0.562,1.0,0,0
C03766,2024-03-10,25,0,6.99,3,4,1.022,0.679,0,0
C03767,2024-03-26,17,1,4.7,3,3,0.991,0.57,0,0
C03768,2024-04-30,25,0,-9.52,1,3,0.51,0.557,1,1
C03769,2024-05-14,22,0,12.02,6,2,0.788,0.46,0,0
C03770,2024-03-12,8,0,15.06,4,1,1.118,0.485,0,0
C03771,2024-02-16,4,0,-2.93,2,4,1.326,0.803,0,0
C03772,2024-04-21,17,0,-13.35,1,13,0.525,0.596,0,0
C03773,2024-02-10,18,0,-11.07,1,9,1.2,0.234,0,1
C03774,2024-01-27,29,1,-1.48,0,6,0.5,0.41,0,0
C03775,2024-01-20,5,0,16.11,7,13,1.284,0.594,0,0
C03776,2024-02-15,5,0,0.14,4,4,0.92,0.755,1,1
C03777,2024-01-05,17,0,-4.94,2,1,0.816,0.777,2,1
C03778,2024-04-29,11,0,-5.48,2,3,1.074,0.655,0,0
C03779,2024-02-20,2,0,-10.58,4,4,0.739,0.393,0,0
C03780,2024-01-14,16,1,2.8,6,2,1.119,0.243,0,0
C03781,2024-05-02,2,0,-0.74,1,7,0.934,0.221,0,0
C03782,2024-06-09,5,0,16.8,0,10,0.1,0.589,0,0
C03783,2024-01-14,35,1,2.01,1,0,0.797,1.0,0,0
C03784,2024-02-10,52,0,6.64,1,3,1.033,0.851,0,0
C03785,2024-05-18,4,0,-1.94,0,0,1.267,0.435,0,0
C03786,2024-05-23,9,0,-8.73,4,4,1.063,0.946,0,0
C03787,2024-03-17,12,0,-6.99,1,4,1.243,0.526,1,0
C03788,2024-03-27,50,0,-10.95,1,22,0.667,0.601,0,0
C03789,2024-04-09,8,1,2.91,0,16,1.102,0.347,0,0
C03790,2024-04-03,8,0,-3.08,2,10,1.136,0.774,1,0
C03791,2024-02-26,42,0,7.62,2,1,0.587,0.796,0,1
C03792,2024-05-26,9,0,1.09,2,1,1.27,0.388,1,0
C03793,2024-04-28,21,1,-0.94,1,1,1.077,0.589,0,0
C03794,2024-03-29,3,0,-9.36,1,17,0.845,0.836,1,0
C03795,2024-05-16,10,1,0.97,3,1,0.92,0.932,0,0
C03796,2024-02-14,3,0,-1.75,1,3,0.725,0.618,1,0
C03797,2024-01-16,5,0,7.22,4,1,1.153,0.57,0,0
C03798,2024-02-23,23,0,-5.72,2,1,1.071,0.64,0,0
C03799,2024-06-08,11,0,4.93,4,6,1.116,0.962,1,0
C03800,2024-05-10,9,0,13.13,3,5,0.995,0.307,0,0
C03801,2024-04-15,6,0,2.18,3,0,1.051,0.768,0,0
C03802,2024-04-11,10,0,6.28,3,1,0.921,0.776,0,0
C03803,2024-04-26,15,0,4.58,4,5,1.244,0.734,0,0
C03804,2024-06-15,26,0,15.18,0,4,1.132,0.794,0,0
C03805,2024-04-04,1,0,2.97,1,3,1.028,0.572,0,0
C03806,2024-02-28,6,1,2.24,6,7,0.931,0.407,0,0
C03807,2024-01-17,13,1,-0.12,2,1,0.553,0.346,0,1
C03808,2024-01-18,11,0,-6.2,2,2,0.494,0.631,2,1
C03809,2024-03-21,16,0,-9.67,2,7,0.873,0.59,0,0
C03810,2024-04-26,15,0,10.14,4,2,1.307,0.848,0,0
C03811,2024-02-01,9,0,-8.07,0,5,0.799,0.97,0,0
C03812,2024-01-29,7,0,5.97,3,1,0.829,0.255,0,0
C03813,2024-04-01,10,0,3.33,2,2,0.747,0.554,1,1
C03814,2024-01-27,30,0,7.34,3,0,0.677,0.793,0,0
C03815,2024-06-11,6,0,-4.12,1,0,0.772,0.903,0,0
C03816,2024-06-04,11,0,-6.33,2,2,1.06,0.819,0,0
C03817,2024-03-25,14,0,3.03,3,6,0.847,0.755,0,1
C03818,2024-05-19,42,1,-0.94,1,4,0.846,0.524,0,0
C03819,2024-02-07,9,0,-9.85,1,12,0.783,0.5,1,1
C03820,2024-01-26,26,0,15.51,3,3,1.044,0.652,0,0
C03821,2024-03-31,32,0,-6.33,0,0,1.098,0.526,2,0
C03822,2024-05-18,11,0,-7.95,3,6,0.503,0.653,1,0
C03823,2024-03-01,10,0,-1.94,2,1,0.805,0.325,1,0
C03824,2024-02-10,9,0,10.02,3,5,0.953,0.231,0,0
C03825,2024-06-16,9,0,-17.33,1,0,1.11,0.481,0,0
C03826,2024-03-20,24,0,9.36,0,3,1.017,0.887,1,0
C03827,2024-03-17,14,1,-2.92,1,8,1.166,0.389,0,0
C03828,2024-02-18,14,0,2.12,1,7,0.612,0.911,0,0
C03829,2024-05-23,4,0,-5.41,0,3,1.089,0.706,0,0
C03830,2024-02-09,5,0,15.94,3,4,1.493,0.662,1,1
C03831,2024-03-27,67,1,0.4,1,2,1.002,1.0,0,0
C03832,2024-01-16,10,1,-2.27,2,3,1.007,0.819,0,0
C03833,2024-02-12,6,0,-2.41,3,7,1.095,0.966,1,0
C03834,2024-06-23,38,0,0.72,1,2,0.854,0.77,0,0
C03835,2024-04-29,15,0,1.42,0,2,0.753,1.0,0,0
C03836,2024-02-13,19,0,3.51,2,1,1.01,0.879,0,0
C03837,2024-01-04,10,1,-0.0,1,8,0.546,0.621,0,0
C03838,2024-02-29,9,0,-11.02,3,3,1.084,0.282,1,0
C03839,2024-05-26,10,0,-2.72,2,1,1.136,0.365,0,0
C03840,2024-04-27,4,1,1.94,4,9,0.554,0.718,0,0
C03841,2024-06-09,11,1,-2.14,0,4,1.021,0.707,0,0
C03842,2024-05-10,15,1,2.15,1,2,0.936,0.515,0,0
C03843,2024-04-08,53,0,0.25,2,9,1.324,0.47,0,0
C03844,2024-06-23,13,0,-1.74,2,3,1.312,0.43,2,1
C03845,2024-02-14,1,0,9.55,6,1,1.205,0.515,0,0
C03846,2024-01-27,11,0,-13.91,4,10,1.253,0.972,0,0
C03847,2024-02-01,109,1,-2.16,1,2,0.899,1.0,0,0
C03848,2024-04-18,24,0,9.86,3,64,0.745,0.844,1,1
C03849,2024-05-09,6,0,14.64,1,2,0.927,0.517,1,0
C03850,2024-05-07,19,0,18.29,2,0,0.751,0.831,0,0
C03851,2024-02-08,6,0,0.4,2,20,0.921,0.459,1,1
C03852,2024-05-09,4,0,3.66,2,4,0.959,0.495,0,0
C03853,2024-04-01,9,0,6.54,0,5,0.924,0.781,0,1
C03854,2024-06-28,13,0,10.2,3,6,0.955,0.701,0,0
C03855,2024-06-04,2,0,2.5,5,1,1.01,0.589,1,1
C03856,2024-01-24,4,0,7.41,2,0,1.222,0.863,1,0
C03857,2024-05-17,12,0,3.68,3,24,0.734,0.642,0,0
C03858,2024-01-19,8,0,4.18,7,1,0.675,0.445,0,0
C03859,2024-01-03,16,0,-7.35,2,18,1.08,0.67,0,0
C03860,2024-02-03,4,0,-2.63,2,6,1.184,0.479,0,0
C03861,2024-05-06,21,0,-4.18,2,4,1.069,0.366,0,0
C03862,2024-06-08,4,1,-3.8,1,2,0.705,0.559,0,0
C03863,2024-01-03,45,0,-13.21,0,34,0.797,0.851,0,0
C03864,2024-06-24,3,0,-3.39,3,2,1.061,0.532,1,0
C03865,2024-02-28,5,0,-2.11,2,2,0.723,0.295,0,0
C03866,2024-02-19,17,0,0.84,0,7,0.774,0.517,1,0
C03867,2024-03-08,46,0,4.45,2,2,0.953,0.687,0,0
C03868,2024-01-08,15,0,1.5,2,1,1.291,0.792,0,0
C03869,2024-03-25,19,1,-0.82,2,4,1.036,0.512,0,0
C03870,2024-05-07,12,0,-7.32,1,7,0.822,0.749,1,0
C03871,2024-04-27,5,0,7.02,0,23,0.835,0.774,0,1
C03872,2024-05-06,8,0,-0.81,2,27,0.698,0.406,1,1
C03873,2024-06-27,4,0,-3.47,2,0,0.897,0.433,0,0
C03874,2024-04-04,4,0,-1.49,3,10,1.131,0.918,1,1
C03875,2024-02-01,16,0,-5.86,3,1,0.515,0.888,1,1
C03876,2024-02-21,4,0,-4.25,2,1,1.324,0.85,0,0
C03877,2024-04-30,15,0,-4.5,4,2,1.537,0.864,0,0
C03878,2024-04-28,4,1,-0.92,1,2,1.031,0.711,1,0
C03879,2024-02-02,15,0,5.25,5,1,0.787,0.588,0,0
C03880,2024-05-06,8,0,3.26,2,0,1.291,0.835,1,0
C03881,2024-02-29,37,1,4.95,3,15,0.994,0.747,0,0
C03882,2024-01-21,15,0,9.69,2,9,0.824,0.907,0,0
C03883,2024-05-26,32,1,6.26,1,4,0.737,0.854,0,0
C03884,2024-02-25,6,0,4.47,1,1,0.894,0.591,0,0
C03885,2024-01-13,12,0,4.34,3,13,0.983,0.585,0,0
C03886,2024-06-21,5,0,-3.9,2,4,1.204,0.343,2,1
C03887,2024-01-04,8,0,6.61,2,2,1.061,0.749,0,0
C03888,2024-02-08,9,0,-5.25,2,0,1.114,0.686,1,0
C03889,2024-03-05,6,1,-4.71,1,6,0.887,0.258,1,0
C03890,2024-04-09,4,1,4.88,3,3,1.199,0.493,0,0
C03891,2024-03-20,3,1,-4.0,2,5,0.923,0.504,0,0
C03892,2024-02-24,1,0,3.51,3,4,1.439,0.867,0,0
C03893,2024-03-15,5,0,-7.04,5,7,0.802,0.717,0,1
C03894,2024-05-22,20,0,9.01,2,5,1.074,1.0,0,0
C03895,2024-04-15,3,0,10.1,3,3,1.532,0.46,0,0
C03896,2024-03-22,4,0,4.23,2,7,1.225,0.14,0,0
C03897,2024-05-12,51,1,3.99,0,10,1.136,0.49,0,0
C03898,2024-03-28,7,0,0.06,1,17,0.989,0.766,0,0
C03899,2024-04-25,15,0,17.87,3,1,1.008,0.619,2,0
C03900,2024-04-26,20,0,5.97,6,11,0.902,0.885,0,0
C03901,2024-05-12,20,0,-7.2,1,1,0.855,0.802,1,0
C03902,2024-02-28,3,0,0.56,3,10,0.566,0.822,0,0
C03903,2024-04-03,10,1,-0.49,4,2,1.15,0.671,0,0
C03904,2024-02-09,3,0,-2.0,5,9,0.57,0.801,0,1
C03905,2024-03-20,86,1,-5.3,0,16,1.083,0.907,0,0
C03906,2024-01-01,3,0,3.09,1,5,0.898,0.182,0,0
C03907,2024-01-24,5,0,-11.09,5,4,0.741,0.681,0,0
C03908,2024-02-28,5,0,-20.2,4,4,1.331,0.346,1,0
C03909,2024-06-26,3,1,-1.1,4,2,0.628,0.595,1,1
C03910,2024-05-07,35,0,-6.05,1,12,0.773,0.655,0,0
C03911,2024-04-28,84,1,-2.76,0,4,0.837,0.772,0,0
C03912,2024-05-24,8,0,-24.82,1,0,1.037,0.622,1,0
C03913,2024-02-11,4,0,-6.81,3,9,0.802,0.515,1,1
C03914,2024-06-26,2,1,-0.56,5,9,1.32,0.585,0,0
C03915,2024-05-03,10,1,-2.03,2,4,0.637,0.916,1,0
C03916,2024-03-16,9,0,3.1,2,2,2.0,0.715,1,0
C03917,2024-04-06,7,0,11.14,2,1,0.73,0.4,0,0
C03918,2024-03-02,14,0,4.13,3,2,1.729,0.287,0,0
C03919,2024-03-13,16,0,8.21,2,5,1.248,0.649,3,0
C03920,2024-06-14,15,1,3.55,2,0,0.972,0.682,0,0
C03921,2024-04-20,9,0,-8.15,3,6,1.027,0.55,0,0
C03922,2024-04-03,5,1,1.41,0,4,0.885,0.186,1,0
C03923,2024-02-10,20,0,7.96,1,14,1.017,0.454,1,0
C03924,2024-05-25,12,0,-3.49,1,8,0.776,0.399,0,0
C03925,2024-06-23,24,0,-6.33,2,2,1.167,0.97,1,0
C03926,2024-05-24,22,1,1.7,2,0,1.045,0.619,0,0
C03927,2024-03-19,3,0,-11.85,4,2,0.743,0.516,0,1
C03928,2024-06-08,3,0,-8.7,0,15,1.032,0.418,1,0
C03929,2024-04-12,6,0,-5.33,4,5,1.066,0.83,2,1
C03930,2024-03-08,5,0,3.6,2,7,0.786,0.459,0,0
C03931,2024-01-19,22,0,1.75,2,2,0.883,0.631,0,0
C03932,2024-04-17,16,0,8.26,1,6,1.098,0.529,1,0
C03933,2024-06-07,29,1,-2.95,3,1,1.268,0.49,0,0
C03934,2024-06-26,16,0,-7.8,5,10,0.914,0.606,0,0
C03935,2024-05-02,14,0,4.19,2,1,1.228,0.433,1,0
C03936,2024-02-24,31,0,-6.39,1,0,1.292,1.0,1,0
C03937,2024-01-18,17,0,-4.83,3,34,1.156,0.582,1,0
C03938,2024-05-03,12,1,-5.94,2,5,1.079,0.712,0,0
C03939,2024-03-17,39,1,0.93,4,4,0.755,0.501,0,0
C03940,2024-03-17,13,1,4.93,3,0,1.223,0.781,0,0
C03941,2024-02-16,9,0,-8.23,3,7,0.917,0.727,0,0
C03942,2024-01-14,6,1,3.27,1,9,1.082,0.961,0,0
C03943,2024-03-28,21,0,-0.48,3,3,0.828,0.601,0,0
C03944,2024-03-10,32,0,-14.12,2,9,0.805,0.736,1,0
C03945,2024-03-15,11,0,-7.16,0,12,0.765,0.912,1,1
C03946,2024-01-20,34,0,-7.65,0,7,0.634,0.658,0,0
C03947,2024-05-19,2,0,-2.53,4,0,0.853,0.744,1,1
C03948,2024-04-20,11,0,3.36,5,1,0.737,0.656,0,1
C03949,2024-04-12,11,1,5.92,0,20,1.042,0.841,0,0
C03950,2024-01-11,6,0,-11.45,3,4,0.714,0.649,1,1
C03951,2024-03-20,82,1,-1.55,0,4,0.813,1.0,0,0
C03952,2024-03-04,11,1,-2.87,1,2,0.991,0.875,0,0
C03953,2024-02-01,8,0,-10.14,4,2,1.443,0.179,0,1
C03954,2024-06-16,12,0,0.76,1,13,0.762,0.944,0,0
C03955,2024-06-19,2,1,0.0,3,17,0.569,0.753,0,1
C03956,2024-06-16,6,0,-14.51,3,9,0.627,0.577,0,0
C03957,2024-02-24,26,1,0.06,1,7,0.75,0.79,0,0
C03958,2024-02-01,7,0,-9.64,4,7,0.801,0.535,1,0
C03959,2024-01-12,6,0,0.09,0,4,1.556,0.843,0,0
C03960,2024-04-07,34,0,10.16,2,1,1.237,0.741,0,0
C03961,2024-02-23,35,0,3.7,0,1,0.916,0.572,1,0
C03962,2024-06-12,18,1,0.57,0,14,1.393,0.874,0,0
C03963,2024-02-03,8,1,-1.69,2,4,0.827,0.689,0,0
C03964,2024-06-18,10,0,0.53,2,6,0.867,0.883,1,1
C03965,2024-03-07,6,0,4.51,3,5,0.857,0.643,1,0
C03966,2024-06-08,5,0,3.71,2,5,1.232,0.549,0,0
C03967,2024-05-27,5,0,-0.79,2,6,0.953,0.414,0,0
C03968,2024-05-03,7,1,0.7,1,8,1.337,0.736,0,0
C03969,2024-03-09,5,0,-10.53,1,2,1.099,0.676,0,0
C03970,2024-05-13,3,0,-5.87,2,12,1.167,0.323,1,0
C03971,2024-03-23,14,1,2.26,1,2,0.536,0.467,0,0
C03972,2024-06-22,14,0,6.74,0,5,0.55,0.447,1,1
C03973,2024-05-23,47,0,0.75,1,1,0.578,0.752,1,0
C03974,2024-04-11,7,0,11.83,1,3,0.878,0.528,1,1
C03975,2024-04-01,15,0,4.06,3,2,0.605,0.845,0,1
C03976,2024-01-13,15,0,-1.87,1,4,1.29,0.482,0,0
C03977,2024-05-10,9,0,-9.76,2,8,0.91,0.481,1,0
C03978,2024-05-25,22,0,11.51,0,4,1.134,0.497,0,0
C03979,2024-03-27,22,0,6.16,0,26,0.747,0.642,1,0
C03980,2024-03-20,15,0,14.39,3,9,1.161,0.644,0,0
C03981,2024-03-03,9,0,17.33,2,3,0.494,0.599,0,1
C03982,2024-04-06,9,1,-4.12,4,4,0.968,0.648,0,0
C03983,2024-03-31,4,0,-10.27,1,6,1.095,0.234,0,0
C03984,2024-06-01,6,0,-22.91,1,8,1.106,0.815,0,0
C03985,2024-06-25,7,1,2.94,3,1,0.916,0.98,0,0
C03986,2024-02-23,4,0,5.25,2,7,0.537,0.733,1,1
C03987,2024-01-20,17,0,0.78,1,1,1.248,0.342,2,0
C03988,2024-04-03,31,1,-3.92,2,7,0.867,1.0,0,0
C03989,2024-06-08,5,0,-0.71,4,12,0.864,0.552,1,1
C03990,2024-02-09,15,0,1.48,3,5,1.53,1.0,0,0
C03991,2024-04-22,5,0,6.26,4,0,1.024,0.688,1,0
C03992,2024-01-13,9,0,2.18,3,0,0.87,0.488,0,0
C03993,2024-06-23,7,0,5.31,4,7,0.82,0.776,0,0
C03994,2024-01-26,19,0,-0.99,5,0,1.161,0.631,1,0
C03995,2024-02-14,7,0,9.45,4,7,0.76,0.922,0,0
C03996,2024-02-16,27,1,2.02,5,10,1.078,0.849,0,0
C03997,2024-03-09,10,0,-9.5,3,12,1.215,0.858,0,0
C03998,2024-05-19,7,0,11.11,2,3,0.963,0.698,0,0
C03999,2024-01-20,4,0,9.8,5,6,1.217,0.89,1,1
C04000,2024-01-26,14,1,1.49,3,5,0.958,0.486,0,0
C04001,2024-01-10,24,0,2.25,3,1,0.823,0.815,0,0
C04002,2024-01-16,15,0,13.27,0,8,0.544,0.727,1,0
C04003,2024-03-24,73,1,-5.23,0,15,0.994,0.636,0,0
C04004,2024-02-04,38,1,3.97,3,8,1.034,0.768,0,0
C04005,2024-01-17,9,0,-3.81,2,2,1.235,0.847,0,0
C04006,2024-05-05,9,1,3.5,3,8,1.181,0.907,0,0
C04007,2024-04-18,17,0,0.96,1,14,1.447,0.533,1,0
C04008,2024-01-11,6,0,-9.94,3,12,0.795,0.675,1,1
C04009,2024-04-11,30,0,-3.97,1,11,1.034,0.944,0,0
C04010,2024-03-07,16,0,8.17,1,1,0.823,0.873,1,0
C04011,2024-06-19,14,0,-1.68,2,6,1.203,0.802,0,0
C04012,2024-05-08,21,1,-1.99,3,8,0.728,0.531,0,1
C04013,2024-06-13,48,0,-5.03,2,11,1.173,0.543,0,0
C04014,2024-04-29,13,0,5.14,1,7,0.781,0.653,0,0
C04015,2024-02-23,11,0,14.01,1,18,1.102,0.874,1,0
C04016,2024-03-16,40,0,-17.13,0,0,1.302,1.0,0,0
C04017,2024-06-15,26,0,22.41,3,7,0.576,0.433,0,0
C04018,2024-05-10,9,0,1.63,4,6,0.633,0.47,0,1
C04019,2024-01-10,12,0,4.64,0,10,1.009,0.792,0,0
C04020,2024-02-07,14,1,-1.4,2,17,0.947,0.956,0,0
C04021,2024-05-11,16,1,-0.01,2,2,0.917,0.375,0,0
C04022,2024-03-18,4,0,1.54,5,17,0.796,0.535,0,1
C04023,2024-04-14,3,1,-3.36,1,9,0.741,0.837,0,1
C04024,2024-03-23,5,0,-6.45,2,3,1.068,0.575,0,0
C04025,2024-03-04,5,0,9.48,2,1,0.754,0.58,0,0
C04026,2024-03-03,7,0,-12.42,6,5,1.067,0.648,1,1
C04027,2024-05-27,20,1,1.41,0,5,0.831,0.716,1,0
C04028,2024-03-23,10,0,-2.96,4,6,0.864,0.93,3,1
C04029,2024-03-04,14,0,-7.69,3,2,1.294,0.923,1,0
C04030,2024-06-15,4,0,15.78,5,7,1.204,0.664,1,1
C04031,2024-04-05,8,0,-7.64,2,3,0.736,1.0,0,0
C04032,2024-05-08,19,0,-9.04,2,13,0.717,0.547,1,0
C04033,2024-05-03,19,0,-1.5,1,20,1.094,0.802,1,0
C04034,2024-02-17,6,0,-6.15,0,2,0.632,0.414,2,1
C04035,2024-02-18,13,1,0.02,3,4,1.343,0.751,0,0
C04036,2024-04-02,70,1,0.5,4,10,0.984,1.0,0,0
C04037,2024-01-21,12,0,1.88,3,5,0.83,0.856,0,0
C04038,2024-02-27,6,0,-0.99,1,1,0.998,0.835,0,0
C04039,2024-05-05,10,0,-5.62,2,9,1.295,0.779,0,0
C04040,2024-02-08,13,0,5.15,3,2,0.457,0.523,1,1
C04041,2024-02-03,10,0,-0.89,3,5,1.232,0.567,0,0
C04042,2024-06-19,11,0,-3.96,3,1,1.294,0.756,0,0
C04043,2024-02-08,3,0,11.84,1,9,0.875,0.857,1,0
C04044,2024-04-19,5,0,-0.97,2,3,0.967,0.769,0,1
C04045,2024-02-05,10,1,3.49,2,10,0.984,0.714,0,0
C04046,2024-06-10,10,0,9.81,1,3,1.168,0.392,1,0
C04047,2024-05-14,7,0,10.3,4,2,0.808,0.848,1,0
C04048,2024-05-09,10,0,5.53,1,6,0.966,0.915,0,0
C04049,2024-02-26,12,0,-0.01,1,1,0.97,0.505,0,0
C04050,2024-04-24,24,1,-0.2,1,22,1.06,0.877,0,0
C04051,2024-05-13,11,0,-1.95,6,5,1.644,0.842,0,0
C04052,2024-04-24,16,0,-17.34,7,2,0.807,0.691,0,0
C04053,2024-04-12,7,0,5.75,0,3,1.005,0.747,0,0
C04054,2024-04-06,19,1,0.78,1,4,0.79,0.345,0,0
C04055,2024-04-01,16,0,6.6,0,10,0.828,0.754,1,0
C04056,2024-04-14,24,1,-0.37,1,2,0.721,0.803,0,0
C04057,2024-06-11,21,0,5.32,1,3,0.602,0.859,1,0
C04058,2024-02-12,19,0,-11.02,4,4,1.276,0.128,0,1
C04059,2024-04-14,11,0,-9.35,3,17,1.004,0.171,1,1
C04060,2024-05-27,14,0,-19.81,6,11,0.968,0.669,0,1
C04061,2024-02-12,28,0,-1.07,0,18,0.692,0.648,0,0
C04062,2024-01-20,7,0,-6.18,1,4,0.961,0.708,0,0
C04063,2024-06-26,7,0,-7.23,0,16,0.631,0.461,0,1
C04064,2024-05-20,14,0,2.68,2,14,0.923,0.815,0,0
C04065,2024-02-25,16,0,-3.4,2,8,1.043,0.26,0,0
C04066,2024-01-12,6,0,-11.46,0,9,0.819,0.656,3,1
C04067,2024-03-26,11,0,20.36,3,2,0.801,0.415,0,0
C04068,2024-05-07,11,0,-0.3,3,23,0.762,0.58,2,1
C04069,2024-03-08,2,0,-8.67,3,3,1.189,0.169,0,0
C04070,2024-05-10,10,0,-5.36,3,7,1.015,0.835,0,0
C04071,2024-05-13,10,0,-1.39,0,8,0.558,0.937,0,1
C04072,2024-02-21,10,0,-1.4,1,1,1.176,0.767,0,0
C04073,2024-03-24,37,0,10.42,3,4,1.116,0.815,1,0
C04074,2024-05-21,4,0,-0.64,2,5,1.022,0.888,1,1
C04075,2024-03-04,6,0,14.84,2,4,1.391,0.462,0,0
C04076,2024-03-05,1,0,-3.46,4,4,0.986,0.533,0,0
C04077,2024-04-26,8,0,3.41,2,17,1.023,0.624,1,0
C04078,2024-03-12,8,0,8.18,2,2,1.107,0.55,0,0
C04079,2024-03-29,8,0,9.56,3,1,1.214,0.534,1,1
C04080,2024-04-16,29,1,4.2,5,2,0.934,0.495,0,0
C04081,2024-01-04,24,1,-0.87,4,8,0.799,0.477,0,0
C04082,2024-05-04,12,0,-0.04,1,9,1.198,0.872,0,0
C04083,2024-04-26,9,0,-19.84,3,7,1.195,0.211,0,0
C04084,2024-05-23,27,0,-1.57,1,10,1.269,0.807,0,0
C04085,2024-01-29,11,0,8.73,1,5,1.079,0.314,0,0
C04086,2024-01-05,6,0,7.17,5,2,0.578,0.691,1,0
C04087,2024-06-21,3,0,-0.69,2,1,1.036,0.736,1,0
C04088,2024-01-09,8,0,13.59,1,1,1.003,0.242,0,0
C04089,2024-05-13,22,1,-1.23,2,3,1.292,0.518,0,0
C04090,2024-05-11,75,1,-2.29,0,9,1.22,1.0,0,0
C04091,2024-03-08,12,1,-1.5,2,5,1.128,0.277,0,0
C04092,2024-03-05,6,0,-8.98,1,4,0.462,0.622,1,1
C04093,2024-01-11,4,0,4.98,3,1,0.789,0.947,0,0
C04094,2024-05-27,18,0,2.31,0,45,0.684,0.805,0,0
C04095,2024-02-28,2,0,4.88,3,2,0.905,0.776,1,1
C04096,2024-06-19,18,0,-3.31,0,4,1.022,0.702,0,0
C04097,2024-04-27,23,0,-0.46,1,11,1.315,0.497,0,0
C04098,2024-01-05,17,0,-17.43,3,4,1.175,0.452,0,0
C04099,2024-06-10,10,0,3.01,2,2,0.76,0.377,0,0
C04100,2024-06-11,19,1,0.32,0,9,0.748,0.25,0,0
C04101,2024-05-14,13,0,-8.8,0,1,0.765,0.694,1,1
C04102,2024-06-14,6,0,-0.84,0,21,0.866,0.4,1,1
C04103,2024-05-18,53,0,-2.06,1,5,1.176,0.925,0,0
C04104,2024-04-18,9,1,5.65,2,3,1.226,0.888,0,0
C04105,2024-01-24,22,1,-3.4,1,1,0.901,0.269,0,0
C04106,2024-03-23,1,1,1.06,2,1,0.987,0.721,0,0
C04107,2024-02-11,33,1,-3.49,0,4,1.399,0.748,0,0
C04108,2024-03-08,39,0,-4.46,2,24,0.509,0.785,0,0
C04109,2024-05-22,12,0,2.21,3,5,1.134,0.739,0,0
C04110,2024-06-01,19,0,-1.69,1,6,1.102,0.796,0,0
C04111,2024-03-08,19,1,-0.02,5,6,0.896,0.439,0,0
C04112,2024-02-04,7,0,2.66,6,37,0.81,0.747,0,1
C04113,2024-06-03,18,0,-3.95,4,3,1.09,0.829,0,0
C04114,2024-04-28,6,1,2.83,4,18,0.836,0.289,0,0
C04115,2024-01-08,7,1,-0.98,3,3,0.826,0.393,1,0
C04116,2024-03-18,30,1,-0.31,0,2,0.812,0.745,0,0
C04117,2024-04-21,26,0,2.89,3,4,1.446,0.608,0,0
C04118,2024-01-23,6,0,1.82,1,4,0.87,0.262,1,0
C04119,2024-04-01,6,0,5.15,1,7,1.015,0.634,1,0
C04120,2024-04-01,7,0,2.54,6,0,1.196,0.902,0,0
C04121,2024-05-24,21,0,3.75,5,5,0.922,0.783,0,0
C04122,2024-03-12,5,0,-2.6,1,2,0.999,0.234,0,0
C04123,2024-01-31,16,1,-3.42,1,2,1.116,0.251,0,0
C04124,2024-03-14,22,0,-11.42,0,1,0.783,0.95,0,0
C04125,2024-02-05,11,0,-13.37,0,3,0.601,0.303,0,0
C04126,2024-05-21,27,1,5.64,6,2,0.807,0.452,0,0
C04127,2024-03-29,9,0,-17.7,2,3,1.417,0.834,1,1
C04128,2024-04-01,10,0,9.55,2,1,0.851,0.561,0,0
C04129,2024-04-18,5,0,-6.57,0,4,1.013,0.735,1,0
C04130,2024-06-04,27,0,9.49,1,2,0.659,0.383,0,0
C04131,2024-01-30,6,0,-17.62,4,1,1.331,0.378,0,0
C04132,2024-01-08,16,0,-1.88,1,2,0.915,0.406,0,0
C04133,2024-06-12,11,0,11.63,3,2,0.876,0.648,1,0
C04134,2024-06-21,5,1,2.28,3,4,0.947,0.447,0,0
C04135,2024-05-31,7,0,-2.7,2,2,1.618,0.709,1,0
C04136,2024-02-03,36,1,-6.22,1,1,1.105,0.835,0,0
C04137,2024-01-23,14,0,-10.58,3,2,0.951,0.558,1,0
C04138,2024-03-05,5,1,4.45,4,0,0.279,0.884,0,0
C04139,2024-06-01,15,0,-2.79,3,12,1.278,0.334,1,1
C04140,2024-06-07,10,0,-0.57,1,14,0.756,0.732,0,0
C04141,2024-06-13,120,0,2.27,1,16,0.707,0.814,0,0
C04142,2024-02-20,15,1,-4.17,4,2,0.799,0.504,0,0
C04143,2024-02-14,8,0,3.26,3,14,1.296,0.591,0,0
C04144,2024-02-23,37,0,-3.36,2,6,0.959,0.574,0,0
C04145,2024-06-04,2,0,2.35,1,2,0.609,0.511,0,0
C04146,2024-01-14,13,0,-4.62,1,2,0.939,0.605,0,0
C04147,2024-04-11,60,1,-5.03,0,3,0.777,0.83,0,0
C04148,2024-01-19,11,0,-3.42,1,4,1.07,0.359,0,0
C04149,2024-05-24,3,0,5.13,1,6,0.873,0.911,0,0
C04150,2024-02-22,8,0,3.15,4,4,0.588,0.662,0,1
C04151,2024-04-18,39,1,0.1,0,3,0.964,0.846,0,0
C04152,2024-03-17,16,0,7.19,4,15,0.911,0.522,0,0
C04153,2024-02-23,6,0,-1.63,2,4,0.667,0.483,0,0
C04154,2024-05-19,7,1,0.18,2,3,0.495,0.299,0,0
C04155,2024-05-04,7,0,-3.84,4,3,1.056,0.792,0,0
C04156,2024-05-25,16,0,7.65,5,4,0.91,0.84,0,0
C04157,2024-05-05,35,0,2.33,4,1,0.941,0.686,0,0
C04158,2024-05-17,28,0,-4.46,1,1,1.181,0.73,0,0
C04159,2024-05-09,17,1,-4.76,4,40,0.315,0.908,0,1
C04160,2024-01-21,4,0,8.84,1,1,1.01,0.666,2,1
C04161,2024-05-16,4,0,-5.95,2,5,1.141,0.845,0,0
C04162,2024-03-12,18,0,0.58,1,6,0.924,1.0,0,0
C04163,2024-04-26,4,0,18.82,5,11,0.591,0.882,0,0
C04164,2024-01-13,10,0,6.41,2,6,0.805,0.413,0,0
C04165,2024-03-19,15,0,12.89,1,24,0.767,0.528,0,0
C04166,2024-03-01,4,0,-4.3,2,5,0.58,0.77,0,1
C04167,2024-02-29,5,0,8.57,3,15,1.018,0.303,0,1
C04168,2024-03-17,11,1,0.09,1,11,0.946,0.463,0,0
C04169,2024-06-12,18,0,2.93,3,17,0.754,0.635,0,0
C04170,2024-05-05,28,1,6.47,3,4,1.226,0.601,0,0
C04171,2024-05-26,19,0,-2.23,2,6,0.84,0.678,0,0
C04172,2024-04-14,12,0,0.15,3,3,1.355,0.859,0,0
C04173,2024-05-30,6,1,-2.89,5,5,0.908,0.588,0,0
C04174,2024-05-12,5,0,7.11,4,5,0.736,0.779,0,0
C04175,2024-01-17,8,0,-4.49,1,0,0.769,0.825,0,0
C04176,2024-04-27,16,0,8.18,3,3,1.008,0.616,2,1
C04177,2024-03-14,15,0,-13.2,1,9,0.687,0.466,0,0
C04178,2024-03-29,2,0,4.39,2,1,1.031,0.671,1,0
C04179,2024-03-04,6,0,-5.15,1,1,0.895,0.398,0,0
C04180,2024-01-14,31,0,5.84,1,12,0.834,0.76,3,0
C04181,2024-06-06,12,0,-0.11,1,15,0.915,0.939,0,0
C04182,2024-02-11,3,0,-4.28,1,2,1.241,0.443,0,0
C04183,2024-02-29,80,1,-1.24,0,5,0.839,0.858,0,0
C04184,2024-04-23,11,1,-2.72,3,4,1.026,0.643,0,0
C04185,2024-06-18,16,0,6.7,3,12,1.051,0.499,0,0
C04186,2024-02-18,16,1,-3.36,3,2,0.688,0.475,0,0
C04187,2024-05-25,9,0,-2.14,4,3,1.116,0.598,0,0
C04188,2024-01-23,6,0,2.76,0,14,1.134,0.821,1,0
C04189,2024-06-05,66,0,12.91,0,1,1.237,0.592,0,0
C04190,2024-02-10,27,1,-0.03,2,2,0.713,0.514,0,0
C04191,2024-01-20,23,0,-1.94,4,5,0.715,0.737,1,0
C04192,2024-04-17,19,1,0.88,1,17,0.901,0.322,0,0
C04193,2024-06-24,5,0,-16.59,2,1,0.967,0.324,0,1
C04194,2024-06-18,33,1,-3.84,3,2,0.995,0.652,0,0
C04195,2024-03-07,6,0,-3.0,6,7,0.876,0.408,1,1
C04196,2024-01-16,15,1,-2.28,2,8,1.006,0.883,0,0
C04197,2024-01-15,3,0,-12.81,2,5,0.336,0.517,0,1
C04198,2024-02-05,2,1,2.74,5,4,1.145,0.394,0,0
C04199,2024-04-22,15,0,2.08,1,5,1.343,0.907,1,0
C04200,2024-03-22,6,1,0.45,1,1,0.857,0.398,0,0
C04201,2024-06-04,2,0,-5.55,1,4,1.031,0.851,4,1
C04202,2024-01-17,18,0,0.64,4,17,1.335,0.615,3,0
C04203,2024-05-11,66,0,4.12,1,1,1.003,1.0,0,0
C04204,2024-06-19,37,1,-0.85,3,2,1.066,0.75,0,0
C04205,2024-05-06,9,0,3.56,6,3,1.445,0.81,1,0
C04206,2024-06-19,12,0,-6.37,2,3,1.494,0.359,1,1
C04207,2024-06-18,24,0,0.78,2,23,0.62,0.887,0,0
C04208,2024-03-02,29,1,3.66,3,1,0.892,0.933,0,0
C04209,2024-06-23,9,0,9.86,4,1,1.218,0.873,0,1
C04210,2024-01-31,12,0,10.62,1,8,1.084,0.707,0,0
C04211,2024-05-28,15,0,2.28,2,2,1.167,0.931,1,0
C04212,2024-06-18,18,0,0.25,1,9,0.3,0.768,0,1
C04213,2024-05-21,10,0,-3.59,3,3,0.497,0.771,0,1
C04214,2024-05-23,11,0,-14.46,4,6,1.416,0.834,0,0
C04215,2024-03-04,36,1,-4.3,2,1,1.188,0.92,0,0
C04216,2024-05-08,32,0,-1.34,2,6,1.058,0.918,2,0
C04217,2024-03-24,17,0,-0.87,2,5,0.664,0.705,1,1
C04218,2024-01-31,48,1,4.52,0,3,0.881,0.602,0,0
C04219,2024-04-05,8,0,10.52,2,1,1.137,0.383,0,0
C04220,2024-06-07,44,0,-5.49,0,5,0.629,0.626,1,0
C04221,2024-03-27,18,1,2.62,4,8,0.784,0.932,0,0
C04222,2024-03-25,120,1,-1.53,0,2,1.084,1.0,0,0
C04223,2024-05-25,4,0,5.46,2,2,1.137,0.314,2,1
C04224,2024-06-23,7,1,2.58,2,9,0.824,0.798,0,0
C04225,2024-06-27,17,0,9.94,5,20,1.146,0.881,0,0
C04226,2024-06-09,16,0,-3.94,1,10,1.187,0.852,0,0
C04227,2024-02-07,57,0,8.11,2,5,0.527,0.502,0,0
C04228,2024-02-13,7,0,-14.98,3,3,1.394,0.501,1,0
C04229,2024-05-21,25,1,4.15,1,4,1.272,0.603,0,0
C04230,2024-05-22,30,1,-0.08,2,1,1.047,0.954,1,0
C04231,2024-04-19,21,0,-0.03,2,3,0.951,0.143,0,1
C04232,2024-05-01,5,0,-16.3,2,12,1.137,0.569,2,1
C04233,2024-05-10,37,0,-3.11,1,4,1.113,0.431,1,0
C04234,2024-01-31,32,0,10.84,0,2,0.922,0.713,0,0
C04235,2024-03-31,19,0,-3.41,1,2,1.392,0.546,0,0
C04236,2024-04-18,14,0,5.71,2,4,0.454,0.36,0,1
C04237,2024-05-05,14,0,0.28,3,1,0.829,0.797,0,0
C04238,2024-02-08,11,1,3.4,2,1,1.107,0.778,0,0
C04239,2024-04-22,20,1,0.61,3,17,0.902,0.472,0,1
C04240,2024-03-16,12,0,-7.45,1,1,1.17,0.399,0,0
C04241,2024-04-28,6,0,0.45,2,2,0.641,0.769,0,1
C04242,2024-02-14,5,0,12.81,2,5,0.911,0.609,0,0
C04243,2024-06-20,6,0,3.98,1,3,1.273,0.711,0,0
C04244,2024-03-09,14,0,-0.93,1,4,0.607,0.52,0,1
C04245,2024-01-09,11,0,18.05,3,9,0.895,0.721,1,1
C04246,2024-02-22,14,1,3.71,1,1,0.862,0.848,0,0
C04247,2024-02-23,18,0,6.53,1,8,1.051,0.679,0,0
C04248,2024-03-03,7,0,2.54,2,2,1.088,0.961,1,0
C04249,2024-04-25,39,0,5.84,0,3,1.009,0.651,0,0
C04250,2024-01-09,9,0,6.1,0,25,0.803,0.504,0,1
C04251,2024-03-09,8,0,-17.46,2,1,1.011,0.808,1,1
C04252,2024-01-30,17,0,3.16,3,7,0.924,0.572,0,1
C04253,2024-03-21,2,1,-0.51,2,12,0.932,0.704,0,0
C04254,2024-03-01,6,0,-4.0,0,2,1.354,0.506,1,0
C04255,2024-03-17,26,1,-0.63,2,2,0.689,0.786,0,0
C04256,2024-03-11,3,0,-12.45,3,3,1.07,0.511,1,0
C04257,2024-05-20,29,0,-14.44,0,2,0.754,1.0,0,0
C04258,2024-06-09,40,0,9.97,2,4,1.469,0.705,3,0
C04259,2024-01-11,9,0,3.7,2,10,0.972,0.405,0,1
C04260,2024-03-08,15,0,-19.3,3,3,0.668,0.8,0,0
C04261,2024-03-21,29,1,-1.84,2,10,0.892,1.0,0,0
C04262,2024-03-12,8,0,7.04,1,15,0.56,0.843,0,0
C04263,2024-04-30,24,0,-2.24,0,6,0.812,0.731,0,0
C04264,2024-05-06,7,0,9.96,1,7,1.119,0.622,0,0
C04265,2024-03-14,8,0,8.4,0,2,1.33,0.572,0,0
C04266,2024-04-15,6,0,-10.85,0,0,1.27,0.46,0,0
C04267,2024-01-12,16,0,-1.15,1,7,0.939,0.241,0,1
C04268,2024-01-31,30,0,-3.58,1,9,1.098,0.358,1,0
C04269,2024-06-19,10,0,-11.11,1,5,1.177,0.823,0,0
C04270,2024-04-12,4,1,-4.65,5,10,1.512,0.572,1,0
C04271,2024-03-09,5,0,-6.45,3,2,0.839,0.883,1,1
C04272,2024-06-24,16,0,-5.13,2,7,1.342,0.603,0,0
C04273,2024-06-18,53,0,2.27,1,16,0.647,0.732,0,0
C04274,2024-01-11,16,0,8.35,0,8,1.255,0.356,0,0
C04275,2024-06-14,8,0,4.11,1,15,0.77,0.684,0,0
C04276,2024-01-30,22,0,6.0,5,15,0.754,0.521,0,0
C04277,2024-01-25,10,0,-2.13,2,1,0.924,0.642,0,1
C04278,2024-01-19,9,0,4.82,2,8,0.766,0.525,0,0
C04279,2024-04-24,5,0,-1.19,2,2,1.097,0.685,0,0
C04280,2024-04-11,37,0,-3.53,1,1,1.302,0.83,0,0
C04281,2024-02-21,1,0,15.18,1,3,0.457,0.267,0,0
C04282,2024-06-03,23,1,-7.46,1,21,0.851,0.914,0,0
C04283,2024-02-07,8,0,-14.99,2,2,0.718,0.474,0,0
C04284,2024-03-08,8,0,3.06,1,0,1.226,0.739,0,0
C04285,2024-04-11,47,0,-2.12,2,1,1.35,0.844,0,0
C04286,2024-06-11,6,0,-11.5,1,6,0.926,0.516,0,0
C04287,2024-04-06,7,0,-8.44,3,2,0.814,0.684,0,0
C04288,2024-05-31,10,0,-7.4,0,0,0.596,0.791,0,0
C04289,2024-06-08,16,0,7.14,2,1,1.482,0.408,0,0
C04290,2024-04-10,8,1,3.88,2,5,1.305,0.943,0,0
C04291,2024-05-01,3,0,13.12,1,9,0.46,0.507,0,0
C04292,2024-03-17,6,1,-5.08,3,3,1.149,0.255,0,0
C04293,2024-05-12,33,1,-4.37,1,8,0.682,0.42,0,0
C04294,2024-02-29,12,0,-11.49,3,10,0.823,0.376,2,1
C04295,2024-05-22,17,0,10.31,3,2,0.678,0.664,1,0
C04296,2024-01-27,9,0,3.34,5,4,0.48,0.145,1,0
C04297,2024-01-13,7,1,0.26,3,2,0.979,0.858,0,0
C04298,2024-01-10,46,0,1.84,1,7,1.439,0.636,0,0
C04299,2024-03-06,10,0,-0.45,3,2,0.758,0.653,1,1
C04300,2024-01-29,8,0,-8.97,2,1,1.218,0.967,0,0
C04301,2024-04-20,29,1,1.64,3,4,1.242,0.848,0,0
C04302,2024-04-12,6,0,-1.49,3,12,1.12,0.747,0,0
C04303,2024-05-19,7,0,-9.6,0,7,1.464,0.453,1,0
C04304,2024-02-22,12,0,4.59,0,11,1.184,0.759,0,0
C04305,2024-05-25,12,0,-3.41,2,10,1.401,0.649,0,0
C04306,2024-05-29,14,1,0.73,3,4,0.693,0.777,0,0
C04307,2024-06-05,64,1,-0.4,3,2,1.176,0.556,0,0
C04308,2024-05-26,15,0,7.13,4,2,1.368,0.539,0,0
C04309,2024-05-01,1,0,1.76,1,1,0.802,0.598,1,0
C04310,2024-01-16,15,1,-2.83,2,13,0.1,0.515,0,0
C04311,2024-01-26,12,0,2.58,3,3,0.668,0.662,0,0
C04312,2024-06-16,12,0,2.84,2,0,0.819,0.506,0,0
C04313,2024-02-19,14,0,4.09,3,13,1.075,0.381,0,1
C04314,2024-06-21,11,0,8.29,1,4,0.838,0.562,0,0
C04315,2024-04-19,11,1,-1.97,4,10,0.951,0.242,0,0
C04316,2024-04-13,19,0,5.34,4,3,0.834,0.734,0,0
C04317,2024-04-23,7,0,-13.8,0,2,0.958,0.925,0,0
C04318,2024-03-05,5,0,-0.96,2,6,0.953,0.422,1,0
C04319,2024-01-02,120,1,-0.88,0,7,0.807,0.847,0,0
C04320,2024-02-13,6,1,4.63,0,3,1.19,0.92,0,0
C04321,2024-03-30,13,0,-1.25,2,14,1.275,0.983,0,0
C04322,2024-02-12,3,0,4.86,1,10,0.663,0.303,0,1
C04323,2024-06-25,13,0,-14.09,0,7,1.019,0.686,0,0
C04324,2024-03-25,5,0,-2.81,6,1,0.638,0.723,1,1
C04325,2024-01-11,8,0,-6.77,1,1,0.557,0.889,0,0
C04326,2024-03-12,28,0,19.8,2,13,1.194,0.859,0,0
C04327,2024-03-07,17,1,-2.13,1,0,1.502,0.943,0,0
C04328,2024-04-30,19,1,0.23,3,4,0.898,0.988,0,0
C04329,2024-04-15,2,0,1.01,4,5,1.433,0.436,0,0
C04330,2024-03-17,52,0,-12.72,0,2,0.828,1.0,0,0
C04331,2024-06-17,4,0,-4.21,2,4,0.921,0.588,0,1
C04332,2024-04-23,41,0,3.24,0,6,1.387,1.0,1,0
C04333,2024-01-14,27,0,0.69,0,2,0.762,0.59,0,0
C04334,2024-02-29,19,1,-7.36,3,9,1.184,0.961,1,0
C04335,2024-05-30,6,1,-1.81,2,7,0.878,0.519,0,0
C04336,2024-05-05,13,0,8.17,0,3,0.805,0.872,0,0
C04337,2024-02-25,8,0,4.71,1,2,0.863,0.693,1,0
C04338,2024-02-20,12,0,9.74,4,4,0.438,0.35,0,0
C04339,2024-02-23,9,0,-7.89,1,29,1.17,0.705,1,1
C04340,2024-04-13,2,0,10.25,1,2,1.047,0.535,0,0
C04341,2024-02-18,29,0,-0.36,6,17,0.878,0.383,2,1
C04342,2024-03-19,11,0,12.74,3,0,0.827,0.823,0,0
C04343,2024-06-08,8,1,0.01,4,2,1.068,0.747,0,0
C04344,2024-04-18,7,0,-16.38,2,2,1.211,0.508,0,0
C04345,2024-01-30,16,0,6.79,0,10,0.881,0.552,0,0
C04346,2024-04-14,5,0,-3.55,3,4,1.221,0.456,1,1
C04347,2024-01-14,2,1,-1.2,3,14,0.999,0.524,0,0
C04348,2024-04-06,16,0,-11.62,1,3,0.962,0.352,0,0
C04349,2024-05-23,18,1,5.19,0,4,1.208,0.766,0,0
C04350,2024-03-07,10,1,-1.67,2,3,0.858,0.719,0,0
C04351,2024-06-06,4,0,12.6,1,27,0.552,0.637,0,1
C04352,2024-06-11,13,0,-3.45,4,1,0.982,0.638,0,0
C04353,2024-02-16,3,0,-7.42,4,2,0.999,0.313,2,1
C04354,2024-02-26,5,0,10.56,3,1,0.939,0.737,1,0
C04355,2024-06-24,6,0,-0.59,2,7,1.262,0.868,0,0
C04356,2024-02-08,23,0,-0.51,1,1,1.12,0.827,0,0
C04357,2024-06-16,9,0,-10.25,1,23,0.856,0.71,1,0
C04358,2024-03-20,8,0,-3.66,4,4,0.979,0.763,1,0
C04359,2024-01-22,58,1,1.37,2,6,0.99,1.0,0,0
C04360,2024-06-18,16,0,-10.39,1,6,1.102,0.728,0,0
C04361,2024-01-29,15,0,-4.31,1,4,0.993,0.139,0,0
C04362,2024-04-20,9,0,-3.36,3,5,0.936,0.769,0,0
C04363,2024-03-09,7,0,0.53,2,4,0.646,0.729,0,1
C04364,2024-06-25,2,0,11.84,0,7,0.788,0.532,0,0
C04365,2024-05-01,26,0,-2.4,2,2,1.059,0.713,1,0
C04366,2024-05-24,17,1,-2.21,1,1,1.042,0.652,0,0
C04367,2024-01-02,10,0,21.97,4,9,0.584,0.636,1,1
C04368,2024-03-05,10,0,-3.47,3,4,0.84,0.742,1,0
C04369,2024-04-20,21,1,-0.61,2,0,0.768,0.633,0,0
C04370,2024-03-06,3,0,-2.86,3,2,1.331,0.507,0,0
C04371,2024-06-03,7,0,-2.21,2,17,0.978,0.574,1,1
C04372,2024-05-26,4,0,0.62,3,3,1.093,0.458,1,0
C04373,2024-03-27,50,0,7.37,3,2,0.973,0.974,0,0
C04374,2024-03-07,24,1,1.29,1,1,0.838,0.765,0,0
C04375,2024-01-15,2,1,3.45,2,2,0.879,0.628,0,0
C04376,2024-06-03,3,0,8.35,3,1,1.118,0.32,2,0
C04377,2024-02-04,10,0,1.67,4,6,0.905,0.827,0,0
C04378,2024-05-20,8,0,3.01,1,4,1.106,0.399,1,0
C04379,2024-04-20,4,1,3.55,3,3,1.021,0.787,0,0
C04380,2024-04-23,57,0,-8.89,0,2,1.064,0.963,1,0
C04381,2024-04-21,15,1,7.99,2,17,1.002,0.983,0,0
C04382,2024-03-30,17,0,-4.1,3,2,0.858,0.81,0,0
C04383,2024-01-27,7,0,-2.81,1,2,0.912,0.841,0,0
C04384,2024-06-15,21,0,-9.7,2,3,1.212,0.923,0,0
C04385,2024-04-22,8,0,-9.46,7,4,1.437,0.713,1,0
C04386,2024-06-17,9,0,7.79,1,6,1.199,0.53,1,0
C04387,2024-02-25,19,0,18.16,1,10,0.253,0.895,0,1
C04388,2024-02-15,3,0,-4.54,0,9,0.766,0.822,0,1
C04389,2024-01-19,43,0,2.78,1,39,0.834,0.368,0,1
C04390,2024-03-30,14,0,1.76,2,0,0.725,0.77,0,0
C04391,2024-04-09,33,1,3.2,1,5,0.689,0.68,1,0
C04392,2024-04-18,5,0,17.75,2,2,0.885,0.972,1,0
C04393,2024-05-03,5,0,12.17,5,27,0.951,0.825,0,1
C04394,2024-05-25,4,1,-0.76,0,5,1.129,0.678,1,0
C04395,2024-02-17,14,1,1.69,1,0,0.908,0.794,0,0
C04396,2024-01-12,12,0,5.02,2,6,0.859,0.252,0,0
C04397,2024-05-19,8,0,-0.16,1,5,0.764,0.686,3,0
C04398,2024-05-05,5,0,-8.77,0,8,1.087,0.732,1,0
C04399,2024-01-12,4,0,-6.39,1,2,1.1,0.73,0,0
C04400,2024-04-23,11,1,3.67,3,6,1.197,0.32,1,0
C04401,2024-02-18,8,0,10.01,2,3,1.017,0.717,1,0
C04402,2024-05-22,7,0,-1.66,0,2,0.662,0.746,1,1
C04403,2024-03-21,42,0,2.09,2,6,0.883,1.0,0,0
C04404,2024-02-23,11,0,9.58,4,5,1.189,0.789,1,1
C04405,2024-03-27,33,1,-5.45,1,11,0.511,0.56,1,0
C04406,2024-03-21,7,0,-3.57,1,4,0.959,0.738,0,0
C04407,2024-04-21,14,1,6.46,4,7,1.036,0.759,0,0
C04408,2024-05-10,11,0,2.39,3,1,1.496,0.257,0,1
C04409,2024-02-26,3,0,-9.03,2,15,0.775,0.39,0,0
C04410,2024-03-18,38,1,0.38,3,2,0.96,0.934,0,0
C04411,2024-01-30,10,0,8.17,1,10,1.372,0.734,1,0
C04412,2024-06-22,22,0,-20.37,1,5,0.828,0.546,0,0
C04413,2024-06-23,6,0,1.41,1,5,1.244,0.169,1,0
C04414,2024-02-05,10,1,-1.19,1,8,1.058,0.866,0,0
C04415,2024-01-21,6,0,-13.14,4,0,0.945,0.304,0,0
C04416,2024-02-25,32,0,0.66,2,2,1.103,0.836,2,0
C04417,2024-01-02,15,1,-0.44,2,8,0.923,0.491,0,0
C04418,2024-03-27,16,0,-0.19,1,25,1.439,0.679,0,0
C04419,2024-04-07,36,0,-2.79,5,4,0.464,0.685,0,0
C04420,2024-04-02,30,0,-8.17,5,0,0.929,0.604,0,0
C04421,2024-01-28,22,0,-11.64,2,3,0.922,0.809,1,0
C04422,2024-06-16,3,0,-5.53,1,4,0.947,0.435,0,0
C04423,2024-04-28,6,0,6.87,0,12,1.21,0.85,0,0
C04424,2024-06-10,5,1,0.75,0,4,0.868,0.429,0,0
C04425,2024-04-28,21,0,-0.55,2,1,1.118,0.755,1,0
C04426,2024-02-26,13,0,-8.32,3,10,1.008,0.597,0,0
C04427,2024-03-31,4,0,-2.99,1,7,1.175,0.605,0,0
C04428,2024-01-07,10,0,5.9,3,2,0.956,0.63,1,1
C04429,2024-03-01,3,0,4.04,3,8,1.041,0.607,1,0
C04430,2024-06-05,11,0,-3.82,2,2,0.959,0.842,0,0
C04431,2024-05-04,3,0,-20.89,2,3,0.738,0.406,1,1
C04432,2024-02-24,18,0,-5.4,0,2,1.39,0.631,0,0
C04433,2024-04-16,16,0,-3.86,3,3,0.794,0.27,0,1
C04434,2024-01-27,56,0,-7.26,1,10,0.83,0.899,0,0
C04435,2024-02-20,24,1,-1.32,2,0,0.786,0.675,0,0
C04436,2024-03-03,8,0,6.53,3,12,1.041,0.885,0,1
C04437,2024-01-21,23,0,-0.3,1,5,0.855,0.234,3,1
C04438,2024-04-03,3,0,7.92,1,3,1.364,0.836,1,0
C04439,2024-01-24,5,0,-12.07,2,4,1.113,0.475,0,0
C04440,2024-04-09,15,0,-2.44,2,1,0.926,0.985,0,0
C04441,2024-04-12,2,0,-15.51,3,1,0.768,0.52,1,0
C04442,2024-03-06,11,1,-1.37,3,2,0.962,0.9,0,0
C04443,2024-03-22,5,0,-8.37,4,0,1.13,0.905,0,0
C04444,2024-03-06,13,0,10.25,1,1,0.984,0.928,0,0
C04445,2024-05-01,5,0,3.28,3,1,0.96,0.917,2,1
C04446,2024-04-06,17,1,3.25,3,13,0.68,0.698,0,0
C04447,2024-01-09,12,0,-3.43,2,1,1.556,0.718,0,0
C04448,2024-05-22,37,0,-8.16,0,4,0.93,0.799,0,0
C04449,2024-06-23,12,1,-3.37,1,12,0.596,0.696,0,0
C04450,2024-03-10,6,0,2.12,3,9,0.686,0.617,1,0
C04451,2024-04-10,9,0,14.48,4,3,0.899,0.509,1,1
C04452,2024-04-28,4,0,3.3,3,3,1.471,0.654,0,0
C04453,2024-02-08,16,0,-3.0,2,5,0.932,0.676,1,1
C04454,2024-05-02,19,1,-0.6,2,29,0.761,0.908,0,0
C04455,2024-02-06,87,0,-0.25,0,6,1.181,1.0,0,0
C04456,2024-01-18,7,0,16.21,1,8,1.189,0.899,1,0
C04457,2024-06-06,9,1,3.95,1,34,0.995,0.584,0,0
C04458,2024-05-16,7,0,2.08,4,5,1.025,0.619,1,1
C04459,2024-01-16,14,0,0.88,0,12,0.664,0.72,0,1
C04460,2024-01-14,16,0,2.39,1,6,0.782,0.879,0,0
C04461,2024-01-20,11,0,3.95,1,6,0.572,0.871,1,0
C04462,2024-06-09,29,1,-1.32,2,1,0.939,0.789,0,0
C04463,2024-05-20,7,1,-2.7,0,1,0.889,0.248,0,0
C04464,2024-06-25,26,1,3.3,2,2,0.858,0.971,0,0
C04465,2024-06-19,18,0,0.18,2,9,1.025,0.798,1,0
C04466,2024-05-25,12,0,7.59,2,9,0.791,0.848,0,1
C04467,2024-03-20,9,1,5.27,5,14,0.845,0.623,0,0
C04468,2024-05-28,84,1,1.67,0,4,0.858,0.912,0,0
C04469,2024-01-18,6,0,2.87,1,7,0.957,0.585,0,0
C04470,2024-01-28,15,0,25.6,1,7,1.056,0.385,0,0
C04471,2024-05-04,6,0,1.66,0,4,0.644,0.433,2,1
C04472,2024-01-01,50,1,-3.49,0,3,1.098,0.343,0,0
C04473,2024-02-18,24,1,-0.9,6,1,1.061,0.855,0,0
C04474,2024-02-25,7,0,12.41,5,3,1.09,0.667,1,0
C04475,2024-06-19,18,0,-10.35,1,4,1.013,0.663,0,0
C04476,2024-01-24,14,0,-6.02,0,12,1.03,0.409,1,0
C04477,2024-06-11,8,1,3.54,2,13,0.831,0.493,0,0
C04478,2024-05-17,22,0,-2.17,1,5,1.086,0.788,0,0
C04479,2024-06-07,16,0,-0.88,0,28,1.146,0.928,0,0
C04480,2024-05-20,14,0,8.59,1,5,0.851,0.671,0,0
C04481,2024-01-01,11,0,-5.73,0,11,0.83,0.689,0,0
C04482,2024-01-13,17,0,-11.75,0,4,1.138,0.938,0,0
C04483,2024-06-18,14,1,-4.44,2,1,0.856,0.479,2,0
C04484,2024-03-12,12,0,4.65,1,3,0.805,0.717,1,0
C04485,2024-05-03,7,0,2.07,0,16,1.026,0.593,1,0
C04486,2024-06-15,47,0,-5.54,0,3,0.877,0.931,0,0
C04487,2024-01-09,5,1,-3.71,4,2,1.295,0.528,0,0
C04488,2024-02-26,17,0,-2.16,4,4,0.863,0.527,1,0
C04489,2024-05-09,9,0,8.93,3,3,0.78,0.686,0,0
C04490,2024-04-10,49,0,-6.69,0,13,0.934,0.556,0,0
C04491,2024-06-14,5,1,-2.12,3,24,0.989,0.666,0,0
C04492,2024-03-28,6,1,-3.81,1,4,1.06,0.453,0,0
C04493,2024-03-03,5,0,-2.94,2,7,1.1,0.924,0,0
C04494,2024-02-26,15,0,2.7,2,10,0.812,0.64,0,0
C04495,2024-05-02,4,0,16.92,2,4,1.264,0.709,1,0
C04496,2024-02-13,8,1,0.7,4,2,0.576,0.32,0,0
C04497,2024-02-29,2,0,-0.43,1,3,0.79,0.682,1,1
C04498,2024-03-15,14,1,2.76,1,6,0.98,0.601,0,0
C04499,2024-04-27,8,0,5.57,2,6,0.796,0.641,0,1
C04500,2024-01-04,3,0,-4.62,1,0,0.923,0.718,0,0
C04501,2024-04-04,29,0,18.42,3,3,0.74,0.717,0,0
C04502,2024-03-26,4,0,-0.2,3,2,0.938,0.505,0,0
C04503,2024-01-24,23,0,1.89,2,9,1.071,0.913,1,0
C04504,2024-03-02,6,0,4.41,1,2,0.856,0.497,0,0
C04505,2024-01-02,43,1,1.11,4,2,0.77,0.976,0,0
C04506,2024-06-28,22,0,12.2,2,2,0.875,0.851,0,0
C04507,2024-05-17,5,0,-4.72,1,9,1.231,0.863,0,0
C04508,2024-05-25,5,0,6.27,2,10,1.224,0.699,1,0
C04509,2024-02-09,19,0,1.32,1,6,0.85,0.912,1,0
C04510,2024-03-19,9,0,7.86,0,12,1.067,0.906,0,0
C04511,2024-03-14,10,0,-1.72,2,13,0.93,0.595,0,0
C04512,2024-01-17,33,1,-1.12,0,0,1.321,1.0,0,0
C04513,2024-06-09,6,0,5.86,2,7,1.013,0.594,0,0
C04514,2024-01-11,13,0,2.86,0,3,0.935,0.387,1,0
C04515,2024-06-01,26,0,-6.56,2,1,1.395,0.522,1,0
C04516,2024-01-30,23,0,10.76,2,3,0.754,1.0,1,0
C04517,2024-04-24,10,1,2.34,3,8,1.04,0.897,0,0
C04518,2024-06-28,9,0,-0.59,3,16,1.262,0.586,1,1
C04519,2024-02-19,3,0,-3.75,2,1,1.162,0.523,0,0
C04520,2024-02-17,5,0,2.91,3,7,0.774,0.409,1,0
C04521,2024-01-23,15,0,5.28,4,26,0.666,0.51,1,1
C04522,2024-06-27,10,0,-12.75,1,23,0.533,0.603,0,1
C04523,2024-02-02,12,0,3.01,4,0,1.371,0.76,0,0
C04524,2024-05-19,27,0,5.22,4,31,0.562,0.449,1,1
C04525,2024-06-19,4,0,-18.82,2,10,1.128,0.452,0,0
C04526,2024-05-10,10,0,1.57,1,0,0.643,0.311,0,0
C04527,2024-04-23,14,0,5.56,1,2,1.629,0.686,1,0
C04528,2024-01-18,6,0,4.65,2,13,0.597,0.853,0,0
C04529,2024-03-15,38,1,2.57,2,6,0.981,0.952,0,0
C04530,2024-04-26,25,0,-2.62,1,2,1.293,0.779,0,0
C04531,2024-06-19,15,0,-8.32,1,4,0.804,0.719,0,0
C04532,2024-02-25,51,1,-5.76,3,7,1.106,0.595,0,0
C04533,2024-04-05,3,0,8.74,1,2,0.92,0.952,0,0
C04534,2024-01-01,12,0,5.62,1,3,1.082,0.7,1,0
C04535,2024-03-13,16,0,9.35,0,10,1.22,0.555,0,0
C04536,2024-04-17,5,1,-2.32,1,2,0.883,0.84,0,0
C04537,2024-01-23,15,1,2.57,2,1,1.369,0.533,0,0
C04538,2024-06-07,5,1,-4.81,4,2,1.078,0.766,0,0
C04539,2024-01-16,21,0,-6.96,4,2,1.477,0.726,0,0
C04540,2024-05-17,28,0,1.01,3,2,0.782,0.392,0,1
C04541,2024-04-30,15,1,2.12,0,0,0.839,0.567,0,0
C04542,2024-06-03,2,1,5.37,1,5,0.917,0.512,0,0
C04543,2024-01-10,5,0,-1.92,6,9,0.652,0.343,2,1
C04544,2024-06-19,19,1,-2.77,1,2,1.221,0.34,0,0
C04545,2024-01-15,12,1,-2.93,1,2,0.971,0.92,0,0
C04546,2024-06-23,1,0,-5.5,3,3,0.698,0.931,0,0
C04547,2024-06-22,32,0,17.77,3,1,0.789,0.453,0,1
C04548,2024-02-02,13,0,6.05,2,10,0.733,0.642,0,0
C04549,2024-04-16,6,0,8.9,2,2,1.221,0.153,0,0
C04550,2024-05-08,27,0,-1.91,2,2,1.104,0.837,0,0
C04551,2024-06-09,7,0,-0.01,10,2,0.957,0.377,1,1
C04552,2024-02-05,7,0,5.59,3,11,0.854,0.561,0,1
C04553,2024-01-31,16,1,-1.62,2,3,0.925,0.417,1,0
C04554,2024-04-18,50,1,-0.93,7,26,1.315,0.392,0,0
C04555,2024-06-20,44,1,-2.16,0,6,0.912,1.0,0,0
C04556,2024-04-13,16,0,-3.58,1,12,1.154,0.801,1,0
C04557,2024-05-07,17,0,0.39,1,3,0.903,0.799,0,0
C04558,2024-06-03,22,0,-6.57,2,1,1.416,0.766,0,0
C04559,2024-02-26,4,0,2.29,1,4,0.675,0.554,0,0
C04560,2024-03-12,20,0,2.28,0,2,1.192,0.883,2,0
C04561,2024-06-12,6,1,-0.57,6,0,0.81,0.623,0,0
C04562,2024-02-09,15,0,-6.62,2,11,1.498,0.59,0,0
C04563,2024-01-19,10,0,0.84,3,4,1.154,0.423,0,0
C04564,2024-01-10,18,0,-4.04,2,2,0.564,0.675,0,0
C04565,2024-06-10,13,1,0.15,1,6,0.737,0.397,0,0
C04566,2024-05-11,1,0,8.79,3,4,1.151,0.734,0,1
C04567,2024-04-28,14,0,-10.02,2,15,1.089,0.753,1,1
C04568,2024-02-29,20,0,17.39,0,6,1.116,0.618,0,0
C04569,2024-04-01,17,0,-0.58,3,3,1.024,0.842,0,0
C04570,2024-03-30,11,0,3.29,2,8,0.88,0.444,0,0
C04571,2024-06-07,45,0,-6.02,2,4,1.252,0.928,0,0
C04572,2024-06-24,15,0,9.14,3,5,0.759,0.219,0,1
C04573,2024-01-03,17,0,-1.01,1,13,0.948,0.689,2,0
C04574,2024-04-19,28,0,-3.15,0,1,0.84,0.821,1,0
C04575,2024-04-10,16,0,-4.6,5,2,0.815,0.656,1,1
C04576,2024-04-23,5,0,-2.15,2,3,0.87,0.367,0,0
C04577,2024-04-01,1,0,3.35,0,3,0.801,0.726,1,1
C04578,2024-06-22,8,0,1.38,0,12,1.077,0.4,0,0
C04579,2024-01-28,22,1,-0.13,2,1,0.626,0.916,0,0
C04580,2024-02-08,9,1,-2.28,5,4,1.088,0.761,0,0
C04581,2024-02-16,23,0,-6.15,2,2,0.831,0.454,2,0
C04582,2024-05-05,13,0,-3.69,3,20,0.908,0.864,0,1
C04583,2024-02-03,34,1,1.47,2,9,0.913,0.666,0,0
C04584,2024-02-20,9,1,2.12,3,5,0.85,0.415,0,1
C04585,2024-02-14,17,0,6.38,1,10,1.253,0.727,0,0
C04586,2024-02-16,18,0,-0.01,1,1,0.902,0.673,0,0
C04587,2024-05-06,40,1,1.23,2,27,1.041,1.0,0,0
C04588,2024-02-02,3,1,-0.54,1,2,1.169,0.459,0,0
C04589,2024-06-22,8,0,-13.94,1,13,0.867,0.606,0,1
C04590,2024-01-19,24,0,-1.73,2,7,0.651,1.0,0,0
C04591,2024-04-26,41,0,-3.0,4,5,0.754,0.816,1,0
C04592,2024-01-05,14,0,-8.31,2,13,1.255,0.651,0,0
C04593,2024-04-09,9,0,-4.54,3,10,1.073,0.696,0,0
C04594,2024-01-05,22,0,1.08,1,4,1.015,0.593,0,0
C04595,2024-03-29,24,1,-3.63,2,3,0.843,0.517,0,0
C04596,2024-02-09,9,0,-5.69,0,5,1.408,0.833,0,0
C04597,2024-01-26,15,0,12.38,1,4,0.763,0.683,0,0
C04598,2024-02-21,31,1,-5.13,2,6,1.005,0.885,0,0
C04599,2024-05-15,55,1,-0.59,1,11,1.07,0.636,0,0
C04600,2024-02-22,22,0,-9.33,2,6,0.644,0.663,0,0
C04601,2024-06-13,12,0,-6.01,0,5,0.785,0.61,0,0
C04602,2024-06-04,11,1,-0.63,4,2,0.876,0.777,0,0
C04603,2024-03-08,19,0,-7.9,2,6,1.185,0.647,1,0
C04604,2024-03-22,11,0,4.59,4,0,0.891,0.729,0,0
C04605,2024-01-21,14,0,10.81,2,2,0.631,0.801,0,0
C04606,2024-01-01,5,0,6.73,1,7,0.582,0.628,1,1
C04607,2024-05-05,34,1,3.28,0,9,0.763,0.869,0,0
C04608,2024-05-28,4,0,-11.04,2,4,0.607,0.994,3,1
C04609,2024-05-14,8,0,-1.94,1,5,1.167,0.507,1,0
C04610,2024-04-24,13,0,3.74,3,6,1.172,0.784,0,0
C04611,2024-01-26,59,1,2.79,0,8,0.962,0.735,0,0
C04612,2024-04-27,8,0,14.03,1,3,0.919,0.787,0,0
C04613,2024-02-13,7,1,3.42,3,1,1.18,0.469,0,0
C04614,2024-06-09,7,1,2.87,2,6,1.145,0.378,0,0
C04615,2024-03-02,45,0,21.07,4,26,0.623,0.624,0,1
C04616,2024-01-09,1,0,0.77,2,1,0.783,0.767,0,0
C04617,2024-02-28,5,0,-2.31,4,3,1.162,0.529,2,1
C04618,2024-03-16,108,0,1.42,0,3,1.053,1.0,0,0
C04619,2024-02-19,19,0,-7.32,2,39,0.957,0.511,0,0
C04620,2024-01-22,5,0,0.54,2,1,0.772,0.752,0,0
C04621,2024-04-15,11,0,-13.81,6,3,0.797,0.885,0,0
C04622,2024-02-21,12,0,-4.24,2,3,1.101,0.518,1,1
C04623,2024-06-02,23,1,-0.37,1,1,0.825,0.939,0,0
C04624,2024-03-24,53,1,3.04,0,1,0.615,0.666,0,0
C04625,2024-04-15,16,0,8.89,1,7,0.798,0.449,0,0
C04626,2024-01-25,7,0,-7.71,4,8,0.909,0.797,0,1
C04627,2024-01-29,22,0,16.61,3,2,1.415,0.931,1,0
C04628,2024-05-16,6,0,1.19,2,15,0.715,0.538,0,0
C04629,2024-01-26,5,0,1.92,4,0,0.985,0.875,0,1
C04630,2024-05-23,2,0,-12.94,4,1,1.506,0.431,0,0
C04631,2024-06-23,3,1,-1.98,3,2,0.717,0.749,1,0
C04632,2024-03-07,5,0,8.4,5,4,1.145,0.785,0,1
C04633,2024-01-02,4,0,1.36,2,2,0.812,0.828,0,1
C04634,2024-04-28,15,0,0.86,2,3,1.085,0.601,0,0
C04635,2024-06-17,4,0,1.82,3,6,1.554,0.448,0,0
C04636,2024-04-01,1,0,-11.55,2,16,1.118,0.319,0,0
C04637,2024-03-24,5,0,-0.77,7,9,0.993,0.324,0,1
C04638,2024-05-17,8,0,11.27,4,4,0.742,0.733,1,0
C04639,2024-01-02,7,1,3.48,3,4,0.936,0.866,0,0
C04640,2024-03-01,41,1,-0.4,0,12,0.799,0.871,0,0
C04641,2024-02-14,7,0,12.51,3,24,0.517,0.532,2,1
C04642,2024-01-01,24,0,-10.07,3,7,0.433,0.381,0,0
C04643,2024-04-20,11,0,-7.77,3,2,0.782,0.657,0,0
C04644,2024-03-30,11,0,14.91,3,5,0.967,0.593,0,0
C04645,2024-02-07,6,1,1.85,2,7,1.245,0.607,2,0
C04646,2024-02-17,11,1,-0.92,1,2,0.805,0.675,0,0
C04647,2024-06-15,6,0,-0.44,1,9,1.003,0.492,0,0
C04648,2024-04-07,13,1,-2.58,2,5,0.55,0.303,0,0
C04649,2024-01-06,10,0,2.21,1,12,0.74,0.796,1,0
C04650,2024-02-16,5,0,1.58,2,1,0.383,0.773,0,0
C04651,2024-03-01,26,0,0.16,1,0,1.559,0.57,0,0
C04652,2024-05-29,17,0,-9.28,4,3,1.034,0.658,1,0
C04653,2024-03-03,8,1,0.85,4,4,1.022,0.538,0,0
C04654,2024-03-28,13,1,-1.69,2,0,1.134,0.889,0,0
C04655,2024-05-06,11,0,-7.89,5,2,1.623,0.333,0,0
C04656,2024-01-12,6,0,10.13,2,14,0.821,0.431,1,1
C04657,2024-06-26,12,0,17.36,0,7,0.72,0.575,1,1
C04658,2024-01-27,7,0,15.54,1,5,1.475,0.744,0,0
C04659,2024-06-19,5,0,5.2,3,1,0.687,0.462,0,0
C04660,2024-04-21,3,0,-2.12,4,13,1.26,0.516,1,1
C04661,2024-03-16,9,0,-0.56,4,3,0.967,0.651,0,0
C04662,2024-06-19,19,0,3.24,3,4,1.088,0.682,1,0
C04663,2024-04-24,6,0,-3.36,5,6,0.611,0.865,1,1
C04664,2024-05-03,91,0,10.55,0,5,1.623,1.0,0,0
C04665,2024-06-14,24,0,-16.29,3,17,0.819,0.791,0,0
C04666,2024-02-16,34,0,-2.37,2,7,0.79,0.412,0,0
C04667,2024-05-15,23,0,6.41,2,6,1.107,0.781,1,0
C04668,2024-02-09,53,1,-2.7,0,4,0.819,0.895,0,0
C04669,2024-01-28,6,0,-1.92,2,6,1.076,0.502,0,0
C04670,2024-03-19,1,0,4.75,1,3,0.67,0.438,1,0
C04671,2024-06-14,8,0,12.15,1,5,1.011,0.163,0,1
C04672,2024-04-27,19,0,-10.35,2,3,0.834,0.885,0,0
C04673,2024-03-21,13,0,-10.94,1,2,0.794,0.484,0,0
C04674,2024-02-02,15,0,-7.57,1,1,0.76,0.879,0,1
C04675,2024-03-17,35,1,-4.92,1,3,1.206,1.0,0,0
C04676,2024-04-27,16,0,-11.73,2,3,0.897,0.577,0,0
C04677,2024-01-13,23,0,-7.78,1,23,0.839,0.323,0,1
C04678,2024-03-18,5,0,9.87,4,10,1.057,0.364,0,0
C04679,2024-06-03,5,0,-2.5,5,3,1.27,0.525,1,0
C04680,2024-01-07,44,1,0.1,4,3,0.754,0.971,0,0
C04681,2024-06-13,13,0,-7.64,4,7,1.02,0.507,0,0
C04682,2024-04-27,7,0,5.07,2,25,0.648,0.298,0,1
C04683,2024-06-10,7,0,15.01,5,9,0.903,0.878,0,0
C04684,2024-04-23,7,0,-7.1,5,0,1.266,0.489,1,1
C04685,2024-02-04,6,0,13.8,2,9,0.368,0.945,1,1
C04686,2024-05-21,4,0,2.92,5,11,0.714,0.703,0,0
C04687,2024-01-20,3,0,0.13,3,32,0.782,0.402,1,1
C04688,2024-01-12,10,0,3.2,2,3,1.08,0.676,1,0
C04689,2024-02-10,7,0,3.12,2,5,1.28,0.724,0,0
C04690,2024-01-19,29,0,14.86,2,6,0.546,0.768,0,0
C04691,2024-02-15,15,0,4.16,0,2,1.344,0.77,0,0
C04692,2024-01-03,15,0,4.33,2,2,1.12,0.779,1,0
C04693,2024-03-01,6,0,-3.37,3,6,0.91,0.619,1,1
C04694,2024-06-11,11,0,6.71,2,1,0.628,0.572,0,0
C04695,2024-04-01,16,1,-3.06,1,1,0.852,0.667,0,0
C04696,2024-05-13,21,0,0.87,0,9,1.211,1.0,0,0
C04697,2024-06-26,11,0,23.07,1,7,0.972,0.485,0,0
C04698,2024-03-29,28,1,-8.01,1,13,0.89,0.428,0,0
C04699,2024-03-07,12,0,1.87,1,6,0.727,0.929,0,0
C04700,2024-04-23,22,1,0.87,4,4,1.164,0.716,0,0
C04701,2024-02-10,8,0,-1.82,0,14,0.893,0.545,0,0
C04702,2024-06-22,2,0,-1.64,3,3,0.926,0.634,1,0
C04703,2024-02-07,15,1,0.29,2,3,0.961,0.346,0,0
C04704,2024-06-14,21,0,-2.02,0,4,0.819,0.801,0,0
C04705,2024-04-16,19,0,1.78,1,6,0.766,0.56,0,0
C04706,2024-02-26,17,0,-3.9,2,4,0.6,0.311,0,0
C04707,2024-05-03,9,0,16.18,1,1,0.84,0.719,1,0
C04708,2024-05-06,6,0,-2.02,2,3,0.535,0.755,0,0
C04709,2024-03-23,18,1,1.82,3,4,1.101,0.711,0,0
C04710,2024-03-31,17,0,-5.35,1,4,0.813,0.707,0,0
C04711,2024-05-26,7,0,7.47,5,2,0.892,0.726,2,1
C04712,2024-05-14,29,0,5.87,0,7,0.956,0.391,0,1
C04713,2024-01-03,6,0,3.35,3,1,0.794,0.853,0,0
C04714,2024-05-11,7,0,-8.22,4,6,0.676,0.898,1,0
C04715,2024-04-19,45,0,-6.02,3,22,0.945,0.875,0,0
C04716,2024-03-18,24,1,5.4,2,2,1.462,0.526,0,0
C04717,2024-04-18,9,0,-6.11,2,4,1.208,0.583,0,0
C04718,2024-02-23,15,0,5.13,1,3,1.305,0.586,3,0
C04719,2024-06-10,13,0,-7.56,1,3,0.66,0.266,0,0
C04720,2024-04-03,1,0,8.07,1,1,0.947,0.812,1,0
C04721,2024-02-06,5,0,-5.49,3,26,0.82,0.395,1,1
C04722,2024-03-28,11,0,-7.71,2,6,1.327,0.881,2,0
C04723,2024-03-08,9,0,-5.7,1,2,1.219,0.694,0,0
C04724,2024-02-02,14,1,-1.77,2,2,0.949,0.278,0,0
C04725,2024-03-29,30,0,3.24,1,4,0.408,0.188,0,0
C04726,2024-02-18,9,0,0.56,4,0,0.71,0.851,0,0
C04727,2024-04-04,5,0,-8.76,2,11,1.103,0.775,2,0
C04728,2024-01-20,15,0,-0.22,1,2,0.91,0.558,1,0
C04729,2024-02-20,9,1,-3.66,1,6,0.942,0.41,1,0
C04730,2024-02-22,10,0,5.15,6,6,1.123,0.425,0,1
C04731,2024-04-01,9,0,6.62,1,10,1.233,0.735,0,0
C04732,2024-01-05,73,1,-0.08,1,6,0.775,0.767,0,0
C04733,2024-01-30,2,0,2.17,2,8,1.108,0.61,0,0
C04734,2024-04-11,8,0,14.02,4,11,1.348,0.453,0,0
C04735,2024-03-07,12,0,-1.26,2,3,1.342,0.356,1,1
C04736,2024-01-09,6,1,-3.02,2,31,0.712,0.466,0,0
C04737,2024-06-18,25,1,1.85,1,6,1.044,0.517,0,0
C04738,2024-05-30,23,1,-3.62,2,4,1.168,0.265,0,0
C04739,2024-02-03,11,1,-0.67,1,2,0.995,0.345,0,0
C04740,2024-02-08,9,0,-4.79,1,3,0.923,0.467,0,0
C04741,2024-01-25,11,0,-5.61,2,6,0.537,0.426,0,1
C04742,2024-05-29,11,1,-0.8,4,4,0.764,0.794,0,0
C04743,2024-01-06,11,0,7.2,2,23,0.711,0.853,0,1
C04744,2024-06-26,10,0,8.85,1,3,0.67,0.657,0,0
C04745,2024-05-11,14,0,7.41,2,8,0.987,0.657,1,1
C04746,2024-01-01,22,0,2.69,1,1,1.212,0.771,1,0
C04747,2024-04-21,4,1,-0.82,3,31,0.74,0.571,0,1
C04748,2024-05-14,5,0,-18.86,3,1,0.444,0.596,0,1
C04749,2024-02-06,3,0,2.94,3,28,0.83,0.857,1,0
C04750,2024-01-18,24,1,-7.29,2,3,1.053,0.708,1,0
C04751,2024-03-13,14,0,-15.39,4,0,1.052,0.754,0,0
C04752,2024-02-05,18,1,-0.52,2,15,0.745,0.54,0,1
C04753,2024-02-04,3,0,2.12,1,4,0.679,0.576,1,1
C04754,2024-05-02,50,0,-3.61,2,2,1.212,0.547,1,0
C04755,2024-05-05,7,0,12.28,1,7,1.053,0.821,0,0
C04756,2024-06-08,13,0,3.7,1,8,0.79,0.417,0,1
C04757,2024-01-25,24,0,-2.0,1,6,0.595,0.322,0,1
C04758,2024-01-11,5,0,11.09,1,12,0.996,0.63,0,0
C04759,2024-05-15,7,0,12.52,2,5,0.751,0.666,1,1
C04760,2024-04-30,14,0,4.1,1,8,1.056,0.653,1,0
C04761,2024-03-02,119,1,-2.48,0,2,1.029,0.88,0,0
C04762,2024-03-22,15,0,-4.4,4,8,1.479,0.65,0,0
C04763,2024-03-26,44,1,-4.63,0,2,0.971,0.509,0,0
C04764,2024-05-10,31,1,-0.14,2,1,1.495,0.487,0,0
C04765,2024-05-25,16,0,-8.4,2,3,1.005,0.507,0,0
C04766,2024-05-19,5,0,-2.63,1,3,0.818,0.28,1,1
C04767,2024-04-05,28,0,2.08,1,10,0.686,0.962,0,0
C04768,2024-03-15,3,0,-15.87,2,1,0.776,0.683,0,0
C04769,2024-03-10,43,1,-4.04,0,11,1.052,0.71,0,0
C04770,2024-06-11,14,1,-1.62,2,2,1.022,0.61,0,0
C04771,2024-03-09,1,0,-0.42,2,0,0.54,0.669,0,0
C04772,2024-04-03,9,0,-3.95,0,1,1.25,0.375,0,0
C04773,2024-04-04,20,1,-0.87,5,3,1.354,0.829,0,0
C04774,2024-05-25,10,0,-5.65,2,6,0.508,0.789,0,0
C04775,2024-01-30,21,0,-11.6,1,3,1.238,0.418,0,0
C04776,2024-01-08,6,0,-4.28,1,1,1.416,0.414,0,0
C04777,2024-02-19,4,0,-1.71,0,2,0.541,0.916,0,0
C04778,2024-01-03,11,0,-2.48,2,1,0.878,0.289,1,1
C04779,2024-04-10,12,0,0.89,3,5,0.763,0.502,1,0
C04780,2024-06-23,9,0,3.35,2,4,1.223,0.453,1,0
C04781,2024-02-06,32,0,5.45,4,7,0.861,0.983,1,0
C04782,2024-01-21,6,1,-2.03,6,0,0.886,0.712,0,0
C04783,2024-04-20,15,1,-5.04,3,2,1.095,0.53,0,0
C04784,2024-06-22,12,0,10.17,2,27,1.255,0.856,0,0
C04785,2024-02-16,3,0,3.08,4,7,0.95,0.307,1,1
C04786,2024-01-15,4,0,-7.64,2,3,0.867,0.917,0,0
C04787,2024-04-24,12,0,2.22,3,1,0.924,0.637,1,1
C04788,2024-06-24,59,0,8.54,2,12,1.105,1.0,0,0
C04789,2024-01-23,19,0,13.83,0,17,0.582,0.653,1,1
C04790,2024-04-11,3,0,2.0,4,1,0.991,0.815,0,0
C04791,2024-03-31,1,0,8.48,4,1,0.761,0.424,0,1
C04792,2024-02-16,21,0,-9.68,0,5,0.674,0.671,0,1
C04793,2024-05-15,11,0,-0.29,1,6,0.484,0.204,2,1
C04794,2024-02-24,30,1,-1.07,0,6,0.841,0.566,0,0
C04795,2024-02-26,6,0,2.74,2,23,1.155,0.882,0,0
C04796,2024-03-10,16,1,5.16,3,1,0.499,0.663,1,1
C04797,2024-05-17,23,0,2.0,4,4,1.116,0.467,0,0
C04798,2024-01-09,8,0,-7.5,1,8,0.798,0.891,1,1
C04799,2024-02-29,8,1,-4.04,2,8,0.694,0.668,0,0
C04800,2024-05-15,12,1,5.27,2,2,1.076,0.228,0,0
C04801,2024-05-19,18,1,1.64,2,2,1.318,0.779,0,0
C04802,2024-05-16,12,1,1.43,3,2,1.364,1.0,0,0
C04803,2024-06-05,26,0,-2.75,2,20,0.971,0.818,0,0
C04804,2024-02-03,8,0,2.14,2,1,0.977,0.676,0,0
C04805,2024-01-09,4,0,-7.9,4,3,1.083,0.66,0,0
C04806,2024-01-26,59,1,1.24,1,9,1.574,0.835,1,0
C04807,2024-02-17,7,0,-9.4,6,1,0.922,0.832,0,1
C04808,2024-03-09,7,0,-2.87,4,5,1.259,0.609,2,0
C04809,2024-06-23,11,1,-2.06,2,0,0.852,0.735,0,0
C04810,2024-06-15,12,1,-10.42,2,5,0.767,0.696,0,0
C04811,2024-01-17,8,1,-1.11,1,4,1.422,0.48,0,0
C04812,2024-01-28,12,0,-7.19,6,5,0.976,0.519,1,0
C04813,2024-01-24,11,0,-1.68,4,2,1.046,0.748,2,1
C04814,2024-06-05,14,1,0.01,2,5,1.112,0.603,0,0
C04815,2024-01-03,1,0,14.14,0,4,0.757,0.347,1,1
C04816,2024-03-16,54,0,2.44,2,14,0.82,1.0,0,0
C04817,2024-02-17,10,1,1.07,3,7,0.804,0.67,0,0
C04818,2024-06-04,19,0,3.96,2,1,1.078,0.617,0,0
C04819,2024-04-16,4,0,6.97,6,2,1.082,0.775,0,0
C04820,2024-04-25,8,0,3.63,2,2,0.84,0.754,0,1
C04821,2024-02-15,7,0,2.25,0,5,1.482,0.658,0,0
C04822,2024-05-17,39,1,2.28,1,3,0.978,0.837,0,0
C04823,2024-06-23,7,0,-19.41,3,3,1.011,0.61,0,0
C04824,2024-05-26,22,0,16.71,3,56,1.056,0.627,2,1
C04825,2024-03-23,7,0,12.72,3,2,0.771,0.768,1,1
C04826,2024-01-03,8,1,0.69,1,15,0.795,0.664,0,0
C04827,2024-04-20,10,1,-4.52,0,3,1.056,0.768,0,0
C04828,2024-04-16,34,0,9.68,1,0,0.631,0.689,0,0
C04829,2024-02-11,2,0,-5.55,1,5,0.916,0.649,0,0
C04830,2024-01-08,4,0,4.27,5,12,1.453,0.654,1,0
C04831,2024-04-23,2,0,-10.26,3,7,1.422,0.447,0,0
C04832,2024-05-23,5,0,17.81,3,5,1.199,0.843,0,0
C04833,2024-02-18,6,0,-11.54,0,4,1.276,0.832,1,0
C04834,2024-04-15,3,0,0.55,1,2,1.113,0.114,0,0
C04835,2024-06-18,6,0,-16.98,2,10,0.842,0.523,0,0
C04836,2024-04-19,2,0,-0.33,2,3,1.396,0.654,0,1
C04837,2024-05-27,5,0,-3.4,4,2,0.753,0.643,0,0
C04838,2024-05-15,31,0,9.1,2,6,1.212,0.905,0,0
C04839,2024-01-03,16,0,-3.4,3,3,0.858,0.696,0,0
C04840,2024-04-29,14,0,9.11,2,14,0.818,0.831,1,1
C04841,2024-03-15,5,0,-8.19,3,6,1.105,0.706,1,1
C04842,2024-01-27,3,1,-0.9,2,2,1.498,0.338,0,0
C04843,2024-03-15,4,0,-2.1,0,1,1.352,0.675,0,0
C04844,2024-02-04,11,1,1.59,2,2,1.075,0.9,0,0
C04845,2024-04-08,24,0,2.95,3,36,0.836,0.769,0,1
C04846,2024-03-07,25,0,5.78,5,3,1.18,0.417,3,1
C04847,2024-05-24,20,0,2.13,2,8,1.301,0.66,0,0
C04848,2024-05-27,6,0,5.29,1,1,0.555,0.409,1,0
C04849,2024-06-05,12,1,-2.87,2,1,0.963,0.977,0,0
C04850,2024-05-02,9,1,1.24,1,3,0.722,0.77,0,0
C04851,2024-04-14,10,0,12.87,1,20,0.845,0.61,0,0
C04852,2024-04-26,62,1,-5.38,0,1,0.681,0.694,0,0
C04853,2024-05-05,2,0,3.91,1,2,0.538,0.689,0,0
C04854,2024-04-01,10,1,2.17,3,10,0.62,0.832,0,0
C04855,2024-02-21,32,1,4.68,1,18,0.772,0.924,0,0
C04856,2024-05-29,3,0,5.81,5,6,1.117,0.84,0,0
C04857,2024-01-16,7,1,0.32,3,8,0.757,0.646,0,0
C04858,2024-02-09,7,1,1.38,1,1,0.779,0.647,0,0
C04859,2024-01-02,10,0,-5.88,1,1,1.094,0.257,0,0
C04860,2024-02-27,3,0,-3.1,3,1,1.067,0.272,1,0
C04861,2024-01-05,19,1,-4.27,2,2,1.416,0.819,0,0
C04862,2024-02-16,20,0,11.9,1,5,1.209,0.761,1,0
C04863,2024-05-11,18,0,3.6,1,1,0.739,0.834,0,0
C04864,2024-02-29,6,1,-2.93,1,5,0.807,0.666,0,0
C04865,2024-02-07,13,0,2.17,2,3,1.172,0.261,0,0
C04866,2024-02-27,5,1,3.71,1,2,0.768,0.433,0,1
C04867,2024-05-07,9,0,7.94,4,9,0.874,0.968,1,0
C04868,2024-01-09,68,0,-7.42,1,1,0.567,0.704,0,0
C04869,2024-01-17,13,1,-10.03,3,16,0.593,0.387,0,0
C04870,2024-06-07,4,0,3.16,3,9,1.27,0.827,1,0
C04871,2024-05-26,14,0,-7.09,1,1,1.037,0.646,0,0
C04872,2024-06-16,4,0,4.98,3,13,0.778,0.497,0,0
C04873,2024-04-22,4,0,7.6,3,1,0.873,0.238,0,0
C04874,2024-06-22,5,0,8.91,2,14,1.359,0.675,0,0
C04875,2024-03-09,8,0,13.96,1,6,0.806,0.617,0,0
C04876,2024-02-19,25,1,3.96,3,1,1.113,0.874,0,0
C04877,2024-05-28,19,1,5.6,1,1,1.213,0.728,0,0
C04878,2024-06-25,18,1,4.41,2,3,1.346,0.41,0,0
C04879,2024-05-05,5,0,11.73,3,9,0.742,0.815,1,0
C04880,2024-06-27,7,0,-0.33,2,3,0.635,0.849,2,1
C04881,2024-05-30,15,0,-10.31,4,3,0.709,0.674,2,1
C04882,2024-02-11,7,1,7.94,3,4,1.163,0.349,0,0
C04883,2024-05-07,9,0,0.5,1,0,1.498,0.765,1,0
C04884,2024-02-25,17,1,3.93,4,9,1.146,0.498,0,0
C04885,2024-01-09,9,0,-4.4,2,14,0.765,0.748,1,1
C04886,2024-03-05,14,0,7.71,4,9,1.252,0.561,0,0
C04887,2024-04-12,43,1,-7.82,0,3,0.868,0.623,0,0
C04888,2024-01-20,10,0,-3.28,3,2,0.782,0.775,0,0
C04889,2024-04-07,31,1,-0.31,4,1,0.912,0.618,0,0
C04890,2024-03-12,19,1,1.48,1,1,0.85,0.817,0,0
C04891,2024-05-27,3,0,8.58,1,34,0.655,0.541,0,1
C04892,2024-06-24,5,0,-8.75,2,4,1.285,0.777,2,0
C04893,2024-02-02,6,0,5.28,1,10,0.821,0.613,0,0
C04894,2024-05-26,6,1,3.93,4,9,0.558,0.946,0,0
C04895,2024-02-10,11,1,7.51,1,5,1.121,0.948,0,0
C04896,2024-03-19,19,0,5.65,4,1,0.756,0.555,2,1
C04897,2024-01-18,33,1,-1.47,4,7,0.734,0.694,0,0
C04898,2024-04-02,15,0,-10.17,3,1,1.17,0.529,0,0
C04899,2024-03-22,8,0,14.63,2,7,0.784,0.744,0,0
C04900,2024-03-20,2,0,5.9,5,1,0.882,0.766,0,0
C04901,2024-01-01,12,1,-0.07,1,3,0.996,0.594,0,0
C04902,2024-03-22,12,0,-12.96,2,3,0.913,0.713,0,0
C04903,2024-04-21,14,0,-7.45,2,15,0.818,0.797,0,0
C04904,2024-01-10,65,0,5.05,0,0,0.414,0.767,1,0
C04905,2024-01-28,32,0,2.83,3,36,0.777,1.0,0,0
C04906,2024-02-25,22,0,-15.57,0,2,1.393,0.953,1,0
C04907,2024-01-28,5,1,2.02,2,4,1.137,0.331,0,0
C04908,2024-05-23,8,0,-12.55,3,6,0.876,0.799,0,0
C04909,2024-01-18,11,0,10.83,1,6,1.088,0.56,0,0
C04910,2024-02-25,6,0,1.67,2,9,1.112,0.504,1,1
C04911,2024-03-23,18,0,-3.71,1,7,0.754,0.959,0,0
C04912,2024-01-01,16,0,7.92,3,28,1.174,0.547,0,0
C04913,2024-02-08,5,1,1.13,4,8,1.001,0.57,0,0
C04914,2024-01-08,31,0,10.6,0,4,0.902,0.789,0,0
C04915,2024-01-07,13,0,0.64,1,2,1.388,0.679,0,0
C04916,2024-04-06,3,0,1.11,1,2,0.473,0.279,0,0
C04917,2024-02-09,11,0,-2.28,3,14,0.636,0.811,0,0
C04918,2024-03-12,15,0,2.1,2,21,1.055,0.704,0,0
C04919,2024-05-10,26,0,13.58,1,11,1.114,0.536,0,0
C04920,2024-06-21,9,0,-4.02,5,0,1.412,0.936,0,0
C04921,2024-01-01,23,1,2.07,1,0,0.436,0.95,0,0
C04922,2024-05-06,14,0,-7.04,3,4,1.195,0.75,0,0
C04923,2024-02-15,4,0,-16.53,2,3,0.674,0.592,2,1
C04924,2024-02-01,3,0,1.66,2,4,1.085,0.545,0,0
C04925,2024-02-10,29,1,1.19,5,13,0.919,0.776,0,0
C04926,2024-01-15,31,0,-0.88,3,13,1.147,0.384,0,0
C04927,2024-02-16,15,1,-4.79,1,5,0.916,0.616,0,1
C04928,2024-06-25,40,0,2.43,1,1,1.248,0.909,1,0
C04929,2024-02-09,28,1,0.85,5,1,0.788,1.0,0,0
C04930,2024-02-22,21,0,-7.11,0,4,0.96,0.415,0,0
C04931,2024-03-04,5,0,-10.83,2,6,1.018,0.707,0,0
C04932,2024-04-24,48,0,-2.02,1,1,1.414,0.971,2,0
C04933,2024-05-18,18,0,5.22,2,8,1.168,0.692,0,0
C04934,2024-04-01,8,0,3.33,6,0,1.051,0.725,0,0
C04935,2024-04-24,7,0,-7.05,2,0,1.16,0.715,0,0
C04936,2024-03-08,14,0,1.1,2,2,1.262,0.425,0,0
C04937,2024-02-29,3,0,7.1,3,15,1.019,0.639,0,0
C04938,2024-02-25,21,0,-9.38,2,17,0.659,0.636,0,1
C04939,2024-05-08,5,0,0.51,2,1,1.152,0.873,0,0
C04940,2024-01-17,16,1,4.29,3,1,0.988,0.531,0,0
C04941,2024-03-01,8,0,-10.2,0,8,0.872,0.755,0,0
C04942,2024-03-26,9,0,9.24,3,3,0.789,0.337,0,0
C04943,2024-03-26,6,1,5.18,4,15,1.07,0.672,0,0
C04944,2024-05-06,10,0,-1.78,1,8,1.088,0.685,1,0
C04945,2024-04-18,55,0,-2.74,4,10,0.711,0.515,0,0
C04946,2024-01-10,36,0,8.26,2,2,0.713,0.697,0,0
C04947,2024-04-10,16,0,-1.49,5,6,1.443,0.226,0,0
C04948,2024-04-21,11,0,-18.83,2,27,1.08,0.471,1,0
C04949,2024-03-08,23,0,-0.79,5,5,0.997,0.825,1,1
C04950,2024-01-01,30,1,1.51,1,4,1.132,0.659,0,0
C04951,2024-02-17,6,0,5.92,2,3,0.868,0.914,0,0
C04952,2024-01-01,11,0,-7.05,1,1,0.952,0.291,2,1
C04953,2024-04-28,2,0,-2.16,3,1,1.0,0.53,0,0
C04954,2024-03-13,29,0,7.82,0,2,1.231,0.881,0,0
C04955,2024-03-12,63,1,-0.19,0,1,0.642,0.725,0,0
C04956,2024-04-28,12,0,-12.23,4,1,0.74,0.741,0,0
C04957,2024-04-14,2,0,9.9,4,0,0.694,0.406,1,0
C04958,2024-05-21,19,0,-1.71,2,2,1.203,0.974,1,0
C04959,2024-03-15,5,1,3.49,2,8,0.935,0.719,0,0
C04960,2024-05-04,7,0,-11.16,1,3,0.756,0.896,0,1
C04961,2024-05-22,20,1,-0.39,1,3,0.93,0.362,0,0
C04962,2024-02-18,14,0,4.08,0,8,0.802,0.377,0,0
C04963,2024-06-18,8,0,-0.7,3,20,0.541,0.717,0,1
C04964,2024-05-04,7,0,-9.46,6,34,1.145,0.563,1,1
C04965,2024-06-18,13,0,-19.09,4,5,0.938,0.479,0,0
C04966,2024-01-20,8,0,12.19,3,3,1.306,0.905,0,0
C04967,2024-01-07,5,0,1.98,2,3,0.623,0.382,0,0
C04968,2024-03-17,9,0,9.33,1,7,1.091,0.547,0,0
C04969,2024-03-26,15,0,7.43,1,3,0.624,0.758,1,0
C04970,2024-06-28,10,0,4.77,1,3,1.596,0.611,0,0
C04971,2024-03-06,3,0,-2.57,3,4,0.548,0.853,0,0
C04972,2024-05-03,26,0,3.92,3,1,1.444,0.93,0,0
C04973,2024-01-17,1,0,11.46,2,0,0.995,0.607,1,0
C04974,2024-05-30,8,0,0.66,2,2,0.944,0.8,0,0
C04975,2024-05-30,7,1,6.09,2,16,1.067,0.617,0,0
C04976,2024-03-24,13,0,-12.0,2,15,0.69,0.906,0,0
C04977,2024-04-30,19,0,-12.86,1,10,1.146,0.638,1,0
C04978,2024-04-18,30,0,7.9,1,2,1.205,0.533,0,1
C04979,2024-04-12,6,1,-2.62,2,2,0.993,0.888,0,0
C04980,2024-06-21,19,0,16.35,2,19,0.968,0.762,1,0
C04981,2024-06-14,14,0,10.7,1,1,1.477,0.627,0,0
C04982,2024-02-08,3,0,12.7,2,4,1.143,0.79,1,1
C04983,2024-04-25,55,0,7.08,1,20,0.704,0.849,0,0
C04984,2024-04-23,3,0,-7.37,1,5,1.163,0.605,1,1
C04985,2024-06-14,17,0,-13.27,0,3,0.851,0.809,1,1
C04986,2024-02-04,16,0,11.96,3,12,0.757,0.62,1,1
C04987,2024-04-30,15,0,-12.0,4,4,1.108,0.677,0,1
C04988,2024-04-11,8,1,5.07,1,5,0.723,0.857,0,0
C04989,2024-01-15,23,1,2.14,0,17,0.927,0.457,0,0
C04990,2024-01-31,3,1,-0.24,5,0,1.168,0.627,0,0
C04991,2024-01-04,11,1,1.41,1,6,1.447,0.732,0,0
C04992,2024-02-21,7,1,1.49,2,2,1.15,0.899,0,0
C04993,2024-06-06,7,0,-1.62,1,3,0.618,0.359,1,0
C04994,2024-02-14,17,0,11.41,0,4,0.652,0.935,2,1
C04995,2024-04-06,28,0,11.13,2,2,1.422,0.652,0,0
C04996,2024-03-22,9,0,1.25,2,5,0.816,0.854,0,0
C04997,2024-02-29,22,0,-4.8,3,6,0.591,1.0,3,0
C04998,2024-03-01,12,0,10.45,4,5,0.724,0.182,0,0
C04999,2024-04-18,5,0,-16.18,0,4,1.179,0.498,1,0
C05000,2024-05-17,9,0,3.55,4,4,1.008,0.89,0,0
C05001,2024-03-19,9,0,5.92,2,4,1.142,0.273,0,0
C05002,2024-01-03,6,0,-6.63,2,4,0.972,0.934,1,1
C05003,2024-02-23,17,0,7.79,1,1,0.719,0.297,0,0
C05004,2024-02-12,14,0,-0.21,1,14,0.483,0.561,0,1
C05005,2024-03-04,3,0,-4.37,4,4,0.771,0.899,0,0
C05006,2024-05-06,3,0,7.71,5,3,1.015,0.852,1,0
C05007,2024-04-22,17,0,-8.69,1,6,0.674,0.58,1,1
C05008,2024-06-19,6,0,6.95,1,4,1.226,0.307,0,0
C05009,2024-04-24,15,0,-15.86,3,13,0.685,0.688,0,0
C05010,2024-02-23,22,0,2.29,4,10,0.537,0.473,0,1
C05011,2024-06-16,4,1,0.14,0,4,0.98,0.492,0,1
C05012,2024-06-27,3,1,-1.73,2,10,1.14,0.533,0,0
C05013,2024-05-23,46,0,3.12,2,5,1.348,0.662,0,0
C05014,2024-01-19,16,0,-0.64,3,1,0.592,0.772,0,0
C05015,2024-05-14,8,0,8.44,1,9,1.311,0.61,0,0
C05016,2024-04-11,5,0,4.48,7,0,1.046,0.684,1,1
C05017,2024-05-22,8,0,3.62,4,0,0.845,0.658,0,1
C05018,2024-03-28,4,1,0.93,2,8,1.13,0.639,1,0
C05019,2024-01-04,24,1,-1.51,2,6,1.309,0.744,0,0
C05020,2024-06-25,6,0,-2.41,2,6,0.55,0.577,3,1
C05021,2024-06-25,29,0,1.99,3,15,0.817,0.59,0,1
C05022,2024-05-03,8,1,-0.55,1,4,0.844,0.496,0,0
C05023,2024-06-21,5,0,8.89,3,3,1.141,0.965,0,0
C05024,2024-02-11,8,0,0.75,1,9,1.32,0.637,0,0
C05025,2024-02-11,1,0,3.01,2,2,1.008,0.923,0,0
C05026,2024-05-01,11,0,-11.22,1,3,0.912,0.708,0,0
C05027,2024-05-31,10,1,3.02,1,5,1.086,0.797,0,0
C05028,2024-01-06,23,1,-1.86,1,6,0.911,0.347,0,0
C05029,2024-03-09,2,0,-8.34,2,3,0.443,0.641,0,0
C05030,2024-04-23,30,0,13.17,1,2,1.119,0.457,0,0
C05031,2024-05-08,23,0,5.58,3,1,1.241,0.516,0,0
C05032,2024-03-07,33,1,3.13,1,2,1.258,0.6,0,0
C05033,2024-02-17,11,1,1.45,3,23,0.596,0.618,1,1
C05034,2024-03-18,27,0,-0.75,0,3,1.137,0.709,0,0
C05035,2024-06-18,3,0,-2.24,1,5,1.358,0.842,0,0
C05036,2024-04-22,21,0,6.23,3,1,1.628,0.354,1,0
C05037,2024-06-10,6,0,9.06,2,45,0.895,0.72,1,1
C05038,2024-02-29,3,1,-0.22,4,2,1.236,0.582,0,0
C05039,2024-05-26,4,0,16.58,0,1,0.747,0.696,0,0
C05040,2024-03-15,12,0,-1.58,1,4,0.699,0.283,1,0
C05041,2024-01-11,6,1,-4.46,0,2,1.237,0.629,0,0
C05042,2024-06-18,16,0,-13.77,2,6,0.461,0.849,0,0
C05043,2024-01-13,2,0,-13.5,1,1,1.034,0.458,0,0
C05044,2024-03-07,2,0,-3.31,4,12,1.298,0.815,0,0
C05045,2024-04-05,36,0,-1.86,1,10,1.128,0.904,0,0
C05046,2024-06-05,25,0,5.46,1,4,1.157,0.733,0,0
C05047,2024-06-07,5,0,-0.23,1,1,0.983,0.594,0,0
C05048,2024-02-28,12,0,6.75,4,2,0.888,0.566,0,0
C05049,2024-02-09,27,0,0.36,2,4,1.519,0.807,0,0
C05050,2024-03-31,17,0,0.11,2,1,1.303,0.569,0,0
C05051,2024-01-24,13,0,-4.62,1,1,1.207,0.481,0,0
C05052,2024-01-28,29,0,11.38,1,11,0.952,0.91,0,0
C05053,2024-03-23,6,0,-12.25,2,5,0.829,0.659,0,0
C05054,2024-03-14,12,0,2.41,0,5,1.245,0.51,0,0
C05055,2024-06-17,12,0,-1.45,4,7,0.888,0.692,1,1
C05056,2024-02-27,9,0,6.25,4,3,1.005,0.901,0,0
C05057,2024-06-19,8,0,-0.17,0,4,1.134,0.602,0,0
C05058,2024-05-18,12,0,0.07,2,6,1.022,0.885,0,0
C05059,2024-06-16,12,0,-2.13,1,9,1.342,0.402,0,0
C05060,2024-01-12,5,0,11.15,2,7,0.635,0.71,0,0
C05061,2024-04-01,23,0,0.02,2,16,0.937,0.777,0,0
C05062,2024-03-17,5,0,15.76,1,4,1.515,0.891,1,0
C05063,2024-06-17,10,1,0.87,1,1,1.219,0.577,0,0
C05064,2024-06-26,9,0,0.17,1,11,0.896,0.902,0,0
C05065,2024-06-25,16,0,-1.16,3,3,1.185,0.434,1,0
C05066,2024-05-07,2,0,4.51,0,2,0.978,0.615,0,0
C05067,2024-06-12,24,0,-4.71,0,8,1.327,0.561,2,0
C05068,2024-04-17,7,0,1.17,2,6,1.175,0.845,0,0
C05069,2024-03-19,32,0,0.07,1,1,0.778,0.771,0,0
C05070,2024-06-05,8,0,2.6,4,8,1.02,0.666,0,1
C05071,2024-02-15,11,1,1.12,1,24,0.985,0.33,0,0
C05072,2024-01-20,56,0,3.22,1,5,1.092,0.85,1,0
C05073,2024-05-15,9,0,0.76,4,3,1.065,0.473,1,0
C05074,2024-05-07,32,1,5.02,1,0,1.141,0.558,0,0
C05075,2024-02-17,12,0,3.38,1,28,0.965,0.275,0,0
C05076,2024-02-07,16,0,20.85,4,2,0.81,0.628,0,0
C05077,2024-03-04,12,0,0.4,2,1,0.881,0.779,0,0
C05078,2024-05-24,24,0,7.67,1,4,0.916,0.69,3,1
C05079,2024-04-06,7,0,-5.81,5,11,0.969,0.852,2,0
C05080,2024-05-02,5,0,11.21,3,13,0.872,0.769,0,1
C05081,2024-06-04,7,0,-5.63,3,2,1.266,0.598,0,0
C05082,2024-01-09,13,0,3.65,2,4,0.74,0.497,0,0
C05083,2024-03-27,10,0,-2.12,3,4,0.546,0.902,0,1
C05084,2024-05-21,21,1,1.45,0,10,1.442,0.826,0,0
C05085,2024-01-15,34,0,-1.88,3,7,0.761,0.661,0,0
C05086,2024-04-01,5,1,-2.53,5,5,1.25,0.817,1,0
C05087,2024-04-14,6,0,-2.17,3,10,1.102,0.545,0,0
C05088,2024-04-16,3,0,12.33,5,1,0.799,0.432,0,0
C05089,2024-01-14,61,1,1.5,0,6,0.937,0.919,0,0
C05090,2024-01-30,15,0,-10.31,2,5,0.905,0.732,0,0
C05091,2024-02-12,17,0,8.76,1,4,1.069,0.922,0,0
C05092,2024-03-23,4,0,-7.13,2,3,0.793,0.54,1,1
C05093,2024-01-20,12,0,5.95,2,5,0.931,0.497,0,0
C05094,2024-05-23,18,0,4.43,2,2,0.981,0.493,1,0
C05095,2024-04-14,9,0,4.93,2,52,1.015,0.271,0,1
C05096,2024-06-03,28,0,14.83,2,15,0.822,0.586,0,0
C05097,2024-02-14,77,1,-2.65,0,11,0.701,0.809,0,0
C05098,2024-05-19,5,0,4.89,3,2,0.854,0.348,0,0
C05099,2024-04-20,5,0,10.08,3,1,1.087,0.674,0,0
C05100,2024-05-16,6,0,-5.15,3,3,0.542,0.613,0,0
C05101,2024-04-29,44,0,-5.97,2,4,1.279,0.92,0,0
C05102,2024-01-23,28,0,-2.3,3,1,1.0,0.684,1,0
C05103,2024-03-26,10,0,2.6,2,6,1.078,0.433,0,0
C05104,2024-02-14,12,0,-11.28,1,11,1.0,0.535,0,0
C05105,2024-01-01,6,0,4.41,5,0,0.833,0.705,0,1
C05106,2024-01-07,24,1,-4.51,1,1,0.724,0.839,0,0
C05107,2024-01-06,8,0,10.35,2,13,0.76,0.376,0,1
C05108,2024-02-10,9,0,4.11,1,6,0.593,0.738,1,1
C05109,2024-03-27,19,0,15.31,1,2,1.077,0.462,1,0
C05110,2024-05-07,10,0,5.35,1,8,0.919,0.703,0,0
C05111,2024-02-07,10,0,-2.44,0,2,0.606,0.934,0,1
C05112,2024-04-12,12,0,-6.39,6,3,0.831,0.754,2,0
C05113,2024-03-27,23,0,1.91,3,1,1.158,0.592,0,0
C05114,2024-04-28,45,0,-0.24,5,4,1.303,0.531,0,0
C05115,2024-04-13,19,0,9.49,3,11,0.624,0.599,0,0
C05116,2024-01-27,23,1,-2.97,3,2,1.53,0.919,0,0
C05117,2024-03-24,10,0,16.17,5,8,0.72,0.555,1,1
C05118,2024-03-31,6,0,10.2,2,4,0.554,0.678,2,1
C05119,2024-04-06,20,0,-1.63,1,11,1.384,0.583,1,0
C05120,2024-03-14,13,0,14.38,2,2,0.73,0.703,1,0
C05121,2024-06-22,3,0,-6.27,1,18,1.291,0.963,2,1
C05122,2024-06-07,9,0,1.64,0,8,0.794,0.416,0,0
C05123,2024-04-23,11,0,-10.21,0,5,0.902,0.932,0,0
C05124,2024-01-04,8,0,14.77,5,5,0.649,0.372,0,0
C05125,2024-02-05,39,0,-13.18,1,2,1.309,0.912,0,0
C05126,2024-02-12,17,0,-11.52,1,2,1.275,0.615,2,0
C05127,2024-01-30,36,1,-2.03,1,5,0.81,0.673,0,0
C05128,2024-02-17,15,0,10.58,1,1,0.976,0.513,0,0
C05129,2024-06-20,13,0,7.64,0,2,1.156,0.892,0,0
C05130,2024-04-15,5,0,0.98,2,1,0.877,0.82,0,0
C05131,2024-06-25,12,0,8.15,2,7,1.306,0.83,1,0
C05132,2024-03-23,12,0,-0.92,3,7,0.939,0.701,3,1
C05133,2024-03-23,4,0,3.38,6,14,0.8,0.862,0,0
C05134,2024-04-21,7,0,13.21,4,3,0.589,0.68,0,1
C05135,2024-06-04,9,0,-1.97,1,2,0.667,0.727,0,0
C05136,2024-01-01,16,0,-6.13,1,1,1.142,0.67,1,0
C05137,2024-04-24,17,0,3.76,2,5,1.034,0.374,0,0
C05138,2024-05-23,7,0,5.92,3,15,1.129,0.866,0,0
C05139,2024-01-08,17,1,0.35,3,4,0.839,0.839,0,0
C05140,2024-02-28,10,0,8.03,3,4,0.57,0.728,0,0
C05141,2024-05-19,1,1,-0.64,4,4,0.856,0.542,0,0
C05142,2024-03-11,8,1,0.41,5,5,1.484,0.302,0,0
C05143,2024-03-07,28,0,3.0,3,10,0.709,0.713,0,0
C05144,2024-01-19,3,0,2.3,3,25,0.866,0.607,0,1
C05145,2024-04-13,13,1,5.16,1,7,0.362,0.431,0,0
C05146,2024-04-28,43,0,2.96,0,7,0.835,0.648,0,0
C05147,2024-06-09,6,0,-2.43,1,3,0.882,0.768,0,0
C05148,2024-03-20,12,0,4.22,2,4,1.063,0.975,0,0
C05149,2024-04-04,4,0,8.07,2,4,0.901,0.626,0,0
C05150,2024-04-03,44,1,2.48,0,3,0.605,0.951,0,0
C05151,2024-04-15,11,0,5.75,3,5,0.809,0.764,0,0
C05152,2024-01-19,12,1,-4.79,5,7,0.914,0.801,0,0
C05153,2024-05-25,35,1,-7.98,2,4,0.731,0.835,0,0
C05154,2024-01-13,20,0,10.2,1,3,0.772,0.318,0,1
C05155,2024-05-25,6,0,3.51,6,5,1.226,0.574,2,0
C05156,2024-04-17,7,1,-0.07,5,1,0.839,0.665,0,0
C05157,2024-04-23,18,1,2.22,1,9,1.065,0.224,0,0
C05158,2024-03-18,7,1,6.17,3,3,0.941,0.236,0,0
C05159,2024-01-07,2,0,11.31,3,1,0.688,0.612,1,0
C05160,2024-01-21,11,0,7.7,2,6,0.887,0.791,1,0
C05161,2024-06-06,3,0,-7.09,3,7,1.038,0.343,0,1
C05162,2024-03-09,44,1,-2.42,3,2,1.424,0.988,0,0
C05163,2024-04-22,14,0,-19.09,2,7,0.772,0.604,0,0
C05164,2024-03-13,5,0,5.07,2,7,0.944,0.447,1,0
C05165,2024-04-08,6,0,8.87,5,26,1.097,0.544,0,1
C05166,2024-03-21,2,0,9.52,1,3,1.3,0.863,0,0
C05167,2024-06-01,5,0,5.4,1,4,0.818,0.332,0,0
C05168,2024-06-20,27,0,-1.23,1,2,0.951,0.762,0,0
C05169,2024-03-08,72,1,-1.81,0,6,1.248,0.691,0,0
C05170,2024-04-26,21,0,-6.6,1,4,1.108,0.926,0,0
C05171,2024-01-18,11,0,-1.31,1,10,1.208,0.795,0,0
C05172,2024-06-27,8,0,-7.82,5,3,1.278,0.337,1,0
C05173,2024-02-16,5,0,14.05,3,6,1.108,0.78,0,0
C05174,2024-01-09,63,0,-10.42,1,3,1.021,0.505,1,0
C05175,2024-06-13,10,0,-1.58,1,0,0.832,0.615,0,0
C05176,2024-01-18,66,0,-15.49,0,7,0.904,0.538,0,0
C05177,2024-05-22,37,0,2.37,4,0,0.956,0.663,0,0
C05178,2024-02-10,3,1,-0.01,4,3,1.285,0.351,0,0
C05179,2024-03-29,7,0,-2.85,0,3,1.029,0.807,1,0
C05180,2024-06-28,7,0,-7.46,2,4,1.026,0.567,1,0
C05181,2024-05-27,11,0,0.02,1,4,0.731,0.782,0,0
C05182,2024-01-12,11,0,-4.36,2,4,1.281,0.936,0,0
C05183,2024-06-05,120,0,-1.09,1,6,0.778,1.0,1,0
C05184,2024-04-30,5,1,6.26,1,4,0.909,0.591,1,0
C05185,2024-05-24,14,0,1.38,0,47,1.092,0.59,1,1
C05186,2024-03-06,19,1,1.71,0,3,1.207,0.757,0,0
C05187,2024-06-28,12,0,-3.72,2,1,0.783,0.687,0,0
C05188,2024-03-13,13,0,-6.28,3,1,0.725,0.646,0,1
C05189,2024-06-21,5,0,-0.18,1,8,0.909,0.629,0,0
C05190,2024-05-31,13,0,20.03,3,1,0.851,0.625,1,0
C05191,2024-04-11,18,0,-2.3,2,1,0.628,0.395,0,0
C05192,2024-02-09,15,0,2.89,3,1,0.807,0.601,0,0
C05193,2024-04-30,19,0,-6.63,2,6,0.283,0.829,0,0
C05194,2024-01-30,37,0,-22.04,5,14,1.156,1.0,1,1
C05195,2024-06-27,25,0,-6.32,2,1,1.205,1.0,0,0
C05196,2024-03-22,12,0,19.05,3,6,1.322,0.823,1,0
C05197,2024-06-12,4,0,4.76,3,0,1.088,0.743,2,0
C05198,2024-03-07,7,0,13.13,0,2,0.878,0.628,0,0
C05199,2024-03-27,10,0,-2.78,3,7,1.221,0.697,1,0
C05200,2024-03-17,14,0,-18.85,7,3,0.81,0.793,0,0
C05201,2024-02-10,8,0,-8.87,0,10,0.618,0.484,0,0
C05202,2024-06-28,5,0,3.18,1,0,0.963,0.847,0,0
C05203,2024-01-30,4,0,1.9,1,2,1.093,0.619,0,0
C05204,2024-06-02,3,1,-0.03,5,6,0.767,0.709,0,0
C05205,2024-01-26,10,0,-4.24,3,6,0.708,0.538,0,1
C05206,2024-01-24,3,0,7.52,1,7,0.861,0.556,0,0
C05207,2024-01-04,5,0,-4.01,2,5,1.078,0.88,0,0
C05208,2024-06-02,8,0,2.46,3,1,0.959,0.291,0,0
C05209,2024-05-15,4,0,1.56,1,2,1.649,0.856,0,0
C05210,2024-05-18,16,0,-2.95,3,36,0.786,0.744,0,1
C05211,2024-04-05,22,0,-7.05,3,1,1.183,0.626,0,0
C05212,2024-02-06,7,1,-1.37,1,1,0.633,0.467,0,0
C05213,2024-03-22,8,0,14.99,1,8,1.107,0.822,0,0
C05214,2024-05-25,18,0,8.9,3,1,0.879,0.625,0,0
C05215,2024-01-01,6,1,3.27,2,22,0.888,0.094,0,1
C05216,2024-04-17,6,0,-6.29,1,52,1.162,0.511,0,1
C05217,2024-03-26,31,1,-4.6,2,3,0.892,0.804,0,0
C05218,2024-01-29,24,0,8.77,0,5,0.648,0.939,0,0
C05219,2024-01-03,19,0,7.24,1,0,0.712,0.546,1,0
C05220,2024-02-27,25,1,0.44,1,11,0.988,0.462,0,0
C05221,2024-05-04,2,0,-2.96,1,0,1.03,0.484,0,0
C05222,2024-03-03,35,1,-4.68,3,1,1.014,0.463,0,0
C05223,2024-06-26,16,0,6.94,2,4,0.659,0.735,0,0
C05224,2024-02-26,27,1,3.8,1,7,1.472,0.556,0,0
C05225,2024-06-09,16,0,-5.43,0,1,1.361,0.557,1,0
C05226,2024-05-16,12,0,-6.1,2,2,1.023,0.194,1,0
C05227,2024-02-04,9,0,9.93,2,1,0.615,0.822,0,0
C05228,2024-02-15,16,1,-2.05,3,3,1.381,0.681,0,0
C05229,2024-04-25,9,0,14.23,4,2,1.274,0.68,0,0
C05230,2024-01-21,24,0,-0.87,2,2,1.016,0.605,0,0
C05231,2024-02-17,3,1,-1.24,4,8,1.26,0.473,0,0
C05232,2024-04-19,7,0,0.36,4,5,0.851,0.769,0,0
C05233,2024-04-07,62,1,-1.24,1,7,0.725,0.689,0,0
C05234,2024-04-02,7,0,9.01,2,3,1.024,0.389,0,0
C05235,2024-03-23,10,0,7.09,2,8,0.572,0.432,1,1
C05236,2024-01-14,6,0,8.7,2,4,0.702,0.473,1,1
C05237,2024-02-16,15,0,1.48,3,2,1.126,0.536,1,0
C05238,2024-06-28,6,0,-3.65,3,7,1.025,0.842,1,1
C05239,2024-04-07,10,0,-0.07,1,3,0.64,0.764,0,0
C05240,2024-02-29,24,0,-3.41,3,3,0.883,0.802,0,0
C05241,2024-05-02,6,0,11.73,1,11,0.61,0.43,1,1
C05242,2024-03-30,22,0,8.02,3,10,0.828,0.798,0,0
C05243,2024-05-03,23,0,-0.73,1,3,0.836,0.473,0,0
C05244,2024-05-07,28,0,-7.41,1,9,1.203,0.945,3,1
C05245,2024-02-02,13,0,12.33,2,1,0.956,0.597,0,0
C05246,2024-02-07,120,1,0.44,0,3,0.924,1.0,0,0
C05247,2024-01-04,28,0,-1.04,1,2,0.892,0.876,1,0
C05248,2024-04-12,15,0,12.4,3,4,0.55,0.604,0,0
C05249,2024-05-23,6,1,-1.63,0,8,0.935,0.537,0,0
C05250,2024-04-14,11,0,-2.55,5,7,1.086,0.521,0,0
C05251,2024-04-28,38,1,-0.74,2,6,1.028,0.944,0,0
C05252,2024-05-04,47,1,-4.21,1,5,1.148,0.884,0,0
C05253,2024-03-22,39,0,2.53,1,3,1.17,0.744,0,0
C05254,2024-05-18,22,1,-2.44,4,13,1.485,0.773,0,0
C05255,2024-04-24,4,0,-4.57,2,1,0.713,0.713,1,1
C05256,2024-03-06,17,0,-5.64,4,2,1.049,1.0,1,0
C05257,2024-06-08,4,0,-4.7,2,6,1.057,0.344,0,0
C05258,2024-04-10,3,0,-6.71,2,17,0.835,0.374,0,1
C05259,2024-03-06,14,0,1.98,1,3,0.827,0.75,0,0
C05260,2024-02-22,18,0,-1.24,0,3,1.11,0.828,0,0
C05261,2024-03-21,25,0,0.38,1,1,1.096,0.83,0,0
C05262,2024-04-13,18,0,18.83,2,2,0.727,0.947,0,0
C05263,2024-04-04,18,0,-1.24,4,8,0.511,0.611,0,0
C05264,2024-04-17,5,0,4.84,3,18,0.787,0.353,0,1
C05265,2024-05-03,11,0,5.75,4,3,0.817,0.785,1,0
C05266,2024-05-15,3,0,-0.5,4,2,1.141,0.751,1,0
C05267,2024-03-29,2,0,2.19,2,4,0.749,0.522,1,0
C05268,2024-06-13,22,0,0.17,1,1,0.951,0.766,0,0
C05269,2024-05-08,6,1,0.65,0,13,0.508,0.475,0,0
C05270,2024-03-29,24,1,-1.88,3,1,0.607,0.84,0,0
C05271,2024-02-19,29,1,-1.58,2,5,0.783,0.564,0,0
C05272,2024-01-09,7,0,0.14,5,5,0.912,0.498,0,0
C05273,2024-01-22,19,1,-6.31,5,7,0.76,0.718,0,0
C05274,2024-04-25,7,1,4.79,1,5,1.011,0.82,0,0
C05275,2024-01-12,2,0,17.29,7,4,0.555,0.755,0,1
C05276,2024-01-01,13,0,1.36,1,6,0.916,0.571,0,0
C05277,2024-01-15,8,0,5.32,4,9,0.904,0.665,0,0
C05278,2024-04-30,8,0,8.65,3,22,0.528,0.802,0,1
C05279,2024-01-04,59,0,-10.6,2,1,1.052,1.0,0,0
C05280,2024-05-31,3,0,7.43,7,0,0.458,0.359,0,1
C05281,2024-06-25,16,1,-1.36,0,1,0.824,0.754,0,0
C05282,2024-05-18,5,0,18.33,2,0,1.197,0.676,0,0
C05283,2024-05-16,25,0,-1.51,1,1,0.439,0.977,1,0
C05284,2024-04-09,15,1,2.91,2,1,1.163,0.689,0,0
C05285,2024-04-06,16,0,-1.43,1,3,0.694,0.888,1,0
C05286,2024-02-06,5,0,17.57,3,9,0.807,1.0,1,0
C05287,2024-02-17,6,0,-4.1,3,7,1.317,0.65,0,0
C05288,2024-02-11,25,1,3.73,0,2,0.833,0.547,0,0
C05289,2024-05-11,50,0,5.01,0,2,1.393,0.558,0,0
C05290,2024-05-26,17,0,3.23,1,27,0.789,0.658,0,0
C05291,2024-06-28,5,0,1.83,2,7,0.944,0.912,0,0
C05292,2024-03-16,15,0,-5.34,2,5,1.186,0.659,2,1
C05293,2024-03-06,84,0,-20.69,1,4,1.116,1.0,0,0
C05294,2024-01-17,13,1,3.44,5,3,1.024,0.286,0,0
C05295,2024-03-09,39,0,-3.91,1,27,0.749,0.48,0,0
C05296,2024-04-04,6,0,9.36,1,3,0.597,0.815,0,0
C05297,2024-06-02,11,0,2.81,2,5,0.599,0.637,0,0
C05298,2024-01-14,19,0,9.6,2,1,1.323,0.732,0,0
C05299,2024-03-10,16,0,6.42,1,2,1.415,0.455,0,0
C05300,2024-05-18,6,0,-19.72,0,2,1.022,0.444,0,0
C05301,2024-06-07,6,0,4.92,0,6,0.527,0.558,2,1
C05302,2024-04-29,26,0,-2.75,1,2,0.797,0.703,0,0
C05303,2024-01-31,31,0,9.32,1,4,0.775,0.897,2,0
C05304,2024-04-11,40,0,4.73,0,2,0.851,0.535,1,0
C05305,2024-06-13,51,1,1.93,2,1,0.774,0.734,0,0
C05306,2024-05-14,13,1,-0.87,3,1,1.125,0.633,0,0
C05307,2024-01-25,9,0,-7.3,2,3,1.047,0.424,0,0
C05308,2024-02-28,35,0,-3.46,2,4,1.375,1.0,0,0
C05309,2024-05-12,21,1,-5.76,4,3,0.888,0.843,0,0
C05310,2024-05-09,5,0,-4.72,2,2,1.04,0.918,1,1
C05311,2024-02-27,5,0,-11.71,3,3,1.17,0.613,1,0
C05312,2024-06-14,18,0,-11.5,2,3,1.24,0.939,1,0
C05313,2024-05-25,10,1,0.37,0,1,0.686,0.567,0,0
C05314,2024-03-09,11,0,4.27,3,4,1.081,0.77,0,0
C05315,2024-01-31,28,0,-0.25,2,22,0.927,0.5,0,0
C05316,2024-04-14,22,0,-3.99,0,3,1.061,0.698,0,0
C05317,2024-04-24,35,0,-7.58,1,1,1.01,0.874,0,0
C05318,2024-01-04,2,0,-2.54,4,16,1.348,0.547,0,0
C05319,2024-04-01,14,1,-2.63,1,13,0.712,0.317,0,0
C05320,2024-06-22,21,0,-0.5,2,16,0.682,0.715,1,0
C05321,2024-02-21,3,0,-12.17,1,4,0.775,0.797,0,0
C05322,2024-06-19,7,0,5.61,2,2,0.917,0.331,0,0
C05323,2024-03-28,6,0,-4.54,0,2,1.063,0.663,3,0
C05324,2024-05-27,12,0,3.01,2,12,0.826,0.166,1,1
C05325,2024-06-21,44,0,7.1,1,19,1.157,0.786,0,0
C05326,2024-05-31,61,0,2.62,2,1,0.994,0.605,1,0
C05327,2024-05-16,6,0,6.39,3,0,0.976,0.811,0,0
C05328,2024-06-14,18,0,-16.53,4,4,0.647,1.0,1,0
C05329,2024-01-11,19,0,-3.94,3,1,1.45,0.779,0,0
C05330,2024-02-21,16,0,8.82,5,2,0.978,0.659,0,1
C05331,2024-06-24,16,0,4.07,0,3,1.394,0.91,0,0
C05332,2024-03-08,15,1,5.92,4,6,0.814,0.718,0,0
C05333,2024-05-09,46,1,5.45,0,2,1.198,1.0,0,0
C05334,2024-02-28,29,1,0.96,1,5,0.834,0.677,0,0
C05335,2024-02-15,5,0,-2.02,1,4,1.435,0.398,0,0
C05336,2024-01-15,23,0,-7.67,1,0,1.28,1.0,2,0
C05337,2024-06-21,24,0,-3.81,3,7,1.177,0.604,0,0
C05338,2024-01-13,15,0,-3.27,3,2,0.809,0.201,1,0
C05339,2024-03-30,30,0,-4.75,3,1,1.472,0.69,1,0
C05340,2024-02-10,14,0,-7.35,3,2,1.499,0.854,0,0
C05341,2024-04-07,14,1,1.29,1,5,0.88,0.621,0,0
C05342,2024-04-20,13,1,5.43,4,4,1.02,0.634,0,0
C05343,2024-02-14,2,0,7.47,3,8,1.192,0.74,0,0
C05344,2024-02-16,11,0,-2.58,4,6,0.477,0.647,0,0
C05345,2024-06-28,7,0,8.11,3,1,1.281,0.637,1,1
C05346,2024-03-29,4,0,2.77,2,0,1.256,0.65,0,0
C05347,2024-02-24,38,0,-0.33,0,4,0.839,0.571,1,0
C05348,2024-04-01,18,0,-0.82,1,7,0.417,0.802,0,0
C05349,2024-04-25,11,0,-1.6,4,3,1.068,0.857,1,0
C05350,2024-01-15,7,0,5.21,1,8,0.677,0.499,1,0
C05351,2024-04-15,15,0,1.12,0,1,0.598,0.712,0,1
C05352,2024-04-01,26,1,-2.33,1,3,1.078,0.759,0,0
C05353,2024-05-08,6,0,-6.21,6,1,1.324,0.859,1,0
C05354,2024-05-29,12,0,2.45,3,8,0.905,0.904,1,1
C05355,2024-01-14,24,0,3.43,0,1,1.291,0.553,0,0
C05356,2024-01-07,2,0,-2.51,4,28,1.026,0.475,1,1
C05357,2024-03-30,11,0,-9.06,1,2,0.647,0.731,1,1
C05358,2024-04-11,8,0,10.01,3,9,0.816,0.767,0,0
C05359,2024-02-11,10,1,3.32,2,2,1.26,0.595,0,0
C05360,2024-02-17,8,0,-15.9,4,14,0.789,0.505,1,1
C05361,2024-01-23,13,0,10.72,4,14,1.135,0.525,0,0
C05362,2024-05-25,56,0,-1.67,0,3,0.882,0.989,0,0
C05363,2024-04-04,9,1,0.61,0,5,1.155,0.82,0,0
C05364,2024-05-18,15,0,9.11,0,14,1.037,0.564,0,0
C05365,2024-03-22,60,0,13.22,0,5,0.913,0.827,0,0
C05366,2024-02-08,7,1,3.21,1,1,1.168,0.904,0,0
C05367,2024-03-22,52,0,1.93,2,4,0.44,0.828,0,0
C05368,2024-01-06,12,0,-11.01,1,2,0.719,0.554,1,0
C05369,2024-03-09,50,0,-16.21,1,5,0.859,0.774,0,0
C05370,2024-05-18,22,0,7.03,0,2,1.283,1.0,0,0
C05371,2024-02-26,15,1,4.29,5,6,0.608,0.85,1,0
C05372,2024-06-23,11,0,-6.52,4,0,0.991,0.58,0,0
C05373,2024-01-06,7,0,-2.16,3,1,1.074,0.574,0,0
C05374,2024-02-17,12,0,-4.46,1,2,1.052,0.58,0,0
C05375,2024-04-16,24,0,-4.67,3,3,0.96,0.96,0,0
C05376,2024-02-22,12,0,8.6,1,1,0.84,0.609,0,0
C05377,2024-06-12,9,1,0.7,4,2,0.928,0.619,0,0
C05378,2024-01-14,9,0,-1.83,3,9,1.199,0.586,0,0
C05379,2024-03-29,26,1,8.5,0,10,0.778,0.322,0,0
C05380,2024-02-28,32,1,-4.59,2,0,0.46,0.61,0,0
C05381,2024-02-22,7,0,4.38,2,2,1.107,0.863,1,0
C05382,2024-01-11,7,0,-8.39,2,14,1.304,0.467,0,0
C05383,2024-02-25,16,1,-0.5,2,6,0.707,0.651,1,1
C05384,2024-01-08,41,0,1.19,3,6,1.31,0.498,0,0
C05385,2024-02-16,30,0,6.76,0,7,1.095,1.0,0,0
C05386,2024-05-30,4,0,-2.09,3,1,0.706,0.771,1,1
C05387,2024-03-19,9,0,-2.94,0,5,0.799,0.751,0,0
C05388,2024-02-17,5,0,-2.23,1,6,0.783,0.487,0,1
C05389,2024-01-10,9,0,-8.64,3,4,1.022,0.446,1,1
C05390,2024-02-23,43,0,5.06,1,3,0.94,0.821,1,0
C05391,2024-02-12,3,0,2.25,1,4,1.256,0.367,0,0
C05392,2024-03-23,3,0,3.48,2,1,1.207,0.762,1,0
C05393,2024-06-18,6,0,-0.56,2,7,0.579,0.564,0,0
C05394,2024-01-09,15,1,-0.62,2,1,0.64,0.904,0,0
C05395,2024-03-22,20,1,3.76,0,2,1.144,0.682,0,0
C05396,2024-03-24,17,0,8.17,3,8,0.831,0.389,0,0
C05397,2024-01-09,31,0,11.32,2,5,0.931,0.717,0,0
C05398,2024-02-16,2,1,1.19,1,2,1.127,0.723,0,0
C05399,2024-01-03,31,0,10.82,1,0,1.215,0.613,0,0
C05400,2024-05-07,9,0,-3.33,2,4,0.672,0.649,0,0
C05401,2024-06-25,21,0,-1.61,3,2,0.435,0.683,1,0
C05402,2024-01-10,4,0,9.56,1,6,0.942,0.877,0,0
C05403,2024-05-20,12,0,6.75,4,2,0.776,0.756,0,0
C05404,2024-04-05,14,0,-2.32,0,0,1.017,0.627,0,0
C05405,2024-02-17,30,0,-8.37,3,1,0.973,0.318,0,0
C05406,2024-04-24,3,1,-0.65,0,3,0.741,0.676,0,0
C05407,2024-02-29,12,0,-5.48,1,4,1.502,0.763,0,0
C05408,2024-06-28,5,0,13.8,5,1,0.999,0.773,0,0
C05409,2024-05-15,18,0,6.08,1,2,0.847,0.78,0,0
C05410,2024-02-16,22,0,-6.13,0,9,0.98,0.646,0,0
C05411,2024-04-25,34,0,-8.36,2,12,1.072,1.0,0,0
C05412,2024-06-14,7,1,-2.49,0,5,0.817,0.49,0,0
C05413,2024-04-28,25,0,-4.47,3,3,1.565,0.383,0,0
C05414,2024-04-28,36,0,-1.33,1,2,0.609,0.66,0,0
C05415,2024-03-08,3,1,3.57,3,7,0.602,0.818,0,0
C05416,2024-04-22,19,0,-7.73,2,3,0.585,0.52,0,0
C05417,2024-05-30,26,0,18.32,5,10,0.951,0.902,0,0
C05418,2024-01-14,9,0,-7.55,1,10,1.068,0.326,0,1
C05419,2024-05-07,4,0,-11.27,1,6,0.887,0.465,0,0
C05420,2024-02-08,25,0,13.51,0,2,1.107,0.864,1,0
C05421,2024-05-10,4,0,10.57,4,3,1.099,0.657,0,0
C05422,2024-04-02,10,0,-1.46,0,1,0.905,0.936,0,1
C05423,2024-02-05,11,0,3.05,1,4,1.087,0.56,0,0
C05424,2024-06-28,21,0,3.25,2,4,0.931,0.765,0,1
C05425,2024-02-24,7,1,0.44,0,1,0.893,0.598,0,0
C05426,2024-05-28,7,1,-4.15,4,37,0.69,0.294,0,1
C05427,2024-03-06,13,0,-19.86,2,7,1.023,1.0,1,0
C05428,2024-01-26,27,1,-2.7,4,2,1.294,0.595,0,0
C05429,2024-02-24,75,0,14.53,0,28,0.559,0.78,0,0
C05430,2024-06-23,3,0,14.84,1,2,0.87,0.159,0,0
C05431,2024-02-06,15,0,-2.09,5,9,0.996,1.0,0,0
C05432,2024-05-29,5,0,-7.66,1,4,1.419,0.451,0,0
C05433,2024-05-01,27,0,2.22,2,2,1.098,0.602,0,0
C05434,2024-03-18,5,0,3.51,2,3,0.782,0.492,2,1
C05435,2024-04-26,7,0,4.81,0,16,0.689,0.577,0,1
C05436,2024-04-14,7,0,-20.22,2,9,1.201,0.788,0,0
C05437,2024-04-08,11,0,25.26,0,4,0.902,0.598,0,0
C05438,2024-05-07,15,0,9.06,2,0,0.692,0.487,0,0
C05439,2024-04-20,17,1,-0.63,1,5,1.228,0.87,0,0
C05440,2024-01-10,12,1,-2.3,2,1,1.072,0.867,0,0
C05441,2024-06-24,4,0,7.9,3,7,0.666,0.763,1,0
C05442,2024-06-28,21,0,3.96,2,2,0.655,0.644,1,1
C05443,2024-01-13,11,0,0.74,0,2,0.448,0.803,0,0
C05444,2024-01-02,30,0,3.67,2,2,0.834,0.548,0,0
C05445,2024-05-01,6,0,-0.9,2,11,1.021,0.186,0,1
C05446,2024-06-03,3,0,3.21,2,0,1.24,0.47,0,0
C05447,2024-05-25,11,1,2.32,1,8,1.066,0.495,0,0
C05448,2024-04-17,34,0,2.75,3,6,0.644,0.59,1,0
C05449,2024-03-19,13,0,2.33,0,4,0.909,0.375,0,0
C05450,2024-06-13,10,0,11.14,2,2,1.347,0.779,0,0
C05451,2024-02-25,6,0,-12.78,5,6,0.842,0.662,0,0
C05452,2024-06-08,49,0,-6.38,1,3,1.177,0.681,1,0
C05453,2024-04-08,5,0,0.21,4,2,1.151,0.426,0,0
C05454,2024-04-07,6,0,-5.84,1,4,1.17,0.697,0,0
C05455,2024-05-17,19,1,-1.27,1,21,1.003,0.522,0,0
C05456,2024-04-14,2,0,10.3,1,1,1.184,0.578,1,0
C05457,2024-06-04,33,0,-1.19,2,7,0.595,0.69,1,0
C05458,2024-06-06,20,1,-5.85,1,3,1.364,0.517,0,0
C05459,2024-04-29,25,0,-3.39,1,3,0.533,0.779,0,1
C05460,2024-03-05,19,0,0.46,3,1,1.073,0.592,0,0
C05461,2024-04-25,10,0,0.32,4,0,0.988,0.728,0,0
C05462,2024-06-25,5,0,4.45,2,6,0.814,0.799,0,0
C05463,2024-06-10,10,0,3.8,1,1,0.751,0.223,0,0
C05464,2024-06-06,5,0,-1.11,2,11,1.082,0.792,0,0
C05465,2024-04-05,17,0,-9.54,4,1,1.195,0.562,0,0
C05466,2024-06-22,23,0,-3.53,1,7,0.939,0.73,0,0
C05467,2024-03-05,39,0,-4.98,1,2,0.918,0.998,0,0
C05468,2024-05-12,16,1,-0.91,5,2,1.31,0.721,0,0
C05469,2024-02-03,25,1,2.21,0,1,0.89,0.764,0,0
C05470,2024-02-23,9,0,3.23,2,6,0.959,0.692,0,0
C05471,2024-01-25,8,0,6.59,3,8,0.909,0.82,1,0
C05472,2024-03-07,17,0,-3.07,2,3,1.603,0.169,0,0
C05473,2024-03-07,8,0,12.07,2,7,0.755,0.493,0,1
C05474,2024-02-14,15,0,5.38,3,4,1.188,0.329,0,0
C05475,2024-01-06,5,0,0.9,4,1,0.57,0.845,1,1
C05476,2024-03-05,6,0,4.83,3,6,0.731,0.585,1,1
C05477,2024-04-24,20,0,-5.41,3,3,0.908,0.969,0,0
C05478,2024-06-02,24,0,-16.87,0,0,0.967,0.656,2,1
C05479,2024-06-06,5,0,-4.85,1,3,0.916,0.354,0,0
C05480,2024-03-08,20,0,5.98,4,0,0.975,0.885,1,0
C05481,2024-04-25,7,0,0.64,1,1,0.823,0.757,2,1
C05482,2024-01-15,12,1,-0.44,1,3,1.307,0.892,0,0
C05483,2024-06-25,37,0,-6.78,0,4,0.73,0.504,1,0
C05484,2024-02-24,23,0,-15.65,5,2,1.176,0.744,0,0
C05485,2024-06-15,23,0,11.4,0,7,1.134,0.774,1,0
C05486,2024-03-21,56,0,-1.66,1,4,0.743,0.75,1,0
C05487,2024-04-16,6,0,-3.44,4,3,0.893,0.333,0,0
C05488,2024-04-03,5,0,-5.37,5,4,0.979,0.472,0,0
C05489,2024-01-24,6,0,10.04,2,13,1.354,0.789,1,1
C05490,2024-02-24,9,0,7.05,1,0,0.908,0.34,0,0
C05491,2024-02-05,1,0,-7.74,4,14,1.836,0.591,0,0
C05492,2024-05-05,10,0,9.32,1,2,1.182,0.744,0,0
C05493,2024-03-04,7,1,-0.46,3,2,1.076,0.874,0,0
C05494,2024-06-01,22,1,-1.95,0,3,1.206,0.835,0,0
C05495,2024-01-31,16,0,-2.35,2,2,0.56,0.792,1,0
C05496,2024-04-03,7,0,-6.27,2,1,1.288,0.317,0,0
C05497,2024-03-15,19,0,-10.57,2,9,0.624,0.775,0,1
C05498,2024-01-10,21,0,6.21,3,5,1.192,0.623,0,0
C05499,2024-06-28,6,0,-1.77,3,0,0.852,0.789,1,0
C05500,2024-04-22,8,0,4.94,2,8,0.76,0.698,1,0
C05501,2024-06-28,2,0,2.3,5,7,1.408,0.587,0,0
C05502,2024-01-14,5,0,4.39,2,1,0.97,0.462,1,1
C05503,2024-05-15,6,0,-16.37,3,5,0.592,0.782,0,1
C05504,2024-05-19,12,1,-2.77,1,7,1.209,0.134,0,0
C05505,2024-04-20,5,0,4.55,1,1,0.69,0.635,0,0
C05506,2024-01-24,8,0,-10.2,2,5,1.315,0.707,0,0
C05507,2024-06-02,4,0,2.98,3,2,0.986,0.614,0,0
C05508,2024-04-03,13,0,-11.13,2,7,0.647,0.473,0,1
C05509,2024-06-22,17,0,0.13,0,1,1.2,0.358,0,0
C05510,2024-01-10,16,0,12.88,2,11,1.075,0.33,0,1
C05511,2024-06-01,12,0,6.2,5,3,0.454,0.394,2,1
C05512,2024-02-28,3,0,-14.81,2,2,0.974,0.683,1,0
C05513,2024-04-27,7,0,6.79,2,2,1.065,0.783,0,0
C05514,2024-03-24,8,1,5.83,2,9,1.015,0.723,0,1
C05515,2024-03-28,8,0,22.38,1,2,0.944,0.75,0,0
C05516,2024-01-12,12,0,3.8,5,11,1.131,0.632,1,0
C05517,2024-03-08,38,0,-10.92,2,5,1.117,0.904,0,0
C05518,2024-01-08,23,0,3.48,1,1,1.003,0.79,2,0
C05519,2024-03-19,5,0,12.77,3,4,0.921,0.831,0,0
C05520,2024-06-09,20,0,-1.5,0,4,1.017,0.817,0,0
C05521,2024-01-29,20,0,8.34,3,1,0.844,0.37,1,0
C05522,2024-01-11,6,1,-2.69,0,4,0.724,0.484,0,0
C05523,2024-02-17,24,0,2.98,1,7,0.684,1.0,2,0
C05524,2024-03-03,10,0,-19.92,3,12,0.915,0.633,1,0
C05525,2024-05-17,3,0,-7.6,3,11,0.731,0.437,0,0
C05526,2024-01-24,17,0,-0.05,6,38,0.77,0.818,0,1
C05527,2024-04-25,14,0,-2.91,0,4,1.313,0.788,0,0
C05528,2024-01-27,10,0,-10.4,4,7,0.913,0.942,1,0
C05529,2024-02-26,11,0,-4.0,4,2,1.025,0.913,0,0
C05530,2024-03-08,6,0,2.64,3,24,0.823,0.951,0,0
C05531,2024-04-02,19,0,-0.69,3,2,1.317,0.419,0,0
C05532,2024-01-30,11,1,0.2,5,23,1.299,0.931,0,0
C05533,2024-03-08,13,0,5.86,3,20,0.783,0.814,1,1
C05534,2024-02-26,16,0,-2.75,1,2,1.172,0.691,1,0
C05535,2024-02-13,4,0,10.87,7,11,1.468,0.765,1,0
C05536,2024-04-11,5,0,-7.91,1,6,0.68,0.588,0,1
C05537,2024-01-20,2,1,6.17,1,3,1.23,0.394,0,0
C05538,2024-06-26,19,1,3.56,0,3,0.55,0.784,0,0
C05539,2024-04-05,4,1,-1.14,5,5,0.982,0.934,0,0
C05540,2024-06-08,13,1,-0.93,1,6,0.935,0.338,0,0
C05541,2024-04-23,16,0,1.65,5,17,0.488,0.683,2,1
C05542,2024-05-06,19,0,4.79,1,7,1.237,0.742,0,0
C05543,2024-01-01,4,0,8.76,0,2,1.027,0.504,0,0
C05544,2024-06-06,11,0,-10.72,5,8,0.728,0.943,0,0
C05545,2024-01-07,46,0,3.5,1,0,1.082,1.0,0,0
C05546,2024-02-09,48,1,-6.77,2,3,1.211,0.733,0,0
C05547,2024-02-03,26,0,-1.42,1,3,0.543,0.65,0,0
C05548,2024-06-05,15,0,11.63,2,8,0.173,0.834,0,0
C05549,2024-05-15,5,0,-11.34,3,22,0.88,0.637,2,1
C05550,2024-02-25,21,1,-5.12,1,5,0.783,0.703,1,0
C05551,2024-05-12,10,0,1.77,1,3,1.32,0.646,0,0
C05552,2024-02-14,19,0,11.1,4,2,0.897,0.386,0,0
C05553,2024-03-16,7,1,1.04,2,9,1.032,0.719,0,0
C05554,2024-03-29,10,1,-6.09,4,3,0.938,0.973,0,0
C05555,2024-06-28,13,0,-13.47,3,2,0.604,0.349,0,0
C05556,2024-01-10,14,1,0.31,1,10,0.958,0.627,0,0
C05557,2024-04-01,18,0,-9.43,0,12,0.608,0.815,0,0
C05558,2024-03-31,7,0,1.09,5,1,0.651,0.502,0,0
C05559,2024-04-28,4,0,1.57,5,1,0.721,0.497,1,1
C05560,2024-03-10,44,0,-3.92,1,4,0.684,0.93,1,0
C05561,2024-04-06,89,1,5.81,0,1,0.942,0.824,1,0
C05562,2024-01-11,17,0,4.72,2,1,0.897,0.576,1,1
C05563,2024-06-16,4,0,9.69,6,1,1.066,0.559,0,1
C05564,2024-06-10,6,0,7.36,4,11,0.551,0.903,0,0
C05565,2024-01-24,18,0,-1.2,2,8,0.897,0.775,1,0
C05566,2024-02-03,35,0,-1.56,0,40,0.68,0.36,0,1
C05567,2024-01-10,4,0,-2.38,4,2,1.04,0.716,0,0
C05568,2024-04-25,11,0,5.45,1,14,0.992,0.693,2,1
C05569,2024-04-09,14,1,-2.08,1,6,1.009,0.743,0,0
C05570,2024-04-19,24,1,5.52,1,2,0.742,0.412,1,0
C05571,2024-04-27,9,0,-5.97,1,3,0.991,0.818,0,0
C05572,2024-03-23,3,0,1.72,1,2,0.862,0.597,2,1
C05573,2024-05-30,20,0,-1.83,3,5,1.304,0.536,0,0
C05574,2024-02-09,29,1,-1.44,3,10,0.978,0.613,0,0
C05575,2024-03-29,11,0,17.38,4,3,1.005,0.566,0,0
C05576,2024-02-15,16,0,-3.51,1,9,0.635,0.561,1,0
C05577,2024-01-31,8,0,-2.44,1,14,0.782,0.672,0,0
C05578,2024-02-25,6,0,-5.31,2,17,0.98,0.743,0,0
C05579,2024-03-06,27,0,0.33,2,1,0.975,0.406,0,0
C05580,2024-01-07,16,0,-0.81,1,4,0.958,0.814,0,0
C05581,2024-05-20,18,0,-8.95,0,8,0.522,0.996,1,0
C05582,2024-01-13,40,1,-1.36,0,1,0.791,0.818,1,0
C05583,2024-02-21,5,0,4.88,3,1,0.926,0.425,1,1
C05584,2024-03-06,7,0,8.22,0,4,1.28,0.363,2,0
C05585,2024-06-03,13,1,0.08,1,3,0.512,0.827,0,0
C05586,2024-04-20,7,0,0.47,2,3,0.724,0.742,1,0
C05587,2024-01-22,22,1,-1.16,3,2,0.515,0.474,0,0
C05588,2024-04-07,10,0,-4.02,0,31,0.926,0.412,0,0
C05589,2024-03-17,5,1,-2.94,2,2,1.287,0.366,0,0
C05590,2024-02-17,12,1,-4.98,2,7,1.055,0.774,0,0
C05591,2024-05-08,13,1,-2.25,3,7,1.109,0.456,1,0
C05592,2024-01-11,25,1,2.89,3,0,0.742,0.449,0,0
C05593,2024-03-05,16,0,-3.4,3,16,1.012,0.722,0,0
C05594,2024-05-29,17,0,-2.77,3,7,0.772,0.702,1,0
C05595,2024-04-29,15,0,-2.92,5,5,0.99,0.523,1,0
C05596,2024-01-28,10,0,9.96,3,11,1.071,0.526,2,0
C05597,2024-06-26,6,1,-2.97,1,4,0.907,0.656,0,0
C05598,2024-05-17,15,0,2.22,1,9,1.16,0.577,0,0
C05599,2024-01-08,9,0,-0.55,1,0,0.959,0.533,2,1
C05600,2024-06-06,47,1,0.22,2,9,1.023,1.0,0,0
C05601,2024-01-06,35,0,1.95,0,5,1.448,0.911,1,0
C05602,2024-03-30,20,0,0.46,1,5,1.099,0.966,0,0
C05603,2024-04-18,16,0,6.34,4,2,0.803,0.344,1,0
C05604,2024-02-19,11,0,-0.23,6,3,0.865,0.62,0,0
C05605,2024-06-20,4,1,5.58,2,3,1.203,0.533,0,0
C05606,2024-05-21,10,0,0.36,3,1,1.256,0.58,0,1
C05607,2024-03-29,13,0,-13.63,1,6,0.961,0.525,0,0
C05608,2024-03-24,14,0,5.11,2,18,0.528,0.667,0,1
C05609,2024-03-24,17,0,3.14,2,1,0.757,1.0,1,1
C05610,2024-03-21,25,0,0.26,1,6,1.015,0.542,0,0
C05611,2024-02-10,7,1,-0.83,0,3,1.13,0.265,0,0
C05612,2024-04-27,7,0,-16.92,2,2,1.241,0.517,1,0
C05613,2024-03-06,38,0,-15.57,1,4,0.472,0.864,1,0
C05614,2024-05-17,22,0,13.18,2,4,1.198,0.506,0,0
C05615,2024-01-01,8,0,-4.68,2,5,1.332,0.616,0,0
C05616,2024-02-01,11,0,7.72,4,1,0.397,0.575,1,1
C05617,2024-04-04,11,0,-12.82,3,11,0.944,0.592,0,1
C05618,2024-02-22,12,0,-8.37,3,4,1.169,0.544,0,1
C05619,2024-05-26,17,1,2.17,2,7,0.612,0.96,0,0
C05620,2024-04-26,92,1,-0.33,1,13,0.81,1.0,0,0
C05621,2024-05-20,14,0,4.3,3,0,1.14,0.823,2,0
C05622,2024-05-15,20,1,-0.04,1,7,0.834,0.721,0,0
C05623,2024-03-20,3,0,-1.66,3,3,0.894,0.773,1,0
C05624,2024-01-17,8,0,-5.44,0,11,1.0,0.825,1,1
C05625,2024-03-19,32,0,-9.55,2,2,0.698,0.673,0,0
C05626,2024-02-13,16,0,11.22,0,10,0.683,0.631,1,0
C05627,2024-05-01,1,0,12.54,6,1,1.112,0.379,1,0
C05628,2024-06-21,20,0,-8.31,2,6,1.207,0.549,0,0
C05629,2024-06-17,56,0,-8.83,1,5,1.075,0.868,0,0
C05630,2024-05-14,2,0,-2.78,3,3,1.325,0.45,0,0
C05631,2024-05-13,41,0,2.72,1,1,1.1,0.905,0,0
C05632,2024-06-22,1,0,-1.45,5,3,1.447,0.682,0,0
C05633,2024-03-30,25,0,4.0,1,10,0.966,0.801,0,0
C05634,2024-01-03,12,1,-0.16,1,17,0.978,0.959,0,0
C05635,2024-06-12,1,0,-0.92,4,26,0.971,0.627,0,1
C05636,2024-04-11,17,0,19.3,3,7,0.808,0.327,0,0
C05637,2024-06-26,30,0,-4.2,1,5,0.781,0.527,0,0
C05638,2024-05-26,16,0,13.12,1,6,0.745,0.779,0,0
C05639,2024-05-09,19,0,11.57,4,25,0.736,0.442,1,1
C05640,2024-03-13,8,0,4.03,1,7,1.483,0.45,1,1
C05641,2024-06-11,2,0,-15.41,3,4,1.435,0.157,0,0
C05642,2024-06-13,21,0,0.25,1,3,0.903,0.732,0,0
C05643,2024-06-18,49,1,-1.65,2,3,0.88,0.938,0,0
C05644,2024-04-07,30,0,0.16,4,6,0.433,1.0,0,1
C05645,2024-04-12,2,0,-8.5,2,2,0.741,0.805,0,0
C05646,2024-05-04,3,0,6.05,1,2,0.788,0.588,0,0
C05647,2024-02-22,6,0,7.88,2,4,0.87,0.575,0,0
C05648,2024-01-26,3,0,9.36,2,2,0.848,0.897,1,0
C05649,2024-05-11,12,0,-3.06,2,7,1.019,0.572,1,0
C05650,2024-03-18,16,0,-8.48,1,8,1.154,0.341,1,0
C05651,2024-01-30,3,0,2.81,6,5,0.793,0.714,0,1
C05652,2024-06-18,22,0,14.05,4,6,1.329,0.842,2,0
C05653,2024-03-01,19,0,0.56,6,4,1.066,0.726,0,0
C05654,2024-04-21,7,0,3.62,0,0,1.222,0.513,0,0
C05655,2024-03-12,10,0,-1.88,1,2,0.88,0.54,0,0
C05656,2024-03-11,2,0,-4.03,4,8,1.097,0.718,0,0
C05657,2024-06-01,9,0,5.27,4,2,1.103,0.458,0,0
C05658,2024-05-28,12,0,-0.85,1,9,1.322,0.939,0,0
C05659,2024-03-19,13,0,3.23,1,10,1.113,0.865,0,0
C05660,2024-03-31,16,0,4.06,1,3,1.198,0.935,0,0
C05661,2024-04-22,14,0,2.78,2,2,0.858,0.822,0,0
C05662,2024-01-20,9,0,4.46,5,4,1.279,0.721,0,0
C05663,2024-06-04,15,0,-6.82,0,4,0.661,0.388,0,1
C05664,2024-04-09,27,1,-2.92,2,7,0.822,0.767,0,0
C05665,2024-01-25,11,1,-0.14,2,0,1.07,0.66,0,0
C05666,2024-05-01,15,0,-0.15,4,2,0.702,0.328,0,0
C05667,2024-05-01,10,1,-1.67,1,1,0.764,0.57,0,0
C05668,2024-04-20,7,1,0.77,1,0,0.769,0.616,0,0
C05669,2024-05-01,18,0,7.27,0,2,1.085,0.85,1,1
C05670,2024-05-31,7,0,9.5,2,1,0.955,0.477,0,0
C05671,2024-04-09,16,0,11.3,0,3,1.226,0.586,1,0
C05672,2024-01-20,12,0,-10.52,1,2,1.46,0.675,0,0
C05673,2024-06-12,9,0,-9.3,0,6,1.038,0.734,0,0
C05674,2024-03-20,9,0,-2.32,3,3,0.857,0.637,0,0
C05675,2024-04-05,8,0,0.64,1,0,1.092,0.509,1,0
C05676,2024-02-21,3,0,-1.91,4,6,0.746,0.317,0,0
C05677,2024-01-29,16,1,-1.77,3,39,0.789,0.653,0,0
C05678,2024-06-15,14,0,-2.44,2,11,1.561,0.68,0,0
C05679,2024-04-30,24,0,3.87,0,8,0.909,0.815,0,0
C05680,2024-03-18,7,0,-10.64,3,3,1.061,0.638,0,0
C05681,2024-03-16,55,0,18.75,1,2,0.95,0.671,0,0
C05682,2024-03-03,8,0,0.17,1,2,0.888,0.866,1,1
C05683,2024-06-27,6,0,8.41,0,5,1.095,0.92,2,0
C05684,2024-02-20,5,0,-4.64,2,1,0.677,0.906,0,0
C05685,2024-05-26,3,0,4.59,2,5,0.933,0.267,0,1
C05686,2024-01-02,41,0,0.8,0,2,0.651,0.785,1,0
C05687,2024-01-25,36,0,6.85,3,0,1.386,0.284,0,0
C05688,2024-02-11,19,0,-1.59,4,2,1.237,0.433,1,1
C05689,2024-03-08,5,0,12.41,4,13,0.743,0.336,1,1
C05690,2024-03-27,51,1,-4.77,1,5,0.511,0.625,0,0
C05691,2024-01-29,9,0,7.59,2,0,1.123,0.405,0,0
C05692,2024-03-02,9,1,0.38,3,2,0.979,0.453,0,0
C05693,2024-06-11,38,0,-8.15,1,10,1.511,0.703,1,0
C05694,2024-02-14,20,0,15.62,1,3,1.335,0.345,0,0
C05695,2024-01-06,70,1,5.92,0,7,1.124,0.743,0,0
C05696,2024-01-25,14,1,-6.64,4,3,0.853,0.914,0,0
C05697,2024-03-13,8,0,1.41,1,5,0.91,0.42,1,0
C05698,2024-06-13,7,0,5.65,3,4,1.056,0.564,1,0
C05699,2024-02-07,2,0,3.53,5,2,1.079,0.798,0,0
C05700,2024-04-15,9,0,12.12,1,7,0.788,0.667,0,0
C05701,2024-03-22,30,1,4.18,1,17,0.574,0.672,0,0
C05702,2024-04-27,19,0,2.12,3,6,1.452,0.252,0,0
C05703,2024-05-22,12,0,18.22,2,4,0.988,0.568,0,0
C05704,2024-01-11,5,0,7.49,2,2,1.096,0.332,0,0
C05705,2024-01-05,14,0,-2.81,3,10,0.736,0.611,0,0
C05706,2024-06-05,27,0,-4.42,1,2,1.332,0.539,1,0
C05707,2024-02-17,17,0,9.95,3,7,1.225,0.84,0,0
C05708,2024-03-22,13,1,-2.54,2,8,0.975,0.687,0,1
C05709,2024-05-30,6,0,-3.28,2,10,1.003,0.849,1,1
C05710,2024-06-11,24,0,-1.92,2,11,1.016,0.802,1,0
C05711,2024-02-22,1,0,2.85,6,10,0.975,0.878,0,0
C05712,2024-06-19,16,0,-1.55,4,1,1.134,0.852,0,0
C05713,2024-02-25,95,1,-4.21,0,2,1.084,0.862,0,0
C05714,2024-04-19,3,0,9.3,2,1,0.951,0.76,0,0
C05715,2024-02-20,10,1,-1.29,3,1,0.703,0.802,1,0
C05716,2024-02-28,12,1,6.46,3,17,0.909,0.576,0,0
C05717,2024-05-02,8,1,0.97,2,1,1.183,0.47,1,1
C05718,2024-06-03,27,1,4.06,1,1,1.163,0.761,1,0
C05719,2024-06-08,17,0,5.05,4,4,1.308,0.916,1,0
C05720,2024-04-16,13,0,10.52,4,2,1.345,0.77,0,0
C05721,2024-03-08,23,0,4.56,1,34,1.005,0.693,0,0
C05722,2024-03-25,12,0,1.88,1,3,1.032,0.542,0,0
C05723,2024-06-23,120,1,3.5,0,6,1.056,0.925,0,0
C05724,2024-01-18,13,0,19.89,1,2,0.846,0.53,2,1
C05725,2024-01-28,14,0,-2.16,3,1,1.195,0.699,0,0
C05726,2024-05-11,3,0,6.36,6,2,1.321,0.634,0,0
C05727,2024-06-05,7,0,-0.04,0,2,1.25,0.333,0,0
C05728,2024-02-23,30,0,4.05,0,2,1.129,0.978,0,0
C05729,2024-03-04,4,0,0.34,3,1,0.935,0.665,0,1
C05730,2024-02-22,2,0,-17.26,2,5,0.886,0.718,0,0
C05731,2024-01-31,12,1,-0.64,1,3,0.945,0.649,0,0
C05732,2024-03-30,36,0,8.0,1,1,0.812,0.895,0,0
C05733,2024-05-02,12,0,-6.12,1,4,1.049,0.357,0,0
C05734,2024-03-26,9,0,7.37,4,8,0.261,0.8,0,1
C05735,2024-02-15,2,0,1.47,3,13,0.8,0.856,0,0
C05736,2024-03-28,17,1,-0.61,2,0,1.017,0.224,0,0
C05737,2024-01-26,20,0,7.25,3,2,1.615,0.627,1,0
C05738,2024-03-19,2,1,2.18,2,1,0.996,0.633,0,0
C05739,2024-03-29,30,0,3.36,1,2,1.0,0.541,1,0
C05740,2024-03-25,22,0,8.13,1,15,0.717,0.378,1,0
C05741,2024-02-01,30,1,0.65,1,2,1.42,0.456,0,0
C05742,2024-02-16,19,0,-13.16,2,2,0.787,0.932,0,0
C05743,2024-04-03,20,1,-1.21,2,2,1.498,0.748,1,0
C05744,2024-06-01,18,0,-14.44,1,19,0.72,0.475,1,1
C05745,2024-06-17,24,0,5.26,3,0,1.235,0.751,0,0
C05746,2024-02-10,2,0,7.17,2,2,0.976,0.412,0,0
C05747,2024-01-01,3,0,7.53,3,2,0.849,0.192,0,0
C05748,2024-03-01,6,0,3.91,2,0,1.252,0.605,0,0
C05749,2024-03-07,10,0,7.74,5,12,1.272,0.842,0,0
C05750,2024-03-19,16,0,-12.61,2,0,0.954,1.0,0,0
C05751,2024-04-21,15,0,-0.86,3,2,0.984,0.429,1,1
C05752,2024-02-15,29,0,-11.32,4,4,0.877,0.921,1,0
C05753,2024-03-28,30,0,-2.87,4,2,1.046,0.444,1,0
C05754,2024-01-09,6,1,5.17,0,0,0.726,0.97,0,0
C05755,2024-04-16,14,0,8.75,1,3,0.312,0.358,0,1
C05756,2024-03-16,6,0,5.3,3,2,0.522,0.78,0,0
C05757,2024-01-05,10,0,-1.45,3,9,0.9,0.339,0,1
C05758,2024-06-11,15,0,-7.95,1,7,0.698,0.732,0,0
C05759,2024-04-06,1,0,1.5,4,25,0.846,0.579,0,1
C05760,2024-02-02,83,0,8.89,0,4,0.852,1.0,0,0
C05761,2024-04-28,19,0,3.28,2,7,0.788,0.945,0,1
C05762,2024-05-28,7,0,-12.69,4,3,0.823,0.858,0,0
C05763,2024-04-17,56,0,0.84,0,20,1.142,0.91,3,0
C05764,2024-03-12,9,0,-15.31,1,4,1.039,0.388,0,0
C05765,2024-01-08,13,1,2.57,0,4,1.371,0.849,1,0
C05766,2024-05-17,8,1,-2.22,2,7,0.991,0.361,1,0
C05767,2024-01-19,45,1,-3.91,3,2,0.513,0.584,0,0
C05768,2024-03-28,11,0,6.54,3,2,0.729,0.491,1,0
C05769,2024-05-03,13,1,1.79,3,7,0.994,0.524,0,0
C05770,2024-02-01,31,1,0.74,1,8,1.02,0.664,0,0
C05771,2024-01-27,19,1,7.01,3,7,0.819,0.842,0,0
C05772,2024-05-01,11,0,5.08,0,4,0.781,0.852,1,0
C05773,2024-02-25,29,1,-2.06,2,5,0.823,1.0,0,0
C05774,2024-02-08,92,1,1.66,0,10,0.914,0.801,0,0
C05775,2024-03-21,15,0,-2.29,4,1,0.983,0.754,0,0
C05776,2024-06-09,13,0,10.13,4,4,0.706,0.913,2,0
C05777,2024-03-20,13,0,2.25,2,0,1.062,0.231,0,0
C05778,2024-01-27,34,1,1.22,1,8,1.019,0.946,0,0
C05779,2024-01-10,7,0,-11.54,2,2,0.963,0.746,0,0
C05780,2024-04-08,9,0,0.49,4,2,0.817,0.602,0,0
C05781,2024-03-22,3,0,-0.45,0,4,1.148,0.413,0,0
C05782,2024-02-09,4,0,-8.19,2,7,1.296,0.755,2,0
C05783,2024-03-16,8,0,-1.77,3,38,0.698,0.544,0,1
C05784,2024-04-27,11,1,1.39,4,1,0.838,0.355,0,0
C05785,2024-02-20,50,1,-0.01,0,2,1.106,0.442,0,0
C05786,2024-01-13,18,0,-11.3,5,5,0.682,0.943,1,1
C05787,2024-04-03,5,0,-2.19,1,2,0.671,0.718,0,0
C05788,2024-03-01,6,0,-3.74,1,9,0.793,0.822,1,1
C05789,2024-05-11,36,1,0.62,2,3,1.062,0.704,0,0
C05790,2024-06-19,30,0,0.68,6,9,0.735,0.472,1,1
C05791,2024-06-27,12,1,-1.32,5,3,0.98,0.959,1,0
C05792,2024-06-26,8,1,-1.44,1,7,0.463,0.719,0,0
C05793,2024-06-23,29,0,0.54,5,1,1.149,1.0,1,0
C05794,2024-01-07,5,0,7.7,0,25,1.235,0.684,0,0
C05795,2024-05-03,16,0,2.23,3,0,0.773,0.75,0,0
C05796,2024-03-08,75,1,4.55,0,2,1.101,0.956,0,0
C05797,2024-02-12,14,0,9.07,2,1,0.943,0.118,0,0
C05798,2024-06-24,6,0,11.97,2,9,0.982,0.422,0,0
C05799,2024-05-29,16,0,10.95,1,7,0.904,0.76,0,0
C05800,2024-06-25,8,0,12.5,1,1,0.919,0.37,0,0
C05801,2024-03-01,3,0,-9.23,0,10,0.742,0.754,0,0
C05802,2024-01-02,21,0,5.18,1,2,0.717,0.475,0,0
C05803,2024-02-04,29,0,9.75,2,6,1.245,0.277,0,0
C05804,2024-02-14,9,0,11.19,2,7,0.545,0.26,0,1
C05805,2024-02-28,9,1,-2.47,1,3,0.98,0.767,0,0
C05806,2024-05-30,5,0,5.26,4,10,0.934,0.776,0,0
C05807,2024-01-11,10,0,0.6,1,3,0.973,0.917,0,0
C05808,2024-02-22,7,1,5.91,5,6,1.136,0.851,0,0
C05809,2024-03-12,5,1,-4.44,3,3,0.892,0.88,0,0
C05810,2024-01-20,55,1,-2.46,0,0,1.163,0.45,0,0
C05811,2024-05-24,17,0,-14.49,1,4,1.476,0.855,0,0
C05812,2024-02-21,19,0,1.16,1,2,0.952,0.779,0,0
C05813,2024-01-02,24,1,7.24,5,15,0.417,0.926,1,0
C05814,2024-02-13,22,0,-0.35,1,1,0.959,0.404,0,0
C05815,2024-01-01,8,0,0.81,1,13,0.875,0.915,0,0
C05816,2024-01-13,15,0,4.4,2,3,1.086,0.73,0,0
C05817,2024-02-01,9,0,-0.93,3,6,0.471,0.875,0,0
C05818,2024-04-09,17,0,2.93,4,1,1.076,0.671,0,0
C05819,2024-02-05,16,0,3.14,2,3,0.88,1.0,1,0
C05820,2024-02-08,8,0,-6.76,3,2,1.191,0.682,0,0
C05821,2024-04-25,4,0,-0.75,3,29,0.725,0.274,0,1
C05822,2024-03-06,13,0,5.94,1,2,1.207,0.676,0,0
C05823,2024-01-29,10,0,7.43,2,12,0.562,0.41,1,0
C05824,2024-06-22,2,0,10.39,2,12,0.944,0.816,0,0
C05825,2024-03-12,18,1,1.07,1,12,0.697,0.666,0,0
C05826,2024-04-05,26,0,2.85,2,2,0.868,0.482,0,0
C05827,2024-04-24,92,0,6.0,0,22,1.57,1.0,0,0
C05828,2024-01-11,8,0,-4.76,0,27,0.628,0.477,0,1
C05829,2024-02-13,7,0,-5.09,0,6,0.877,0.781,0,0
C05830,2024-05-26,5,0,-1.0,0,2,0.704,0.259,1,0
C05831,2024-01-31,14,0,-10.2,3,2,0.913,0.854,0,0
C05832,2024-02-09,14,0,3.26,4,6,0.933,0.428,0,1
C05833,2024-06-08,6,0,8.39,3,4,0.796,0.597,0,0
C05834,2024-02-06,10,1,-2.27,2,5,1.369,0.931,0,0
C05835,2024-02-09,2,0,3.48,4,1,1.284,0.709,1,0
C05836,2024-06-26,25,0,-5.03,1,4,0.743,0.816,1,0
C05837,2024-06-09,6,0,-8.13,3,12,1.144,0.656,0,0
C05838,2024-03-02,11,0,16.44,3,9,0.835,0.787,0,0
C05839,2024-06-19,3,0,-8.02,2,3,0.678,0.34,0,1
C05840,2024-04-29,7,0,-10.23,4,4,0.801,0.772,0,0
C05841,2024-06-15,9,0,1.72,5,1,0.681,0.476,0,1
C05842,2024-02-13,12,0,2.15,2,2,1.225,0.825,1,0
C05843,2024-03-27,17,1,2.14,1,3,0.766,0.728,0,0
C05844,2024-02-18,38,1,6.4,3,7,1.287,0.881,0,0
C05845,2024-05-09,21,1,-2.49,1,2,1.025,0.4,1,0
C05846,2024-05-11,26,0,-4.63,2,1,0.894,0.821,1,0
C05847,2024-02-14,38,1,5.15,1,8,0.834,0.742,0,0
C05848,2024-05-25,19,0,7.51,4,3,1.423,0.603,0,0
C05849,2024-01-12,11,0,6.4,4,2,0.993,0.448,0,0
C05850,2024-02-09,27,1,-1.89,1,9,0.829,0.602,0,0
C05851,2024-04-03,28,0,9.01,2,6,1.183,0.625,0,0
C05852,2024-02-23,20,0,6.43,0,3,1.131,0.646,0,0
C05853,2024-01-19,3,0,1.52,2,3,0.738,0.568,0,0
C05854,2024-04-19,6,0,-4.68,2,6,0.971,0.819,1,0
C05855,2024-05-20,9,0,0.85,1,7,0.513,0.82,1,1
C05856,2024-05-18,22,0,13.19,2,5,0.967,0.972,2,0
C05857,2024-04-01,11,0,-8.75,3,4,1.059,0.915,0,0
C05858,2024-03-27,30,1,-2.56,1,2,1.102,0.397,0,0
C05859,2024-01-12,34,0,-5.02,1,2,0.74,0.599,1,0
C05860,2024-06-07,31,0,-3.29,1,3,0.8,0.427,0,0
C05861,2024-05-09,31,0,-0.13,0,1,1.057,0.554,0,0
C05862,2024-03-04,5,1,3.07,1,1,1.308,0.31,0,0
C05863,2024-03-28,17,0,3.69,2,4,1.003,0.692,0,0
C05864,2024-04-06,7,0,0.49,2,10,0.81,0.313,0,1
C05865,2024-03-24,3,1,0.89,2,0,1.243,0.72,0,0
C05866,2024-02-18,9,0,4.99,3,3,1.017,0.398,1,1
C05867,2024-04-11,35,1,-5.38,2,5,1.02,0.764,0,0
C05868,2024-02-10,17,0,8.57,3,11,1.144,0.763,0,0
C05869,2024-05-21,61,0,-6.61,1,22,0.866,0.888,1,0
C05870,2024-06-16,14,0,-3.55,0,3,0.752,0.472,1,0
C05871,2024-01-26,86,0,2.72,1,26,0.831,0.605,1,0
C05872,2024-01-07,14,1,-0.24,1,6,1.248,0.886,0,0
C05873,2024-01-21,12,0,3.9,4,9,1.428,0.548,1,0
C05874,2024-03-13,4,0,1.13,4,1,0.69,0.706,0,0
C05875,2024-01-31,29,0,-2.31,4,6,1.379,0.729,0,0
C05876,2024-04-21,8,0,12.23,2,10,0.858,0.493,0,0
C05877,2024-02-24,7,0,5.66,0,2,0.995,0.894,1,0
C05878,2024-06-26,33,0,2.42,6,0,1.425,0.535,1,0
C05879,2024-05-15,30,0,5.54,0,5,0.873,0.53,0,0
C05880,2024-03-13,30,0,-5.64,0,3,0.916,0.557,1,0
C05881,2024-04-16,9,1,6.96,6,15,0.764,0.635,0,0
C05882,2024-04-16,11,0,-8.7,3,2,0.999,0.812,1,1
C05883,2024-01-12,11,0,0.91,3,2,1.068,0.634,0,1
C05884,2024-03-31,22,0,-2.29,2,1,0.823,0.566,0,0
C05885,2024-05-27,42,0,-2.6,2,2,1.353,0.711,0,0
C05886,2024-01-22,16,0,-3.63,2,49,0.568,0.895,0,0
C05887,2024-01-09,59,1,-2.47,0,1,1.12,0.702,0,0
C05888,2024-02-14,24,0,9.51,4,1,1.002,0.743,0,0
C05889,2024-02-07,10,0,-9.64,3,4,1.291,0.684,1,0
C05890,2024-03-14,23,1,3.15,2,26,0.669,0.362,1,0
C05891,2024-06-08,47,0,5.19,2,8,1.103,0.824,0,0
C05892,2024-04-10,60,0,-3.05,0,18,1.515,0.497,0,0
C05893,2024-03-03,31,1,1.7,1,3,0.625,0.881,0,0
C05894,2024-04-22,12,0,-1.26,4,1,0.77,0.413,0,0
C05895,2024-03-02,10,0,-8.81,4,2,1.511,0.276,0,0
C05896,2024-05-18,19,1,-3.49,0,4,0.946,0.494,0,0
C05897,2024-02-04,46,1,2.1,2,4,1.008,0.608,0,0
C05898,2024-03-23,17,0,4.83,3,3,0.902,0.923,2,1
C05899,2024-02-02,17,0,1.94,4,7,1.379,0.627,0,0
C05900,2024-06-23,12,0,-3.13,2,2,0.587,1.0,0,0
C05901,2024-01-06,9,0,-1.52,1,1,1.304,0.671,0,1
C05902,2024-02-11,10,0,-2.6,3,1,0.626,0.255,1,1
C05903,2024-06-01,13,0,-13.98,1,5,0.583,0.553,0,0
C05904,2024-02-06,48,1,0.2,3,4,0.708,0.837,0,0
C05905,2024-05-11,10,0,4.18,2,11,0.913,0.698,0,0
C05906,2024-03-16,12,0,0.54,5,18,0.731,0.672,0,1
C05907,2024-03-08,6,0,14.15,2,1,0.802,0.266,0,0
C05908,2024-01-14,21,0,-8.04,3,4,0.748,1.0,0,0
C05909,2024-05-15,36,1,-2.12,2,3,0.757,0.548,0,0
C05910,2024-04-22,44,0,1.06,0,1,0.762,0.955,1,0
C05911,2024-02-20,14,0,1.95,4,2,1.049,0.956,0,0
C05912,2024-03-20,19,1,-6.08,3,18,0.751,0.404,0,0
C05913,2024-03-02,10,0,4.82,1,2,0.324,0.543,1,0
C05914,2024-03-02,18,0,1.99,2,2,0.981,0.535,0,0
C05915,2024-06-08,15,0,-16.96,3,4,1.167,0.804,0,0
C05916,2024-05-11,12,0,-0.93,1,10,0.88,0.897,0,0
C05917,2024-02-10,13,0,-6.47,2,3,0.67,0.96,0,0
C05918,2024-05-28,17,1,-1.45,1,5,1.161,0.697,0,0
C05919,2024-06-02,9,0,-10.7,2,0,0.657,0.889,1,1
C05920,2024-01-24,10,0,3.33,1,7,0.885,0.656,1,0
C05921,2024-02-14,47,0,14.09,2,5,0.97,0.97,0,0
C05922,2024-06-14,106,0,2.12,0,9,1.225,0.969,0,0
C05923,2024-06-13,4,0,-17.28,2,0,1.144,0.749,1,0
C05924,2024-01-19,4,0,2.28,0,3,1.045,0.672,0,0
C05925,2024-02-11,5,0,-1.56,3,10,1.183,0.559,1,0
C05926,2024-04-11,11,0,-8.81,1,2,0.7,0.683,0,0
C05927,2024-02-22,24,0,2.83,2,4,1.375,0.784,0,0
C05928,2024-01-23,19,0,7.04,4,3,0.219,0.682,0,1
C05929,2024-04-09,13,0,-5.35,4,3,1.342,0.873,1,1
C05930,2024-03-14,18,1,-5.26,7,12,0.73,0.705,0,0
C05931,2024-02-06,7,0,-16.09,3,1,1.09,0.503,0,0
C05932,2024-02-19,10,1,-2.13,2,4,1.342,0.534,0,0
C05933,2024-01-05,11,0,-1.24,4,5,1.115,0.162,1,1
C05934,2024-06-14,3,0,-4.13,1,10,1.043,0.415,0,0
C05935,2024-02-24,4,1,-2.19,4,4,1.197,0.474,0,0
C05936,2024-05-13,4,1,1.82,2,10,0.58,0.921,0,1
C05937,2024-03-18,22,0,3.7,0,4,0.648,0.479,0,0
C05938,2024-06-17,14,0,1.6,2,4,1.048,0.548,1,0
C05939,2024-01-03,19,1,2.61,3,4,0.931,0.704,0,0
C05940,2024-01-20,2,0,-5.25,1,8,0.882,0.64,0,0
C05941,2024-05-21,3,0,-8.76,3,7,1.275,0.685,0,0
C05942,2024-03-30,20,0,-4.18,1,1,1.283,1.0,0,0
C05943,2024-02-20,1,0,-4.73,1,5,0.745,0.693,1,1
C05944,2024-02-21,32,0,-16.41,0,7,1.076,0.539,1,0
C05945,2024-02-01,2,0,-4.36,2,16,0.529,0.885,0,1
C05946,2024-06-03,23,0,8.84,1,1,0.598,0.572,1,0
C05947,2024-04-22,5,0,6.41,4,7,0.742,0.613,0,1
C05948,2024-05-02,28,0,4.2,1,3,0.972,0.872,0,0
C05949,2024-06-06,120,1,0.42,0,5,0.812,1.0,0,0
C05950,2024-02-02,1,0,11.59,2,1,1.108,0.915,0,0
C05951,2024-03-22,21,0,-8.48,1,4,0.976,0.167,0,0
C05952,2024-04-03,2,0,-7.72,2,5,1.254,0.674,1,0
C05953,2024-03-17,17,1,3.6,3,1,1.131,0.618,0,0
C05954,2024-02-28,10,0,0.22,2,16,0.66,0.346,1,0
C05955,2024-03-30,13,0,-5.37,2,1,1.22,0.28,0,0
C05956,2024-05-26,5,0,4.42,2,7,0.75,0.969,0,0
C05957,2024-01-29,22,0,-3.51,1,0,1.103,0.58,0,0
C05958,2024-06-06,3,0,-6.7,0,3,0.862,0.328,1,1
C05959,2024-02-25,32,0,-6.92,0,6,1.301,0.827,0,0
C05960,2024-01-16,8,0,2.57,1,8,1.143,0.108,0,0
C05961,2024-03-22,3,0,1.65,0,4,0.807,0.44,1,0
C05962,2024-04-19,43,0,12.13,3,3,0.888,0.776,0,0
C05963,2024-06-28,11,0,-2.32,3,7,1.782,0.695,0,0
C05964,2024-05-19,56,0,-2.46,1,10,0.635,1.0,0,0
C05965,2024-03-11,32,0,11.52,2,15,0.745,0.59,0,0
C05966,2024-01-07,6,0,7.89,4,1,0.827,0.584,0,1
C05967,2024-01-10,11,0,1.16,2,3,0.695,0.494,0,0
C05968,2024-05-17,13,0,-12.49,2,0,0.737,0.818,0,0
C05969,2024-02-16,41,0,-6.49,1,1,0.968,0.758,1,0
C05970,2024-04-11,17,0,-8.43,3,2,1.109,0.84,2,1
C05971,2024-06-16,14,0,0.29,3,9,0.557,0.87,0,1
C05972,2024-02-23,10,0,-4.07,2,2,0.865,0.331,2,1
C05973,2024-05-31,11,0,12.82,4,3,0.784,0.649,0,1
C05974,2024-02-27,34,0,-12.57,1,5,0.682,0.757,0,0
C05975,2024-04-21,12,0,-9.29,7,2,1.239,0.616,1,1
C05976,2024-01-11,8,0,1.96,3,0,0.809,0.907,0,0
C05977,2024-04-06,7,0,4.17,1,2,0.648,0.463,0,0
C05978,2024-05-07,7,1,-8.28,1,4,1.2,0.474,0,0
C05979,2024-04-25,3,1,-5.55,3,6,1.283,0.568,0,0
C05980,2024-06-13,6,0,-2.11,0,3,1.044,0.402,1,1
C05981,2024-06-22,40,0,10.85,1,6,0.735,1.0,1,1
C05982,2024-04-10,10,0,15.1,3,10,0.881,0.306,1,1
C05983,2024-03-20,21,0,-3.32,1,12,0.776,0.35,0,0
C05984,2024-01-07,1,1,-0.55,2,5,0.963,0.545,1,0
C05985,2024-05-23,19,0,-6.69,3,1,1.174,0.584,2,1
C05986,2024-02-03,10,0,5.07,1,1,0.989,0.791,0,0
C05987,2024-06-06,8,0,12.23,3,1,0.994,0.876,1,0
C05988,2024-05-06,14,1,4.02,4,1,0.867,0.522,0,0
C05989,2024-02-07,8,1,-0.09,2,4,1.146,0.832,0,0
C05990,2024-02-23,2,0,-6.71,1,24,0.972,0.299,0,1
C05991,2024-03-10,25,0,0.07,0,5,0.515,0.406,1,1
C05992,2024-03-24,14,0,11.05,2,4,0.535,0.62,0,0
C05993,2024-05-09,9,1,-1.28,4,10,0.867,0.595,1,0
C05994,2024-02-18,5,0,-14.52,5,2,1.233,0.405,0,0
C05995,2024-02-12,3,0,-2.88,3,11,1.237,0.838,0,0
C05996,2024-03-14,14,0,-2.23,1,10,1.141,0.86,0,0
C05997,2024-02-27,44,1,-5.83,2,4,0.942,0.438,0,0
C05998,2024-02-24,14,0,1.86,0,29,1.221,0.602,1,0
C05999,2024-03-04,4,0,4.05,1,12,0.759,0.889,0,0
